PeriodFrom,PeriodTo,CarbonIntensity,CarbonIntensityRolling,Asset_load,New_asset_load,New_asset_load_rolling
2024-06-01 23:30:00,2024-06-02 00:00:00,159,,1,1,
2024-06-02 00:00:00,2024-06-02 00:30:00,163,,1,1,
2024-06-02 00:30:00,2024-06-02 01:00:00,160,,1,1,
2024-06-02 01:00:00,2024-06-02 01:30:00,151,,1,1,
2024-06-02 01:30:00,2024-06-02 02:00:00,129,,1,1,
2024-06-02 02:00:00,2024-06-02 02:30:00,114,,1,1,
2024-06-02 02:30:00,2024-06-02 03:00:00,120,,1,1,
2024-06-02 03:00:00,2024-06-02 03:30:00,117,,1,1,
2024-06-02 03:30:00,2024-06-02 04:00:00,127,,1,1,
2024-06-02 04:00:00,2024-06-02 04:30:00,140,,1,1,
2024-06-02 04:30:00,2024-06-02 05:00:00,144,,1,1,
2024-06-02 05:00:00,2024-06-02 05:30:00,149,,1,1,
2024-06-02 05:30:00,2024-06-02 06:00:00,135,,1,1,
2024-06-02 06:00:00,2024-06-02 06:30:00,133,,1,1,
2024-06-02 06:30:00,2024-06-02 07:00:00,133,,1,1,
2024-06-02 07:00:00,2024-06-02 07:30:00,131,,1,1,
2024-06-02 07:30:00,2024-06-02 08:00:00,122,,1,1,
2024-06-02 08:00:00,2024-06-02 08:30:00,112,,1,1,
2024-06-02 08:30:00,2024-06-02 09:00:00,98,,1,1,
2024-06-02 09:00:00,2024-06-02 09:30:00,93,,1,1,
2024-06-02 09:30:00,2024-06-02 10:00:00,92,,1,1,
2024-06-02 10:00:00,2024-06-02 10:30:00,75,,1,1,
2024-06-02 10:30:00,2024-06-02 11:00:00,64,,1,1,
2024-06-02 11:00:00,2024-06-02 11:30:00,63,,1,1,
2024-06-02 11:30:00,2024-06-02 12:00:00,69,,1,1,
2024-06-02 12:00:00,2024-06-02 12:30:00,104,,1,1,
2024-06-02 12:30:00,2024-06-02 13:00:00,102,,1,1,
2024-06-02 13:00:00,2024-06-02 13:30:00,103,,1,1,
2024-06-02 13:30:00,2024-06-02 14:00:00,112,,1,1,
2024-06-02 14:00:00,2024-06-02 14:30:00,118,,1,1,
2024-06-02 14:30:00,2024-06-02 15:00:00,144,,1,1,
2024-06-02 15:00:00,2024-06-02 15:30:00,160,,1,1,
2024-06-02 15:30:00,2024-06-02 16:00:00,182,,1,1,
2024-06-02 16:00:00,2024-06-02 16:30:00,213,,1,1,
2024-06-02 16:30:00,2024-06-02 17:00:00,234,,1,1,
2024-06-02 17:00:00,2024-06-02 17:30:00,245,,1,1,
2024-06-02 17:30:00,2024-06-02 18:00:00,248,,1,1,
2024-06-02 18:00:00,2024-06-02 18:30:00,250,,1,1,
2024-06-02 18:30:00,2024-06-02 19:00:00,252,,1,1,
2024-06-02 19:00:00,2024-06-02 19:30:00,255,,1,1,
2024-06-02 19:30:00,2024-06-02 20:00:00,260,,1,1,
2024-06-02 20:00:00,2024-06-02 20:30:00,260,,1,1,
2024-06-02 20:30:00,2024-06-02 21:00:00,258,,1,1,
2024-06-02 21:00:00,2024-06-02 21:30:00,251,,1,1,
2024-06-02 21:30:00,2024-06-02 22:00:00,235,,1,1,
2024-06-02 22:00:00,2024-06-02 22:30:00,215,,1,1,
2024-06-02 22:30:00,2024-06-02 23:00:00,200,,1,1,
2024-06-02 23:00:00,2024-06-02 23:30:00,194,,1,1,
2024-06-02 23:30:00,2024-06-03 00:00:00,199,,1,1,
2024-06-03 00:00:00,2024-06-03 00:30:00,187,,1,1,
2024-06-03 00:30:00,2024-06-03 01:00:00,178,,1,1,
2024-06-03 01:00:00,2024-06-03 01:30:00,166,,1,1,
2024-06-03 01:30:00,2024-06-03 02:00:00,161,,1,1,
2024-06-03 02:00:00,2024-06-03 02:30:00,183,,1,1,
2024-06-03 02:30:00,2024-06-03 03:00:00,170,,1,1,
2024-06-03 03:00:00,2024-06-03 03:30:00,177,,1,1,
2024-06-03 03:30:00,2024-06-03 04:00:00,185,,1,1,
2024-06-03 04:00:00,2024-06-03 04:30:00,192,,1,1,
2024-06-03 04:30:00,2024-06-03 05:00:00,204,,1,1,
2024-06-03 05:00:00,2024-06-03 05:30:00,220,,1,1,
2024-06-03 05:30:00,2024-06-03 06:00:00,215,,1,1,
2024-06-03 06:00:00,2024-06-03 06:30:00,210,,1,1,
2024-06-03 06:30:00,2024-06-03 07:00:00,207,,1,1,
2024-06-03 07:00:00,2024-06-03 07:30:00,194,,1,1,
2024-06-03 07:30:00,2024-06-03 08:00:00,182,,1,1,
2024-06-03 08:00:00,2024-06-03 08:30:00,189,,1,1,
2024-06-03 08:30:00,2024-06-03 09:00:00,187,,1,1,
2024-06-03 09:00:00,2024-06-03 09:30:00,174,,1,1,
2024-06-03 09:30:00,2024-06-03 10:00:00,177,,1,1,
2024-06-03 10:00:00,2024-06-03 10:30:00,187,,1,1,
2024-06-03 10:30:00,2024-06-03 11:00:00,193,,1,1,
2024-06-03 11:00:00,2024-06-03 11:30:00,186,,1,1,
2024-06-03 11:30:00,2024-06-03 12:00:00,196,,1,1,
2024-06-03 12:00:00,2024-06-03 12:30:00,200,,1,1,
2024-06-03 12:30:00,2024-06-03 13:00:00,199,,1,1,
2024-06-03 13:00:00,2024-06-03 13:30:00,204,,1,1,
2024-06-03 13:30:00,2024-06-03 14:00:00,204,,1,1,
2024-06-03 14:00:00,2024-06-03 14:30:00,221,,1,1,
2024-06-03 14:30:00,2024-06-03 15:00:00,241,,1,1,
2024-06-03 15:00:00,2024-06-03 15:30:00,256,,1,1,
2024-06-03 15:30:00,2024-06-03 16:00:00,267,,1,1,
2024-06-03 16:00:00,2024-06-03 16:30:00,285,,1,1,
2024-06-03 16:30:00,2024-06-03 17:00:00,282,,1,1,
2024-06-03 17:00:00,2024-06-03 17:30:00,292,,1,1,
2024-06-03 17:30:00,2024-06-03 18:00:00,299,,1,1,
2024-06-03 18:00:00,2024-06-03 18:30:00,309,,1,1,
2024-06-03 18:30:00,2024-06-03 19:00:00,308,,1,1,
2024-06-03 19:00:00,2024-06-03 19:30:00,289,,1,1,
2024-06-03 19:30:00,2024-06-03 20:00:00,293,,1,1,
2024-06-03 20:00:00,2024-06-03 20:30:00,295,,1,1,
2024-06-03 20:30:00,2024-06-03 21:00:00,289,,1,1,
2024-06-03 21:00:00,2024-06-03 21:30:00,277,,1,1,
2024-06-03 21:30:00,2024-06-03 22:00:00,248,,1,1,
2024-06-03 22:00:00,2024-06-03 22:30:00,225,,1,1,
2024-06-03 22:30:00,2024-06-03 23:00:00,219,,1,1,
2024-06-03 23:00:00,2024-06-03 23:30:00,210,,1,1,
2024-06-03 23:30:00,2024-06-04 00:00:00,188,,1,1,
2024-06-04 00:00:00,2024-06-04 00:30:00,174,,1,1,
2024-06-04 00:30:00,2024-06-04 01:00:00,176,,1,1,
2024-06-04 01:00:00,2024-06-04 01:30:00,169,189.26,1,1,1.0
2024-06-04 01:30:00,2024-06-04 02:00:00,165,189.32,1,0,0.99
2024-06-04 02:00:00,2024-06-04 02:30:00,169,189.38,1,1,0.99
2024-06-04 02:30:00,2024-06-04 03:00:00,179,189.57,1,1,0.99
2024-06-04 03:00:00,2024-06-04 03:30:00,177,189.83,1,1,0.99
2024-06-04 03:30:00,2024-06-04 04:00:00,179,190.33,1,1,0.99
2024-06-04 04:00:00,2024-06-04 04:30:00,183,191.02,1,1,0.99
2024-06-04 04:30:00,2024-06-04 05:00:00,167,191.49,1,1,0.99
2024-06-04 05:00:00,2024-06-04 05:30:00,169,192.01,1,1,0.99
2024-06-04 05:30:00,2024-06-04 06:00:00,176,192.5,1,1,0.99
2024-06-04 06:00:00,2024-06-04 06:30:00,171,192.81,1,1,0.99
2024-06-04 06:30:00,2024-06-04 07:00:00,171,193.08,1,0,0.98
2024-06-04 07:00:00,2024-06-04 07:30:00,160,193.19,1,1,0.98
2024-06-04 07:30:00,2024-06-04 08:00:00,137,193.21,1,1,0.98
2024-06-04 08:00:00,2024-06-04 08:30:00,122,193.1,1,1,0.98
2024-06-04 08:30:00,2024-06-04 09:00:00,125,193.02,1,1,0.98
2024-06-04 09:00:00,2024-06-04 09:30:00,123,192.94,1,1,0.98
2024-06-04 09:30:00,2024-06-04 10:00:00,103,192.75,1,1,0.98
2024-06-04 10:00:00,2024-06-04 10:30:00,97,192.6,1,1,0.98
2024-06-04 10:30:00,2024-06-04 11:00:00,95,192.57,1,1,0.98
2024-06-04 11:00:00,2024-06-04 11:30:00,89,192.53,1,1,0.98
2024-06-04 11:30:00,2024-06-04 12:00:00,80,192.41,1,0,0.97
2024-06-04 12:00:00,2024-06-04 12:30:00,28,191.94,1,1,0.97
2024-06-04 12:30:00,2024-06-04 13:00:00,60,191.9,1,1,0.97
2024-06-04 13:00:00,2024-06-04 13:30:00,68,191.95,1,1,0.97
2024-06-04 13:30:00,2024-06-04 14:00:00,71,191.97,1,1,0.97
2024-06-04 14:00:00,2024-06-04 14:30:00,76,191.69,1,1,0.97
2024-06-04 14:30:00,2024-06-04 15:00:00,78,191.45,1,1,0.97
2024-06-04 15:00:00,2024-06-04 15:30:00,85,191.27,1,1,0.97
2024-06-04 15:30:00,2024-06-04 16:00:00,88,191.03,1,1,0.97
2024-06-04 16:00:00,2024-06-04 16:30:00,100,190.85,1,1,0.97
2024-06-04 16:30:00,2024-06-04 17:00:00,111,190.52,1,0,0.96
2024-06-04 17:00:00,2024-06-04 17:30:00,118,190.1,1,1,0.96
2024-06-04 17:30:00,2024-06-04 18:00:00,113,189.41,1,1,0.96
2024-06-04 18:00:00,2024-06-04 18:30:00,125,188.53,1,1,0.96
2024-06-04 18:30:00,2024-06-04 19:00:00,124,187.43,1,1,0.96
2024-06-04 19:00:00,2024-06-04 19:30:00,122,186.2,1,1,0.96
2024-06-04 19:30:00,2024-06-04 20:00:00,124,184.96,1,1,0.96
2024-06-04 20:00:00,2024-06-04 20:30:00,126,183.72,1,1,0.96
2024-06-04 20:30:00,2024-06-04 21:00:00,121,182.41,1,1,0.96
2024-06-04 21:00:00,2024-06-04 21:30:00,85,180.71,1,1,0.96
2024-06-04 21:30:00,2024-06-04 22:00:00,75,178.86,1,0,0.95
2024-06-04 22:00:00,2024-06-04 22:30:00,74,177.0,1,1,0.95
2024-06-04 22:30:00,2024-06-04 23:00:00,89,175.31,1,1,0.95
2024-06-04 23:00:00,2024-06-04 23:30:00,119,173.99,1,1,0.95
2024-06-04 23:30:00,2024-06-05 00:00:00,112,172.76,1,1,0.95
2024-06-05 00:00:00,2024-06-05 00:30:00,101,171.62,1,1,0.95
2024-06-05 00:30:00,2024-06-05 01:00:00,96,170.58,1,1,0.95
2024-06-05 01:00:00,2024-06-05 01:30:00,99,169.63,1,1,0.95
2024-06-05 01:30:00,2024-06-05 02:00:00,104,168.68,1,1,0.95
2024-06-05 02:00:00,2024-06-05 02:30:00,108,167.89,1,1,0.95
2024-06-05 02:30:00,2024-06-05 03:00:00,109,167.2,1,0,0.94
2024-06-05 03:00:00,2024-06-05 03:30:00,115,166.69,1,1,0.94
2024-06-05 03:30:00,2024-06-05 04:00:00,116,166.24,1,1,0.94
2024-06-05 04:00:00,2024-06-05 04:30:00,121,165.62,1,1,0.94
2024-06-05 04:30:00,2024-06-05 05:00:00,114,165.06,1,1,0.94
2024-06-05 05:00:00,2024-06-05 05:30:00,116,164.45,1,1,0.94
2024-06-05 05:30:00,2024-06-05 06:00:00,111,163.71,1,1,0.94
2024-06-05 06:00:00,2024-06-05 06:30:00,105,162.84,1,1,0.94
2024-06-05 06:30:00,2024-06-05 07:00:00,95,161.75,1,1,0.94
2024-06-05 07:00:00,2024-06-05 07:30:00,86,160.41,1,1,0.94
2024-06-05 07:30:00,2024-06-05 08:00:00,90,159.16,1,0,0.93
2024-06-05 08:00:00,2024-06-05 08:30:00,82,157.88,1,1,0.93
2024-06-05 08:30:00,2024-06-05 09:00:00,64,156.45,1,1,0.93
2024-06-05 09:00:00,2024-06-05 09:30:00,54,155.05,1,1,0.93
2024-06-05 09:30:00,2024-06-05 10:00:00,57,153.8,1,1,0.93
2024-06-05 10:00:00,2024-06-05 10:30:00,57,152.48,1,1,0.93
2024-06-05 10:30:00,2024-06-05 11:00:00,56,151.17,1,1,0.93
2024-06-05 11:00:00,2024-06-05 11:30:00,49,149.92,1,1,0.93
2024-06-05 11:30:00,2024-06-05 12:00:00,54,148.69,1,1,0.93
2024-06-05 12:00:00,2024-06-05 12:30:00,48,147.3,1,1,0.93
2024-06-05 12:30:00,2024-06-05 13:00:00,52,145.89,1,0,0.92
2024-06-05 13:00:00,2024-06-05 13:30:00,53,144.56,1,1,0.92
2024-06-05 13:30:00,2024-06-05 14:00:00,60,143.2,1,1,0.92
2024-06-05 14:00:00,2024-06-05 14:30:00,74,141.94,1,1,0.92
2024-06-05 14:30:00,2024-06-05 15:00:00,71,140.66,1,1,0.92
2024-06-05 15:00:00,2024-06-05 15:30:00,75,139.37,1,1,0.92
2024-06-05 15:30:00,2024-06-05 16:00:00,86,138.19,1,1,0.92
2024-06-05 16:00:00,2024-06-05 16:30:00,100,136.98,1,1,0.92
2024-06-05 16:30:00,2024-06-05 17:00:00,137,135.94,1,1,0.92
2024-06-05 17:00:00,2024-06-05 17:30:00,157,134.95,1,1,0.92
2024-06-05 17:30:00,2024-06-05 18:00:00,174,134.02,1,0,0.91
2024-06-05 18:00:00,2024-06-05 18:30:00,187,133.04,1,1,0.91
2024-06-05 18:30:00,2024-06-05 19:00:00,199,132.21,1,1,0.91
2024-06-05 19:00:00,2024-06-05 19:30:00,206,131.35,1,1,0.91
2024-06-05 19:30:00,2024-06-05 20:00:00,204,130.4,1,1,0.91
2024-06-05 20:00:00,2024-06-05 20:30:00,201,129.32,1,1,0.91
2024-06-05 20:30:00,2024-06-05 21:00:00,196,128.2,1,1,0.91
2024-06-05 21:00:00,2024-06-05 21:30:00,182,127.13,1,1,0.91
2024-06-05 21:30:00,2024-06-05 22:00:00,157,125.77,1,1,0.91
2024-06-05 22:00:00,2024-06-05 22:30:00,140,124.22,1,1,0.91
2024-06-05 22:30:00,2024-06-05 23:00:00,138,122.71,1,0,0.9
2024-06-05 23:00:00,2024-06-05 23:30:00,133,121.27,1,1,0.9
2024-06-05 23:30:00,2024-06-06 00:00:00,111,119.9,1,1,0.9
2024-06-06 00:00:00,2024-06-06 00:30:00,117,118.82,1,1,0.9
2024-06-06 00:30:00,2024-06-06 01:00:00,117,117.8,1,1,0.9
2024-06-06 01:00:00,2024-06-06 01:30:00,121,116.91,1,1,0.9
2024-06-06 01:30:00,2024-06-06 02:00:00,124,116.27,1,1,0.9
2024-06-06 02:00:00,2024-06-06 02:30:00,132,115.85,1,1,0.9
2024-06-06 02:30:00,2024-06-06 03:00:00,130,115.39,1,1,0.9
2024-06-06 03:00:00,2024-06-06 03:30:00,131,115.01,1,1,0.9
2024-06-06 03:30:00,2024-06-06 04:00:00,141,114.77,1,0,0.9
2024-06-06 04:00:00,2024-06-06 04:30:00,158,114.66,1,1,0.9
2024-06-06 04:30:00,2024-06-06 05:00:00,177,114.64,1,1,0.9
2024-06-06 05:00:00,2024-06-06 05:30:00,198,114.85,1,1,0.9
2024-06-06 05:30:00,2024-06-06 06:00:00,209,115.15,1,1,0.9
2024-06-06 06:00:00,2024-06-06 06:30:00,199,115.31,1,1,0.9
2024-06-06 06:30:00,2024-06-06 07:00:00,207,115.71,1,1,0.9
2024-06-06 07:00:00,2024-06-06 07:30:00,196,115.98,1,1,0.9
2024-06-06 07:30:00,2024-06-06 08:00:00,170,115.92,1,1,0.9
2024-06-06 08:00:00,2024-06-06 08:30:00,156,115.77,1,1,0.9
2024-06-06 08:30:00,2024-06-06 09:00:00,136,115.42,1,0,0.9
2024-06-06 09:00:00,2024-06-06 09:30:00,122,115.04,1,1,0.9
2024-06-06 09:30:00,2024-06-06 10:00:00,113,114.8,1,1,0.9
2024-06-06 10:00:00,2024-06-06 10:30:00,109,114.67,1,1,0.9
2024-06-06 10:30:00,2024-06-06 11:00:00,102,114.44,1,1,0.9
2024-06-06 11:00:00,2024-06-06 11:30:00,107,114.28,1,1,0.9
2024-06-06 11:30:00,2024-06-06 12:00:00,98,114.23,1,1,0.9
2024-06-06 12:00:00,2024-06-06 12:30:00,96,114.22,1,1,0.9
2024-06-06 12:30:00,2024-06-06 13:00:00,91,114.18,1,13,1.02
2024-06-06 13:00:00,2024-06-06 13:30:00,94,114.23,1,1,1.02
2024-06-06 13:30:00,2024-06-06 14:00:00,97,114.4,1,1,1.03
2024-06-06 14:00:00,2024-06-06 14:30:00,112,115.24,1,1,1.03
2024-06-06 14:30:00,2024-06-06 15:00:00,119,115.83,1,1,1.03
2024-06-06 15:00:00,2024-06-06 15:30:00,130,116.45,1,1,1.03
2024-06-06 15:30:00,2024-06-06 16:00:00,202,117.76,1,1,1.03
2024-06-06 16:00:00,2024-06-06 16:30:00,220,119.2,1,1,1.03
2024-06-06 16:30:00,2024-06-06 17:00:00,247,120.89,1,1,1.03
2024-06-06 17:00:00,2024-06-06 17:30:00,260,122.64,1,1,1.03
2024-06-06 17:30:00,2024-06-06 18:00:00,273,124.49,1,1,1.03
2024-06-06 18:00:00,2024-06-06 18:30:00,275,126.24,1,1,1.03
2024-06-06 18:30:00,2024-06-06 19:00:00,262,127.75,1,0,1.03
2024-06-06 19:00:00,2024-06-06 19:30:00,263,129.2,1,1,1.03
2024-06-06 19:30:00,2024-06-06 20:00:00,246,130.53,1,1,1.03
2024-06-06 20:00:00,2024-06-06 20:30:00,231,131.59,1,1,1.03
2024-06-06 20:30:00,2024-06-06 21:00:00,234,132.69,1,1,1.03
2024-06-06 21:00:00,2024-06-06 21:30:00,234,133.81,1,1,1.03
2024-06-06 21:30:00,2024-06-06 22:00:00,206,134.63,1,1,1.03
2024-06-06 22:00:00,2024-06-06 22:30:00,179,135.16,1,1,1.03
2024-06-06 22:30:00,2024-06-06 23:00:00,173,135.68,1,1,1.03
2024-06-06 23:00:00,2024-06-06 23:30:00,170,136.53,1,1,1.03
2024-06-06 23:30:00,2024-06-07 00:00:00,187,137.65,1,0,1.03
2024-06-07 00:00:00,2024-06-07 00:30:00,186,138.77,1,1,1.03
2024-06-07 00:30:00,2024-06-07 01:00:00,185,139.73,1,1,1.03
2024-06-07 01:00:00,2024-06-07 01:30:00,181,140.35,1,1,1.03
2024-06-07 01:30:00,2024-06-07 02:00:00,178,141.01,1,1,1.03
2024-06-07 02:00:00,2024-06-07 02:30:00,182,141.82,1,1,1.03
2024-06-07 02:30:00,2024-06-07 03:00:00,183,142.69,1,1,1.03
2024-06-07 03:00:00,2024-06-07 03:30:00,178,143.48,1,1,1.03
2024-06-07 03:30:00,2024-06-07 04:00:00,184,144.28,1,1,1.03
2024-06-07 04:00:00,2024-06-07 04:30:00,182,145.02,1,1,1.03
2024-06-07 04:30:00,2024-06-07 05:00:00,182,145.75,1,0,1.03
2024-06-07 05:00:00,2024-06-07 05:30:00,177,146.37,1,1,1.03
2024-06-07 05:30:00,2024-06-07 06:00:00,175,146.96,1,1,1.03
2024-06-07 06:00:00,2024-06-07 06:30:00,157,147.32,1,1,1.03
2024-06-07 06:30:00,2024-06-07 07:00:00,123,147.41,1,1,1.03
2024-06-07 07:00:00,2024-06-07 07:30:00,104,147.29,1,1,1.03
2024-06-07 07:30:00,2024-06-07 08:00:00,87,147.05,1,1,1.03
2024-06-07 08:00:00,2024-06-07 08:30:00,67,146.67,1,1,1.03
2024-06-07 08:30:00,2024-06-07 09:00:00,56,146.28,1,1,1.03
2024-06-07 09:00:00,2024-06-07 09:30:00,50,145.92,1,1,1.03
2024-06-07 09:30:00,2024-06-07 10:00:00,56,145.58,1,0,1.03
2024-06-07 10:00:00,2024-06-07 10:30:00,66,145.42,1,1,1.03
2024-06-07 10:30:00,2024-06-07 11:00:00,62,145.4,1,1,1.03
2024-06-07 11:00:00,2024-06-07 11:30:00,62,145.48,1,1,1.03
2024-06-07 11:30:00,2024-06-07 12:00:00,65,145.56,1,1,1.03
2024-06-07 12:00:00,2024-06-07 12:30:00,66,145.65,1,1,1.03
2024-06-07 12:30:00,2024-06-07 13:00:00,73,145.82,1,1,1.03
2024-06-07 13:00:00,2024-06-07 13:30:00,71,146.04,1,1,1.03
2024-06-07 13:30:00,2024-06-07 14:00:00,74,146.24,1,1,1.03
2024-06-07 14:00:00,2024-06-07 14:30:00,76,146.52,1,1,1.03
2024-06-07 14:30:00,2024-06-07 15:00:00,86,146.86,1,0,1.03
2024-06-07 15:00:00,2024-06-07 15:30:00,114,147.47,1,1,1.03
2024-06-07 15:30:00,2024-06-07 16:00:00,134,148.21,1,1,1.03
2024-06-07 16:00:00,2024-06-07 16:30:00,161,149.08,1,1,1.03
2024-06-07 16:30:00,2024-06-07 17:00:00,187,150.24,1,1,1.03
2024-06-07 17:00:00,2024-06-07 17:30:00,207,151.56,1,1,1.03
2024-06-07 17:30:00,2024-06-07 18:00:00,228,152.98,1,1,1.03
2024-06-07 18:00:00,2024-06-07 18:30:00,236,154.34,1,1,1.03
2024-06-07 18:30:00,2024-06-07 19:00:00,238,155.35,1,1,1.03
2024-06-07 19:00:00,2024-06-07 19:30:00,240,156.18,1,1,1.03
2024-06-07 19:30:00,2024-06-07 20:00:00,247,156.91,1,0,1.03
2024-06-07 20:00:00,2024-06-07 20:30:00,249,157.53,1,1,1.03
2024-06-07 20:30:00,2024-06-07 21:00:00,241,157.95,1,1,1.03
2024-06-07 21:00:00,2024-06-07 21:30:00,226,158.15,1,1,1.03
2024-06-07 21:30:00,2024-06-07 22:00:00,189,158.0,1,1,1.03
2024-06-07 22:00:00,2024-06-07 22:30:00,153,157.52,1,1,1.03
2024-06-07 22:30:00,2024-06-07 23:00:00,156,157.12,1,1,1.03
2024-06-07 23:00:00,2024-06-07 23:30:00,170,157.0,1,1,1.03
2024-06-07 23:30:00,2024-06-08 00:00:00,169,157.12,1,1,1.03
2024-06-08 00:00:00,2024-06-08 00:30:00,168,157.4,1,1,1.03
2024-06-08 00:30:00,2024-06-08 01:00:00,167,157.69,1,0,1.03
2024-06-08 01:00:00,2024-06-08 01:30:00,159,157.95,1,1,1.03
2024-06-08 01:30:00,2024-06-08 02:00:00,165,158.49,1,1,1.03
2024-06-08 02:00:00,2024-06-08 02:30:00,174,159.06,1,1,1.03
2024-06-08 02:30:00,2024-06-08 03:00:00,163,159.52,1,1,1.03
2024-06-08 03:00:00,2024-06-08 03:30:00,166,159.97,1,1,1.03
2024-06-08 03:30:00,2024-06-08 04:00:00,72,159.45,1,1,1.03
2024-06-08 04:00:00,2024-06-08 04:30:00,30,158.43,1,1,1.03
2024-06-08 04:30:00,2024-06-08 05:00:00,137,158.5,1,1,1.03
2024-06-08 05:00:00,2024-06-08 05:30:00,141,158.6,1,1,1.03
2024-06-08 05:30:00,2024-06-08 06:00:00,148,158.67,1,0,1.03
2024-06-08 06:00:00,2024-06-08 06:30:00,137,158.46,1,1,1.03
2024-06-08 06:30:00,2024-06-08 07:00:00,125,157.94,1,1,1.03
2024-06-08 07:00:00,2024-06-08 07:30:00,134,157.3,1,1,1.03
2024-06-08 07:30:00,2024-06-08 08:00:00,136,156.57,1,1,1.03
2024-06-08 08:00:00,2024-06-08 08:30:00,134,155.92,1,1,1.03
2024-06-08 08:30:00,2024-06-08 09:00:00,128,155.13,1,1,1.03
2024-06-08 09:00:00,2024-06-08 09:30:00,123,154.4,1,1,1.03
2024-06-08 09:30:00,2024-06-08 10:00:00,121,153.91,1,1,1.03
2024-06-08 10:00:00,2024-06-08 10:30:00,119,153.54,1,1,1.03
2024-06-08 10:30:00,2024-06-08 11:00:00,111,153.29,1,0,1.03
2024-06-08 11:00:00,2024-06-08 11:30:00,102,153.09,1,1,1.03
2024-06-08 11:30:00,2024-06-08 12:00:00,89,152.85,1,1,1.03
2024-06-08 12:00:00,2024-06-08 12:30:00,83,152.59,1,1,1.03
2024-06-08 12:30:00,2024-06-08 13:00:00,83,152.4,1,1,1.03
2024-06-08 13:00:00,2024-06-08 13:30:00,85,152.18,1,1,1.03
2024-06-08 13:30:00,2024-06-08 14:00:00,93,152.13,1,1,1.03
2024-06-08 14:00:00,2024-06-08 14:30:00,93,152.1,1,1,1.03
2024-06-08 14:30:00,2024-06-08 15:00:00,94,152.13,1,1,0.91
2024-06-08 15:00:00,2024-06-08 15:30:00,108,152.27,1,1,0.91
2024-06-08 15:30:00,2024-06-08 16:00:00,118,152.48,1,0,0.9
2024-06-08 16:00:00,2024-06-08 16:30:00,147,152.83,1,1,0.9
2024-06-08 16:30:00,2024-06-08 17:00:00,155,153.19,1,1,0.9
2024-06-08 17:00:00,2024-06-08 17:30:00,158,153.47,1,1,0.9
2024-06-08 17:30:00,2024-06-08 18:00:00,170,153.15,1,1,0.9
2024-06-08 18:00:00,2024-06-08 18:30:00,175,152.7,1,1,0.9
2024-06-08 18:30:00,2024-06-08 19:00:00,174,151.97,1,1,0.9
2024-06-08 19:00:00,2024-06-08 19:30:00,167,151.04,1,1,0.9
2024-06-08 19:30:00,2024-06-08 20:00:00,140,149.71,1,1,0.9
2024-06-08 20:00:00,2024-06-08 20:30:00,121,148.17,1,1,0.9
2024-06-08 20:30:00,2024-06-08 21:00:00,120,146.75,1,0,0.9
2024-06-08 21:00:00,2024-06-08 21:30:00,112,145.24,1,1,0.9
2024-06-08 21:30:00,2024-06-08 22:00:00,110,143.88,1,1,0.9
2024-06-08 22:00:00,2024-06-08 22:30:00,99,142.56,1,1,0.9
2024-06-08 22:30:00,2024-06-08 23:00:00,97,141.19,1,1,0.9
2024-06-08 23:00:00,2024-06-08 23:30:00,88,139.73,1,1,0.9
2024-06-08 23:30:00,2024-06-09 00:00:00,87,138.54,1,1,0.9
2024-06-09 00:00:00,2024-06-09 00:30:00,93,137.68,1,1,0.9
2024-06-09 00:30:00,2024-06-09 01:00:00,102,136.97,1,1,0.9
2024-06-09 01:00:00,2024-06-09 01:30:00,111,136.38,1,1,0.9
2024-06-09 01:30:00,2024-06-09 02:00:00,113,135.64,1,0,0.9
2024-06-09 02:00:00,2024-06-09 02:30:00,108,134.86,1,1,0.9
2024-06-09 02:30:00,2024-06-09 03:00:00,110,134.11,1,1,0.9
2024-06-09 03:00:00,2024-06-09 03:30:00,109,133.39,1,1,0.9
2024-06-09 03:30:00,2024-06-09 04:00:00,112,132.73,1,1,0.9
2024-06-09 04:00:00,2024-06-09 04:30:00,109,132.0,1,1,0.9
2024-06-09 04:30:00,2024-06-09 05:00:00,115,131.32,1,1,0.9
2024-06-09 05:00:00,2024-06-09 05:30:00,119,130.73,1,1,0.9
2024-06-09 05:30:00,2024-06-09 06:00:00,118,130.07,1,1,0.9
2024-06-09 06:00:00,2024-06-09 06:30:00,114,129.39,1,1,0.9
2024-06-09 06:30:00,2024-06-09 07:00:00,99,128.56,1,0,0.9
2024-06-09 07:00:00,2024-06-09 07:30:00,111,127.9,1,1,0.9
2024-06-09 07:30:00,2024-06-09 08:00:00,97,127.12,1,1,0.9
2024-06-09 08:00:00,2024-06-09 08:30:00,90,126.45,1,1,0.9
2024-06-09 08:30:00,2024-06-09 09:00:00,85,126.07,1,1,0.9
2024-06-09 09:00:00,2024-06-09 09:30:00,88,125.91,1,14,1.03
2024-06-09 09:30:00,2024-06-09 10:00:00,95,125.99,1,1,1.03
2024-06-09 10:00:00,2024-06-09 10:30:00,105,126.37,1,1,1.03
2024-06-09 10:30:00,2024-06-09 11:00:00,126,127.07,1,1,1.03
2024-06-09 11:00:00,2024-06-09 11:30:00,129,127.86,1,1,1.03
2024-06-09 11:30:00,2024-06-09 12:00:00,101,128.31,1,1,1.04
2024-06-09 12:00:00,2024-06-09 12:30:00,108,128.73,1,1,1.04
2024-06-09 12:30:00,2024-06-09 13:00:00,117,129.28,1,1,1.04
2024-06-09 13:00:00,2024-06-09 13:30:00,122,129.88,1,1,1.04
2024-06-09 13:30:00,2024-06-09 14:00:00,132,130.55,1,1,1.04
2024-06-09 14:00:00,2024-06-09 14:30:00,154,131.43,1,1,1.04
2024-06-09 14:30:00,2024-06-09 15:00:00,175,132.45,1,1,1.04
2024-06-09 15:00:00,2024-06-09 15:30:00,212,133.86,1,1,1.04
2024-06-09 15:30:00,2024-06-09 16:00:00,235,135.47,1,1,1.04
2024-06-09 16:00:00,2024-06-09 16:30:00,262,137.33,1,1,1.04
2024-06-09 16:30:00,2024-06-09 17:00:00,269,139.16,1,0,1.04
2024-06-09 17:00:00,2024-06-09 17:30:00,270,140.72,1,1,1.04
2024-06-09 17:30:00,2024-06-09 18:00:00,281,142.19,1,1,1.04
2024-06-09 18:00:00,2024-06-09 18:30:00,288,143.46,1,1,1.04
2024-06-09 18:30:00,2024-06-09 19:00:00,288,144.47,1,1,1.04
2024-06-09 19:00:00,2024-06-09 19:30:00,295,145.35,1,1,1.04
2024-06-09 19:30:00,2024-06-09 20:00:00,288,145.95,1,1,1.04
2024-06-09 20:00:00,2024-06-09 20:30:00,273,146.32,1,1,1.04
2024-06-09 20:30:00,2024-06-09 21:00:00,237,146.31,1,1,1.04
2024-06-09 21:00:00,2024-06-09 21:30:00,223,146.14,1,1,1.04
2024-06-09 21:30:00,2024-06-09 22:00:00,200,145.67,1,0,1.04
2024-06-09 22:00:00,2024-06-09 22:30:00,188,145.06,1,1,1.04
2024-06-09 22:30:00,2024-06-09 23:00:00,186,144.51,1,1,1.04
2024-06-09 23:00:00,2024-06-09 23:30:00,179,144.04,1,1,1.04
2024-06-09 23:30:00,2024-06-10 00:00:00,175,143.9,1,1,1.04
2024-06-10 00:00:00,2024-06-10 00:30:00,179,144.16,1,1,1.04
2024-06-10 00:30:00,2024-06-10 01:00:00,175,144.35,1,1,1.04
2024-06-10 01:00:00,2024-06-10 01:30:00,175,144.4,1,1,1.04
2024-06-10 01:30:00,2024-06-10 02:00:00,175,144.46,1,1,1.04
2024-06-10 02:00:00,2024-06-10 02:30:00,168,144.46,1,1,1.04
2024-06-10 02:30:00,2024-06-10 03:00:00,163,144.42,1,0,1.04
2024-06-10 03:00:00,2024-06-10 03:30:00,163,144.46,1,1,1.04
2024-06-10 03:30:00,2024-06-10 04:00:00,156,144.37,1,1,1.04
2024-06-10 04:00:00,2024-06-10 04:30:00,155,144.18,1,1,1.04
2024-06-10 04:30:00,2024-06-10 05:00:00,153,144.08,1,1,1.04
2024-06-10 05:00:00,2024-06-10 05:30:00,144,143.86,1,1,1.04
2024-06-10 05:30:00,2024-06-10 06:00:00,129,144.43,1,1,1.04
2024-06-10 06:00:00,2024-06-10 06:30:00,125,145.38,1,1,1.04
2024-06-10 06:30:00,2024-06-10 07:00:00,119,145.2,1,1,1.04
2024-06-10 07:00:00,2024-06-10 07:30:00,113,144.92,1,1,1.04
2024-06-10 07:30:00,2024-06-10 08:00:00,105,144.49,1,0,1.04
2024-06-10 08:00:00,2024-06-10 08:30:00,95,144.07,1,1,1.04
2024-06-10 08:30:00,2024-06-10 09:00:00,77,143.59,1,1,1.04
2024-06-10 09:00:00,2024-06-10 09:30:00,64,142.89,1,1,1.04
2024-06-10 09:30:00,2024-06-10 10:00:00,63,142.16,1,1,1.04
2024-06-10 10:00:00,2024-06-10 10:30:00,59,141.41,1,1,1.04
2024-06-10 10:30:00,2024-06-10 11:00:00,60,140.73,1,1,1.04
2024-06-10 11:00:00,2024-06-10 11:30:00,55,140.05,1,1,1.04
2024-06-10 11:30:00,2024-06-10 12:00:00,59,139.43,1,1,1.04
2024-06-10 12:00:00,2024-06-10 12:30:00,56,138.8,1,1,1.04
2024-06-10 12:30:00,2024-06-10 13:00:00,58,138.27,1,0,1.04
2024-06-10 13:00:00,2024-06-10 13:30:00,59,137.84,1,1,1.04
2024-06-10 13:30:00,2024-06-10 14:00:00,58,137.53,1,1,1.04
2024-06-10 14:00:00,2024-06-10 14:30:00,67,137.37,1,1,1.04
2024-06-10 14:30:00,2024-06-10 15:00:00,65,137.19,1,1,1.04
2024-06-10 15:00:00,2024-06-10 15:30:00,64,136.98,1,1,1.04
2024-06-10 15:30:00,2024-06-10 16:00:00,79,136.84,1,1,1.04
2024-06-10 16:00:00,2024-06-10 16:30:00,88,136.79,1,1,1.04
2024-06-10 16:30:00,2024-06-10 17:00:00,96,136.81,1,1,1.04
2024-06-10 17:00:00,2024-06-10 17:30:00,107,136.8,1,1,1.04
2024-06-10 17:30:00,2024-06-10 18:00:00,120,136.82,1,0,1.04
2024-06-10 18:00:00,2024-06-10 18:30:00,129,136.64,1,1,1.04
2024-06-10 18:30:00,2024-06-10 19:00:00,124,136.33,1,1,1.04
2024-06-10 19:00:00,2024-06-10 19:30:00,131,136.06,1,1,1.04
2024-06-10 19:30:00,2024-06-10 20:00:00,142,135.78,1,1,1.04
2024-06-10 20:00:00,2024-06-10 20:30:00,137,135.4,1,1,1.04
2024-06-10 20:30:00,2024-06-10 21:00:00,144,135.1,1,1,1.04
2024-06-10 21:00:00,2024-06-10 21:30:00,151,134.94,1,1,1.04
2024-06-10 21:30:00,2024-06-10 22:00:00,147,135.01,1,1,1.04
2024-06-10 22:00:00,2024-06-10 22:30:00,145,135.25,1,1,1.04
2024-06-10 22:30:00,2024-06-10 23:00:00,145,135.5,1,0,1.04
2024-06-10 23:00:00,2024-06-10 23:30:00,141,135.79,1,1,1.04
2024-06-10 23:30:00,2024-06-11 00:00:00,138,136.07,1,1,1.04
2024-06-11 00:00:00,2024-06-11 00:30:00,137,136.45,1,1,1.04
2024-06-11 00:30:00,2024-06-11 01:00:00,140,136.88,1,1,1.04
2024-06-11 01:00:00,2024-06-11 01:30:00,140,137.4,1,1,1.04
2024-06-11 01:30:00,2024-06-11 02:00:00,147,138.0,1,1,1.04
2024-06-11 02:00:00,2024-06-11 02:30:00,150,138.57,1,1,1.04
2024-06-11 02:30:00,2024-06-11 03:00:00,152,139.07,1,1,1.04
2024-06-11 03:00:00,2024-06-11 03:30:00,151,139.47,1,1,1.04
2024-06-11 03:30:00,2024-06-11 04:00:00,152,139.86,1,0,1.04
2024-06-11 04:00:00,2024-06-11 04:30:00,153,140.31,1,1,1.04
2024-06-11 04:30:00,2024-06-11 05:00:00,153,140.74,1,1,1.04
2024-06-11 05:00:00,2024-06-11 05:30:00,138,141.03,1,1,1.04
2024-06-11 05:30:00,2024-06-11 06:00:00,134,141.25,1,1,1.04
2024-06-11 06:00:00,2024-06-11 06:30:00,130,141.46,1,1,1.04
2024-06-11 06:30:00,2024-06-11 07:00:00,121,141.52,1,1,1.04
2024-06-11 07:00:00,2024-06-11 07:30:00,107,141.4,1,1,1.04
2024-06-11 07:30:00,2024-06-11 08:00:00,93,141.15,1,1,1.04
2024-06-11 08:00:00,2024-06-11 08:30:00,79,140.8,1,1,1.04
2024-06-11 08:30:00,2024-06-11 09:00:00,77,140.58,1,0,1.04
2024-06-11 09:00:00,2024-06-11 09:30:00,76,140.23,1,1,1.04
2024-06-11 09:30:00,2024-06-11 10:00:00,72,139.98,1,1,1.04
2024-06-11 10:00:00,2024-06-11 10:30:00,75,139.83,1,1,1.04
2024-06-11 10:30:00,2024-06-11 11:00:00,78,139.76,1,1,1.04
2024-06-11 11:00:00,2024-06-11 11:30:00,75,139.63,1,1,0.91
2024-06-11 11:30:00,2024-06-11 12:00:00,69,139.37,1,1,0.91
2024-06-11 12:00:00,2024-06-11 12:30:00,75,139.07,1,1,0.91
2024-06-11 12:30:00,2024-06-11 13:00:00,68,138.49,1,1,0.91
2024-06-11 13:00:00,2024-06-11 13:30:00,69,137.89,1,1,0.91
2024-06-11 13:30:00,2024-06-11 14:00:00,73,137.61,1,0,0.9
2024-06-11 14:00:00,2024-06-11 14:30:00,81,137.34,1,1,0.9
2024-06-11 14:30:00,2024-06-11 15:00:00,89,137.06,1,1,0.9
2024-06-11 15:00:00,2024-06-11 15:30:00,107,136.91,1,1,0.9
2024-06-11 15:30:00,2024-06-11 16:00:00,125,136.84,1,1,0.9
2024-06-11 16:00:00,2024-06-11 16:30:00,158,136.88,1,1,0.9
2024-06-11 16:30:00,2024-06-11 17:00:00,180,136.93,1,1,0.9
2024-06-11 17:00:00,2024-06-11 17:30:00,168,136.49,1,1,0.9
2024-06-11 17:30:00,2024-06-11 18:00:00,175,135.89,1,1,0.9
2024-06-11 18:00:00,2024-06-11 18:30:00,180,135.07,1,1,0.9
2024-06-11 18:30:00,2024-06-11 19:00:00,186,134.24,1,0,0.9
2024-06-11 19:00:00,2024-06-11 19:30:00,190,133.44,1,1,0.9
2024-06-11 19:30:00,2024-06-11 20:00:00,208,132.71,1,1,0.9
2024-06-11 20:00:00,2024-06-11 20:30:00,211,131.94,1,1,0.9
2024-06-11 20:30:00,2024-06-11 21:00:00,208,131.14,1,1,0.9
2024-06-11 21:00:00,2024-06-11 21:30:00,219,130.38,1,1,0.9
2024-06-11 21:30:00,2024-06-11 22:00:00,213,129.63,1,1,0.9
2024-06-11 22:00:00,2024-06-11 22:30:00,198,128.88,1,12,1.01
2024-06-11 22:30:00,2024-06-11 23:00:00,264,129.15,1,1,1.01
2024-06-12 10:00:00,2024-06-12 10:30:00,295,129.87,1,1,1.01
2024-06-12 10:30:00,2024-06-12 11:00:00,295,130.82,1,1,1.02
2024-06-12 11:00:00,2024-06-12 11:30:00,304,131.98,1,1,1.02
2024-06-12 11:30:00,2024-06-12 12:00:00,300,133.12,1,1,1.02
2024-06-12 12:00:00,2024-06-12 12:30:00,301,134.34,1,1,1.02
2024-06-12 12:30:00,2024-06-12 13:00:00,281,135.4,1,1,1.02
2024-06-12 13:00:00,2024-06-12 13:30:00,288,136.49,1,1,1.02
2024-06-12 13:30:00,2024-06-12 14:00:00,292,137.66,1,1,1.02
2024-06-12 14:00:00,2024-06-12 14:30:00,300,138.91,1,1,1.02
2024-06-12 14:30:00,2024-06-12 15:00:00,315,140.31,1,1,1.02
2024-06-12 15:00:00,2024-06-12 15:30:00,317,141.8,1,1,1.02
2024-06-12 15:30:00,2024-06-12 16:00:00,323,143.4,1,0,1.02
2024-06-12 16:00:00,2024-06-12 16:30:00,316,144.93,1,1,1.02
2024-06-12 16:30:00,2024-06-12 17:00:00,318,146.55,1,1,1.02
2024-06-12 17:00:00,2024-06-12 17:30:00,319,148.19,1,1,1.02
2024-06-12 17:30:00,2024-06-12 18:00:00,325,149.91,1,1,1.02
2024-06-12 18:00:00,2024-06-12 18:30:00,327,151.74,1,1,1.02
2024-06-12 18:30:00,2024-06-12 19:00:00,331,153.76,1,1,1.02
2024-06-12 19:00:00,2024-06-12 19:30:00,336,155.87,1,1,1.02
2024-06-12 19:30:00,2024-06-12 20:00:00,340,158.08,1,1,1.02
2024-06-12 20:00:00,2024-06-12 20:30:00,336,160.31,1,1,1.02
2024-06-12 20:30:00,2024-06-12 21:00:00,343,162.69,1,0,1.02
2024-06-12 21:00:00,2024-06-12 21:30:00,339,165.13,1,1,1.02
2024-06-12 21:30:00,2024-06-12 22:00:00,331,167.67,1,1,1.02
2024-06-12 22:00:00,2024-06-12 22:30:00,326,170.29,1,1,1.02
2024-06-12 22:30:00,2024-06-12 23:00:00,322,172.88,1,1,1.02
2024-06-12 23:00:00,2024-06-12 23:30:00,316,175.45,1,1,1.02
2024-06-12 23:30:00,2024-06-13 00:00:00,294,177.79,1,1,1.02
2024-06-13 00:00:00,2024-06-13 00:30:00,293,180.17,1,1,1.02
2024-06-13 00:30:00,2024-06-13 01:00:00,297,182.55,1,1,1.02
2024-06-13 01:00:00,2024-06-13 01:30:00,271,184.7,1,1,1.02
2024-06-13 01:30:00,2024-06-13 02:00:00,293,187.05,1,0,1.02
2024-06-13 02:00:00,2024-06-13 02:30:00,296,189.42,1,1,1.02
2024-06-13 02:30:00,2024-06-13 03:00:00,302,191.86,1,1,1.02
2024-06-13 03:00:00,2024-06-13 03:30:00,299,194.18,1,1,1.02
2024-06-13 03:30:00,2024-06-13 04:00:00,298,196.51,1,1,1.02
2024-06-13 04:00:00,2024-06-13 04:30:00,302,198.89,1,1,1.02
2024-06-13 04:30:00,2024-06-13 05:00:00,278,200.88,1,1,1.02
2024-06-13 05:00:00,2024-06-13 05:30:00,300,203.0,1,1,1.02
2024-06-13 05:30:00,2024-06-13 06:00:00,302,205.06,1,1,1.02
2024-06-13 06:00:00,2024-06-13 06:30:00,289,206.88,1,1,1.02
2024-06-13 06:30:00,2024-06-13 07:00:00,267,208.35,1,0,1.02
2024-06-13 07:00:00,2024-06-13 07:30:00,239,209.45,1,1,1.02
2024-06-13 07:30:00,2024-06-13 08:00:00,225,210.46,1,1,1.02
2024-06-13 08:00:00,2024-06-13 08:30:00,208,211.23,1,1,1.02
2024-06-13 08:30:00,2024-06-13 09:00:00,200,211.81,1,1,1.02
2024-06-13 09:00:00,2024-06-13 09:30:00,179,212.23,1,1,1.02
2024-06-13 09:30:00,2024-06-13 10:00:00,160,212.39,1,1,1.02
2024-06-13 10:00:00,2024-06-13 10:30:00,124,212.12,1,1,1.02
2024-06-13 10:30:00,2024-06-13 11:00:00,99,211.64,1,1,1.02
2024-06-13 11:00:00,2024-06-13 11:30:00,96,211.15,1,1,1.02
2024-06-13 11:30:00,2024-06-13 12:00:00,94,210.64,1,0,1.02
2024-06-13 12:00:00,2024-06-13 12:30:00,158,210.81,1,1,1.02
2024-06-13 12:30:00,2024-06-13 13:00:00,147,210.9,1,1,1.02
2024-06-13 13:00:00,2024-06-13 13:30:00,142,210.95,1,1,1.02
2024-06-13 13:30:00,2024-06-13 14:00:00,95,210.5,1,1,1.02
2024-06-13 14:00:00,2024-06-13 14:30:00,99,210.09,1,1,1.02
2024-06-13 14:30:00,2024-06-13 15:00:00,99,209.61,1,1,1.02
2024-06-13 15:00:00,2024-06-13 15:30:00,103,209.14,1,1,1.02
2024-06-13 15:30:00,2024-06-13 16:00:00,146,209.08,1,1,1.02
2024-06-13 16:00:00,2024-06-13 16:30:00,156,209.13,1,1,1.02
2024-06-13 16:30:00,2024-06-13 17:00:00,159,209.2,1,0,1.02
2024-06-13 17:00:00,2024-06-13 17:30:00,148,209.15,1,1,1.02
2024-06-13 17:30:00,2024-06-13 18:00:00,145,209.07,1,1,1.02
2024-06-13 18:00:00,2024-06-13 18:30:00,137,209.06,1,1,1.02
2024-06-13 18:30:00,2024-06-13 19:00:00,140,209.12,1,1,1.02
2024-06-13 19:00:00,2024-06-13 19:30:00,136,209.18,1,1,1.02
2024-06-13 19:30:00,2024-06-13 20:00:00,128,209.25,1,1,1.02
2024-06-13 20:00:00,2024-06-13 20:30:00,106,209.24,1,1,1.02
2024-06-13 20:30:00,2024-06-13 21:00:00,111,209.42,1,1,1.02
2024-06-13 21:00:00,2024-06-13 21:30:00,95,209.58,1,1,1.02
2024-06-13 21:30:00,2024-06-13 22:00:00,73,209.54,1,0,1.02
2024-06-13 22:00:00,2024-06-13 22:30:00,67,209.45,1,1,1.02
2024-06-13 22:30:00,2024-06-13 23:00:00,70,209.43,1,1,1.02
2024-06-13 23:00:00,2024-06-13 23:30:00,69,209.37,1,1,1.02
2024-06-13 23:30:00,2024-06-14 00:00:00,80,209.39,1,1,1.02
2024-06-14 00:00:00,2024-06-14 00:30:00,85,209.49,1,1,1.02
2024-06-14 00:30:00,2024-06-14 01:00:00,96,209.76,1,1,1.02
2024-06-14 01:00:00,2024-06-14 01:30:00,94,209.95,1,1,1.02
2024-06-14 01:30:00,2024-06-14 02:00:00,90,210.17,1,1,1.02
2024-06-14 02:00:00,2024-06-14 02:30:00,89,210.37,1,1,1.02
2024-06-14 02:30:00,2024-06-14 03:00:00,88,210.52,1,0,1.02
2024-06-14 03:00:00,2024-06-14 03:30:00,90,210.61,1,1,1.02
2024-06-14 03:30:00,2024-06-14 04:00:00,89,210.61,1,1,1.02
2024-06-14 04:00:00,2024-06-14 04:30:00,95,210.49,1,1,1.02
2024-06-14 04:30:00,2024-06-14 05:00:00,102,210.26,1,1,1.02
2024-06-14 05:00:00,2024-06-14 05:30:00,126,209.94,1,1,1.02
2024-06-14 05:30:00,2024-06-14 06:00:00,121,209.35,1,1,1.02
2024-06-14 06:00:00,2024-06-14 06:30:00,124,208.91,1,1,1.02
2024-06-14 06:30:00,2024-06-14 07:00:00,113,208.29,1,1,1.02
2024-06-14 07:00:00,2024-06-14 07:30:00,123,207.72,1,1,1.02
2024-06-14 07:30:00,2024-06-14 08:00:00,125,207.11,1,0,1.02
2024-06-14 08:00:00,2024-06-14 08:30:00,126,206.47,1,1,1.02
2024-06-14 08:30:00,2024-06-14 09:00:00,122,205.61,1,1,1.02
2024-06-14 09:00:00,2024-06-14 09:30:00,118,204.68,1,1,1.02
2024-06-14 09:30:00,2024-06-14 10:00:00,126,203.86,1,1,1.02
2024-06-14 10:00:00,2024-06-14 10:30:00,129,202.96,1,1,1.02
2024-06-14 10:30:00,2024-06-14 11:00:00,118,202.01,1,1,1.02
2024-06-14 11:00:00,2024-06-14 11:30:00,102,201.05,1,1,0.91
2024-06-14 11:30:00,2024-06-14 12:00:00,87,199.28,1,1,0.91
2024-06-14 12:00:00,2024-06-14 12:30:00,89,197.22,1,1,0.91
2024-06-14 12:30:00,2024-06-14 13:00:00,90,195.17,1,0,0.9
2024-06-14 13:00:00,2024-06-14 13:30:00,83,192.96,1,1,0.9
2024-06-14 13:30:00,2024-06-14 14:00:00,87,190.83,1,1,0.9
2024-06-14 14:00:00,2024-06-14 14:30:00,98,188.8,1,1,0.9
2024-06-14 14:30:00,2024-06-14 15:00:00,103,187.02,1,1,0.9
2024-06-14 15:00:00,2024-06-14 15:30:00,115,185.29,1,1,0.9
2024-06-14 15:30:00,2024-06-14 16:00:00,134,183.71,1,1,0.9
2024-06-14 16:00:00,2024-06-14 16:30:00,157,182.28,1,1,0.9
2024-06-14 16:30:00,2024-06-14 17:00:00,187,181.0,1,1,0.9
2024-06-14 17:00:00,2024-06-14 17:30:00,213,179.96,1,1,0.9
2024-06-14 17:30:00,2024-06-14 18:00:00,225,178.98,1,0,0.9
2024-06-14 18:00:00,2024-06-14 18:30:00,222,178.04,1,1,0.9
2024-06-14 18:30:00,2024-06-14 19:00:00,239,177.25,1,1,0.9
2024-06-14 19:00:00,2024-06-14 19:30:00,251,176.57,1,1,0.9
2024-06-14 19:30:00,2024-06-14 20:00:00,249,175.81,1,1,0.9
2024-06-14 20:00:00,2024-06-14 20:30:00,267,175.21,1,1,0.9
2024-06-14 20:30:00,2024-06-14 21:00:00,259,174.49,1,1,0.9
2024-06-14 21:00:00,2024-06-14 21:30:00,250,173.63,1,1,0.9
2024-06-14 21:30:00,2024-06-14 22:00:00,229,172.52,1,1,0.9
2024-06-14 22:00:00,2024-06-14 22:30:00,217,171.33,1,1,0.9
2024-06-14 22:30:00,2024-06-14 23:00:00,198,169.88,1,0,0.9
2024-06-14 23:00:00,2024-06-14 23:30:00,184,168.33,1,1,0.9
2024-06-14 23:30:00,2024-06-15 00:00:00,162,166.64,1,1,0.9
2024-06-14 23:30:00,2024-06-15 00:00:00,162,165.0,1,1,0.9
2024-06-15 00:00:00,2024-06-15 00:30:00,151,163.29,1,1,0.9
2024-06-15 00:30:00,2024-06-15 01:00:00,150,161.63,1,1,0.9
2024-06-15 01:00:00,2024-06-15 01:30:00,160,160.29,1,1,0.9
2024-06-15 01:30:00,2024-06-15 02:00:00,156,158.92,1,1,0.9
2024-06-15 02:00:00,2024-06-15 02:30:00,164,157.59,1,1,0.9
2024-06-15 02:30:00,2024-06-15 03:00:00,171,156.59,1,1,0.9
2024-06-15 03:00:00,2024-06-15 03:30:00,167,155.33,1,0,0.9
2024-06-15 03:30:00,2024-06-15 04:00:00,163,154.0,1,1,0.9
2024-06-15 04:00:00,2024-06-15 04:30:00,166,152.64,1,1,0.9
2024-06-15 04:30:00,2024-06-15 05:00:00,164,151.29,1,1,0.9
2024-06-15 05:00:00,2024-06-15 05:30:00,148,149.79,1,1,0.9
2024-06-15 05:30:00,2024-06-15 06:00:00,127,148.04,1,1,0.9
2024-06-15 06:00:00,2024-06-15 06:30:00,120,146.46,1,1,0.9
2024-06-15 06:30:00,2024-06-15 07:00:00,117,144.63,1,1,0.9
2024-06-15 07:00:00,2024-06-15 07:30:00,104,142.65,1,1,0.9
2024-06-15 07:30:00,2024-06-15 08:00:00,108,140.84,1,1,0.9
2024-06-15 08:00:00,2024-06-15 08:30:00,107,139.24,1,0,0.9
2024-06-15 08:30:00,2024-06-15 09:00:00,106,137.91,1,1,0.9
2024-06-15 09:00:00,2024-06-15 09:30:00,107,136.73,1,1,0.9
2024-06-15 09:30:00,2024-06-15 10:00:00,139,136.04,1,1,0.9
2024-06-15 10:00:00,2024-06-15 10:30:00,138,135.42,1,1,0.9
2024-06-15 10:30:00,2024-06-15 11:00:00,165,135.28,1,15,1.04
2024-06-15 11:00:00,2024-06-15 11:30:00,176,135.44,1,1,1.04
2024-06-15 11:30:00,2024-06-15 12:00:00,210,136.3,1,1,1.04
2024-06-15 12:00:00,2024-06-15 12:30:00,201,137.32,1,1,1.04
2024-06-15 12:30:00,2024-06-15 13:00:00,178,138.14,1,1,1.04
2024-06-15 13:00:00,2024-06-15 13:30:00,177,138.97,1,1,1.05
2024-06-15 13:30:00,2024-06-15 14:00:00,168,139.07,1,1,1.05
2024-06-15 14:00:00,2024-06-15 14:30:00,177,139.37,1,1,1.05
2024-06-15 14:30:00,2024-06-15 15:00:00,188,139.83,1,1,1.05
2024-06-15 15:00:00,2024-06-15 15:30:00,197,140.85,1,1,1.05
2024-06-15 15:30:00,2024-06-15 16:00:00,202,141.88,1,1,1.05
2024-06-15 16:00:00,2024-06-15 16:30:00,211,143.0,1,1,1.05
2024-06-15 16:30:00,2024-06-15 17:00:00,211,144.08,1,1,1.05
2024-06-15 17:00:00,2024-06-15 17:30:00,211,144.73,1,1,1.05
2024-06-15 17:30:00,2024-06-15 18:00:00,205,145.22,1,1,1.05
2024-06-15 18:00:00,2024-06-15 18:30:00,213,145.76,1,0,1.05
2024-06-15 18:30:00,2024-06-15 19:00:00,221,146.49,1,1,1.05
2024-06-15 19:00:00,2024-06-15 19:30:00,232,147.36,1,1,1.05
2024-06-15 19:30:00,2024-06-15 20:00:00,240,148.39,1,1,1.05
2024-06-15 20:00:00,2024-06-15 20:30:00,239,149.38,1,1,1.05
2024-06-15 20:30:00,2024-06-15 21:00:00,231,150.33,1,1,1.05
2024-06-15 21:00:00,2024-06-15 21:30:00,202,151.07,1,1,1.05
2024-06-15 21:30:00,2024-06-15 22:00:00,174,151.75,1,1,1.05
2024-06-15 22:00:00,2024-06-15 22:30:00,144,152.08,1,1,1.05
2024-06-15 22:30:00,2024-06-15 23:00:00,134,152.47,1,1,1.05
2024-06-15 23:00:00,2024-06-15 23:30:00,137,153.11,1,0,1.05
2024-06-15 23:30:00,2024-06-16 00:00:00,117,153.61,1,1,1.05
2024-06-16 00:00:00,2024-06-16 00:30:00,120,154.11,1,1,1.05
2024-06-16 00:30:00,2024-06-16 01:00:00,125,154.67,1,1,1.05
2024-06-16 01:00:00,2024-06-16 01:30:00,123,155.1,1,1,1.05
2024-06-16 01:30:00,2024-06-16 02:00:00,110,155.35,1,1,1.05
2024-06-16 02:00:00,2024-06-16 02:30:00,107,155.46,1,1,1.05
2024-06-16 02:30:00,2024-06-16 03:00:00,106,155.58,1,1,1.05
2024-06-16 03:00:00,2024-06-16 03:30:00,106,155.74,1,1,1.05
2024-06-16 03:30:00,2024-06-16 04:00:00,104,155.89,1,1,1.05
2024-06-16 04:00:00,2024-06-16 04:30:00,112,156.13,1,0,1.05
2024-06-16 04:30:00,2024-06-16 05:00:00,110,156.33,1,1,1.05
2024-06-16 05:00:00,2024-06-16 05:30:00,107,156.51,1,1,1.05
2024-06-16 05:30:00,2024-06-16 06:00:00,111,156.67,1,1,1.05
2024-06-16 06:00:00,2024-06-16 06:30:00,113,156.78,1,1,1.05
2024-06-16 06:30:00,2024-06-16 07:00:00,110,156.62,1,1,1.05
2024-06-16 07:00:00,2024-06-16 07:30:00,109,156.5,1,1,1.05
2024-06-16 07:30:00,2024-06-16 08:00:00,100,156.26,1,1,1.05
2024-06-16 08:00:00,2024-06-16 08:30:00,93,156.06,1,1,1.05
2024-06-16 08:30:00,2024-06-16 09:00:00,91,155.74,1,1,1.05
2024-06-16 09:00:00,2024-06-16 09:30:00,91,155.4,1,0,1.05
2024-06-16 09:30:00,2024-06-16 10:00:00,94,155.08,1,1,1.05
2024-06-16 10:00:00,2024-06-16 10:30:00,92,154.78,1,1,1.05
2024-06-16 10:30:00,2024-06-16 11:00:00,91,154.51,1,1,1.05
2024-06-16 11:00:00,2024-06-16 11:30:00,87,154.12,1,1,1.05
2024-06-16 11:30:00,2024-06-16 12:00:00,83,153.66,1,1,1.05
2024-06-16 12:00:00,2024-06-16 12:30:00,76,153.24,1,1,1.05
2024-06-16 12:30:00,2024-06-16 13:00:00,81,153.03,1,1,1.05
2024-06-16 13:00:00,2024-06-16 13:30:00,74,152.9,1,1,1.05
2024-06-16 13:30:00,2024-06-16 14:00:00,75,152.76,1,1,1.05
2024-06-16 14:00:00,2024-06-16 14:30:00,75,152.61,1,0,1.05
2024-06-16 14:30:00,2024-06-16 15:00:00,81,152.59,1,1,1.05
2024-06-16 15:00:00,2024-06-16 15:30:00,93,152.65,1,1,1.05
2024-06-16 15:30:00,2024-06-16 16:00:00,103,152.7,1,1,1.05
2024-06-16 16:00:00,2024-06-16 16:30:00,122,152.89,1,1,1.05
2024-06-16 16:30:00,2024-06-16 17:00:00,154,153.28,1,1,1.05
2024-06-16 17:00:00,2024-06-16 17:30:00,162,153.56,1,1,1.05
2024-06-16 17:30:00,2024-06-16 18:00:00,182,153.81,1,1,1.05
2024-06-16 18:00:00,2024-06-16 18:30:00,186,153.8,1,1,1.05
2024-06-16 18:30:00,2024-06-16 19:00:00,191,153.58,1,1,1.05
2024-06-16 19:00:00,2024-06-16 19:30:00,207,153.4,1,0,1.05
2024-06-16 19:30:00,2024-06-16 20:00:00,212,153.3,1,1,1.05
2024-06-16 20:00:00,2024-06-16 20:30:00,211,153.02,1,1,1.05
2024-06-16 20:30:00,2024-06-16 21:00:00,193,152.44,1,1,1.05
2024-06-16 21:00:00,2024-06-16 21:30:00,188,151.83,1,1,1.05
2024-06-16 21:30:00,2024-06-16 22:00:00,154,150.7,1,1,1.05
2024-06-16 22:00:00,2024-06-16 22:30:00,143,149.54,1,1,1.05
2024-06-16 22:30:00,2024-06-16 23:00:00,135,148.39,1,1,1.05
2024-06-16 23:00:00,2024-06-16 23:30:00,130,147.4,1,1,1.05
2024-06-16 23:30:00,2024-06-17 00:00:00,131,146.54,1,1,1.05
2024-06-17 00:00:00,2024-06-17 00:30:00,128,145.84,1,0,1.05
2024-06-17 00:30:00,2024-06-17 01:00:00,137,145.37,1,1,1.05
2024-06-17 01:00:00,2024-06-17 01:30:00,134,145.09,1,1,1.05
2024-06-17 01:30:00,2024-06-17 02:00:00,141,144.88,1,1,1.05
2024-06-17 02:00:00,2024-06-17 02:30:00,139,144.76,1,1,1.05
2024-06-17 02:30:00,2024-06-17 03:00:00,130,144.56,1,1,1.05
2024-06-17 03:00:00,2024-06-17 03:30:00,134,144.3,1,1,1.05
2024-06-17 03:30:00,2024-06-17 04:00:00,141,144.15,1,1,1.05
2024-06-17 04:00:00,2024-06-17 04:30:00,160,144.11,1,8,1.12
2024-06-17 04:30:00,2024-06-17 05:00:00,171,144.11,1,1,1.12
2024-06-17 05:00:00,2024-06-17 05:30:00,200,144.44,1,1,1.13
2024-06-17 05:30:00,2024-06-17 06:00:00,199,144.8,1,1,1.13
2024-06-17 06:00:00,2024-06-17 06:30:00,191,145.05,1,1,1.13
2024-06-17 06:30:00,2024-06-17 07:00:00,198,145.39,1,1,1.13
2024-06-17 07:00:00,2024-06-17 07:30:00,195,145.86,1,1,1.13
2024-06-17 07:30:00,2024-06-17 08:00:00,195,146.54,1,1,1.13
2024-06-17 08:00:00,2024-06-17 08:30:00,187,147.21,1,1,1.13
2024-06-17 08:30:00,2024-06-17 09:00:00,177,147.81,1,1,1.13
2024-06-17 09:00:00,2024-06-17 09:30:00,178,148.55,1,1,1.13
2024-06-17 09:30:00,2024-06-17 10:00:00,173,149.2,1,1,1.13
2024-06-17 10:00:00,2024-06-17 10:30:00,172,149.85,1,1,1.14
2024-06-17 10:30:00,2024-06-17 11:00:00,181,150.6,1,1,1.14
2024-06-17 11:00:00,2024-06-17 11:30:00,179,151.32,1,1,1.14
2024-06-17 11:30:00,2024-06-17 12:00:00,177,151.7,1,1,1.14
2024-06-17 12:00:00,2024-06-17 12:30:00,172,152.04,1,1,1.14
2024-06-17 12:30:00,2024-06-17 13:00:00,181,152.2,1,1,1.0
2024-06-17 13:00:00,2024-06-17 13:30:00,184,152.28,1,1,1.0
2024-06-17 13:30:00,2024-06-17 14:00:00,182,152.0,1,1,1.0
2024-06-17 14:00:00,2024-06-17 14:30:00,184,151.83,1,1,1.0
2024-06-17 14:30:00,2024-06-17 15:00:00,197,152.02,1,1,1.0
2024-06-17 15:00:00,2024-06-17 15:30:00,223,152.48,1,1,1.0
2024-06-17 15:30:00,2024-06-17 16:00:00,237,153.17,1,1,1.0
2024-06-17 16:00:00,2024-06-17 16:30:00,243,153.83,1,1,1.0
2024-06-17 16:30:00,2024-06-17 17:00:00,241,154.36,1,1,1.0
2024-06-17 17:00:00,2024-06-17 17:30:00,250,154.89,1,1,1.0
2024-06-17 17:30:00,2024-06-17 18:00:00,266,155.53,1,1,1.0
2024-06-17 18:00:00,2024-06-17 18:30:00,272,156.14,1,1,1.0
2024-06-17 18:30:00,2024-06-17 19:00:00,273,156.76,1,1,1.0
2024-06-17 19:00:00,2024-06-17 19:30:00,276,157.41,1,1,1.0
2024-06-17 19:30:00,2024-06-17 20:00:00,270,158.06,1,1,1.0
2024-06-17 20:00:00,2024-06-17 20:30:00,278,158.71,1,1,1.01
2024-06-17 20:30:00,2024-06-17 21:00:00,274,159.24,1,1,1.01
2024-06-17 21:00:00,2024-06-17 21:30:00,266,159.58,1,1,1.01
2024-06-17 21:30:00,2024-06-17 22:00:00,254,159.72,1,1,1.01
2024-06-17 22:00:00,2024-06-17 22:30:00,249,159.82,1,1,1.01
2024-06-17 22:30:00,2024-06-17 23:00:00,240,159.91,1,1,1.01
2024-06-17 23:00:00,2024-06-17 23:30:00,228,160.17,1,1,1.01
2024-06-17 23:30:00,2024-06-18 00:00:00,226,160.69,1,1,1.01
2024-06-18 00:00:00,2024-06-18 00:30:00,220,161.45,1,1,1.01
2024-06-18 00:30:00,2024-06-18 01:00:00,212,162.23,1,1,1.01
2024-06-18 01:00:00,2024-06-18 01:30:00,212,162.98,1,1,1.02
2024-06-18 01:30:00,2024-06-18 02:00:00,216,163.97,1,1,1.02
2024-06-18 02:00:00,2024-06-18 02:30:00,230,165.07,1,1,1.02
2024-06-18 02:30:00,2024-06-18 03:00:00,230,166.12,1,1,1.02
2024-06-18 03:00:00,2024-06-18 03:30:00,225,167.14,1,1,1.02
2024-06-18 03:30:00,2024-06-18 04:00:00,227,168.31,1,1,1.02
2024-06-18 04:00:00,2024-06-18 04:30:00,225,169.49,1,1,1.02
2024-06-18 04:30:00,2024-06-18 05:00:00,229,170.72,1,1,1.02
2024-06-18 05:00:00,2024-06-18 05:30:00,220,171.86,1,1,1.02
2024-06-18 05:30:00,2024-06-18 06:00:00,216,172.98,1,1,1.02
2024-06-18 06:00:00,2024-06-18 06:30:00,205,173.91,1,1,1.03
2024-06-18 06:30:00,2024-06-18 07:00:00,199,174.8,1,1,1.03
2024-06-18 07:00:00,2024-06-18 07:30:00,195,175.68,1,1,1.03
2024-06-18 07:30:00,2024-06-18 08:00:00,185,176.42,1,1,1.03
2024-06-18 08:00:00,2024-06-18 08:30:00,252,177.81,1,1,1.03
2024-06-18 08:30:00,2024-06-18 09:00:00,250,179.21,1,1,1.03
2024-06-18 09:00:00,2024-06-18 09:30:00,244,180.56,1,1,1.03
2024-06-18 09:30:00,2024-06-18 10:00:00,241,181.97,1,1,1.03
2024-06-18 10:00:00,2024-06-18 10:30:00,248,183.52,1,1,1.03
2024-06-18 10:30:00,2024-06-18 11:00:00,246,185.07,1,1,1.03
2024-06-18 11:00:00,2024-06-18 11:30:00,250,186.66,1,0,1.03
2024-06-18 11:30:00,2024-06-18 12:00:00,228,188.0,1,1,1.03
2024-06-18 12:00:00,2024-06-18 12:30:00,236,189.44,1,1,1.03
2024-06-18 12:30:00,2024-06-18 13:00:00,243,190.96,1,1,1.03
2024-06-18 13:00:00,2024-06-18 13:30:00,243,192.52,1,1,1.03
2024-06-18 13:30:00,2024-06-18 14:00:00,239,194.08,1,1,1.03
2024-06-18 14:00:00,2024-06-18 14:30:00,239,195.71,1,1,1.03
2024-06-18 14:30:00,2024-06-18 15:00:00,241,197.31,1,1,1.03
2024-06-18 15:00:00,2024-06-18 15:30:00,239,198.96,1,1,1.03
2024-06-18 15:30:00,2024-06-18 16:00:00,243,200.64,1,1,1.03
2024-06-18 16:00:00,2024-06-18 16:30:00,233,202.22,1,0,1.03
2024-06-18 16:30:00,2024-06-18 17:00:00,237,203.78,1,1,1.03
2024-06-18 17:00:00,2024-06-18 17:30:00,226,205.11,1,1,1.03
2024-06-18 17:30:00,2024-06-18 18:00:00,237,206.45,1,1,1.03
2024-06-18 18:00:00,2024-06-18 18:30:00,244,207.67,1,1,1.03
2024-06-18 18:30:00,2024-06-18 19:00:00,257,208.7,1,1,1.03
2024-06-18 19:00:00,2024-06-18 19:30:00,252,209.6,1,1,1.03
2024-06-18 19:30:00,2024-06-18 20:00:00,245,210.23,1,1,1.03
2024-06-18 20:00:00,2024-06-18 20:30:00,245,210.82,1,1,1.03
2024-06-18 20:30:00,2024-06-18 21:00:00,236,211.27,1,1,1.03
2024-06-18 21:00:00,2024-06-18 21:30:00,232,211.52,1,0,1.03
2024-06-18 21:30:00,2024-06-18 22:00:00,216,211.56,1,1,1.03
2024-06-18 22:00:00,2024-06-18 22:30:00,214,211.59,1,1,1.03
2024-06-18 22:30:00,2024-06-18 23:00:00,194,211.6,1,1,1.03
2024-06-18 23:00:00,2024-06-18 23:30:00,177,211.49,1,1,1.03
2024-06-18 23:30:00,2024-06-19 00:00:00,164,211.59,1,1,1.03
2024-06-19 00:00:00,2024-06-19 00:30:00,162,211.78,1,1,1.03
2024-06-19 00:30:00,2024-06-19 01:00:00,172,212.15,1,1,1.03
2024-06-19 01:00:00,2024-06-19 01:30:00,164,212.49,1,1,1.03
2024-06-19 01:30:00,2024-06-19 02:00:00,169,212.87,1,1,1.03
2024-06-19 02:00:00,2024-06-19 02:30:00,178,213.37,1,0,1.03
2024-06-19 02:30:00,2024-06-19 03:00:00,176,213.76,1,1,1.03
2024-06-19 03:00:00,2024-06-19 03:30:00,178,214.2,1,1,1.03
2024-06-19 03:30:00,2024-06-19 04:00:00,182,214.61,1,1,1.03
2024-06-19 04:00:00,2024-06-19 04:30:00,169,214.91,1,1,1.03
2024-06-19 04:30:00,2024-06-19 05:00:00,181,215.42,1,1,1.03
2024-06-19 05:00:00,2024-06-19 05:30:00,192,216.0,1,1,1.03
2024-06-19 05:30:00,2024-06-19 06:00:00,202,216.61,1,1,1.03
2024-06-19 06:00:00,2024-06-19 06:30:00,199,217.0,1,1,0.96
2024-06-19 06:30:00,2024-06-19 07:00:00,213,217.42,1,1,0.96
2024-06-19 07:00:00,2024-06-19 07:30:00,212,217.54,1,0,0.95
2024-06-19 07:30:00,2024-06-19 08:00:00,205,217.6,1,1,0.95
2024-06-19 08:00:00,2024-06-19 08:30:00,209,217.78,1,1,0.95
2024-06-19 08:30:00,2024-06-19 09:00:00,208,217.88,1,1,0.95
2024-06-19 09:00:00,2024-06-19 09:30:00,206,217.99,1,1,0.95
2024-06-19 09:30:00,2024-06-19 10:00:00,207,218.11,1,1,0.95
2024-06-19 10:00:00,2024-06-19 10:30:00,209,218.33,1,1,0.95
2024-06-19 10:30:00,2024-06-19 11:00:00,203,218.59,1,1,0.95
2024-06-19 11:00:00,2024-06-19 11:30:00,208,218.89,1,1,0.95
2024-06-19 11:30:00,2024-06-19 12:00:00,198,219.14,1,1,0.95
2024-06-19 12:00:00,2024-06-19 12:30:00,189,219.31,1,0,0.94
2024-06-19 12:30:00,2024-06-19 13:00:00,177,219.27,1,1,0.94
2024-06-19 13:00:00,2024-06-19 13:30:00,178,219.26,1,1,0.94
2024-06-19 13:30:00,2024-06-19 14:00:00,179,219.28,1,1,0.94
2024-06-19 14:00:00,2024-06-19 14:30:00,187,219.43,1,1,0.94
2024-06-19 14:30:00,2024-06-19 15:00:00,190,219.52,1,1,0.94
2024-06-19 15:00:00,2024-06-19 15:30:00,207,219.75,1,1,0.94
2024-06-19 15:30:00,2024-06-19 16:00:00,223,220.16,1,1,0.94
2024-06-19 16:00:00,2024-06-19 16:30:00,245,220.77,1,1,0.94
2024-06-19 16:30:00,2024-06-19 17:00:00,257,221.37,1,1,0.94
2024-06-19 17:00:00,2024-06-19 17:30:00,274,221.88,1,0,0.93
2024-06-19 17:30:00,2024-06-19 18:00:00,281,222.32,1,1,0.93
2024-06-19 18:00:00,2024-06-19 18:30:00,283,222.72,1,1,0.93
2024-06-19 18:30:00,2024-06-19 19:00:00,290,223.21,1,1,0.93
2024-06-19 19:00:00,2024-06-19 19:30:00,296,223.67,1,1,0.93
2024-06-19 19:30:00,2024-06-19 20:00:00,297,223.98,1,1,0.93
2024-06-19 20:00:00,2024-06-19 20:30:00,298,224.24,1,1,0.93
2024-06-19 20:30:00,2024-06-19 21:00:00,297,224.48,1,1,0.93
2024-06-19 21:00:00,2024-06-19 21:30:00,290,224.62,1,1,0.93
2024-06-19 21:30:00,2024-06-19 22:00:00,271,224.63,1,1,0.93
2024-06-19 22:00:00,2024-06-19 22:30:00,249,224.34,1,0,0.92
2024-06-19 22:30:00,2024-06-19 23:00:00,242,224.02,1,1,0.92
2024-06-19 23:00:00,2024-06-19 23:30:00,232,223.68,1,1,0.92
2024-06-19 23:30:00,2024-06-20 00:00:00,224,223.38,1,1,0.92
2024-06-20 00:00:00,2024-06-20 00:30:00,225,223.14,1,1,0.92
2024-06-20 00:30:00,2024-06-20 01:00:00,217,222.91,1,1,0.92
2024-06-20 01:00:00,2024-06-20 01:30:00,212,222.75,1,1,0.92
2024-06-20 01:30:00,2024-06-20 02:00:00,204,222.53,1,1,0.92
2024-06-20 02:00:00,2024-06-20 02:30:00,208,222.41,1,1,0.92
2024-06-20 02:30:00,2024-06-20 03:00:00,221,222.5,1,1,0.92
2024-06-20 03:00:00,2024-06-20 03:30:00,221,222.59,1,0,0.91
2024-06-20 03:30:00,2024-06-20 04:00:00,218,222.61,1,1,0.91
2024-06-20 04:00:00,2024-06-20 04:30:00,230,222.61,1,1,0.91
2024-06-20 04:30:00,2024-06-20 05:00:00,241,222.72,1,1,0.91
2024-06-20 05:00:00,2024-06-20 05:30:00,260,223.07,1,1,0.91
2024-06-20 05:30:00,2024-06-20 06:00:00,264,223.44,1,1,0.91
2024-06-20 06:00:00,2024-06-20 06:30:00,261,223.8,1,1,0.91
2024-06-20 06:30:00,2024-06-20 07:00:00,254,224.05,1,1,0.91
2024-06-20 07:00:00,2024-06-20 07:30:00,247,224.32,1,1,0.91
2024-06-20 07:30:00,2024-06-20 08:00:00,240,224.56,1,1,0.91
2024-06-20 08:00:00,2024-06-20 08:30:00,221,224.72,1,0,0.9
2024-06-20 08:30:00,2024-06-20 09:00:00,211,224.84,1,1,0.9
2024-06-20 09:00:00,2024-06-20 09:30:00,202,224.91,1,1,0.9
2024-06-20 09:30:00,2024-06-20 10:00:00,191,224.97,1,1,0.9
2024-06-20 10:00:00,2024-06-20 10:30:00,183,224.28,1,1,0.9
2024-06-20 10:30:00,2024-06-20 11:00:00,180,223.58,1,1,0.9
2024-06-20 11:00:00,2024-06-20 11:30:00,189,223.03,1,1,0.9
2024-06-20 11:30:00,2024-06-20 12:00:00,185,222.47,1,1,0.9
2024-06-20 12:00:00,2024-06-20 12:30:00,183,221.82,1,1,0.9
2024-06-20 12:30:00,2024-06-20 13:00:00,181,221.17,1,1,0.9
2024-06-20 13:00:00,2024-06-20 13:30:00,196,220.63,1,0,0.9
2024-06-20 13:30:00,2024-06-20 14:00:00,192,220.27,1,1,0.9
2024-06-20 14:00:00,2024-06-20 14:30:00,202,219.93,1,1,0.9
2024-06-20 14:30:00,2024-06-20 15:00:00,201,219.51,1,1,0.9
2024-06-20 15:00:00,2024-06-20 15:30:00,219,219.27,1,1,0.9
2024-06-20 15:30:00,2024-06-20 16:00:00,233,219.21,1,1,0.9
2024-06-20 16:00:00,2024-06-20 16:30:00,233,219.15,1,1,0.9
2024-06-20 16:30:00,2024-06-20 17:00:00,233,219.07,1,1,0.9
2024-06-20 17:00:00,2024-06-20 17:30:00,237,219.05,1,1,0.9
2024-06-20 17:30:00,2024-06-20 18:00:00,225,218.87,1,1,0.9
2024-06-20 18:00:00,2024-06-20 18:30:00,229,218.83,1,0,0.9
2024-06-20 18:30:00,2024-06-20 19:00:00,225,218.71,1,1,0.9
2024-06-20 19:00:00,2024-06-20 19:30:00,234,218.79,1,1,0.9
2024-06-20 19:30:00,2024-06-20 20:00:00,238,218.8,1,1,0.9
2024-06-20 20:00:00,2024-06-20 20:30:00,240,218.76,1,1,0.9
2024-06-20 20:30:00,2024-06-20 21:00:00,240,218.59,1,1,0.9
2024-06-20 21:00:00,2024-06-20 21:30:00,238,218.45,1,1,0.9
2024-06-20 21:30:00,2024-06-20 22:00:00,224,218.24,1,1,0.9
2024-06-20 22:00:00,2024-06-20 22:30:00,216,217.95,1,1,0.9
2024-06-20 22:30:00,2024-06-20 23:00:00,222,217.81,1,1,0.9
2024-06-20 23:00:00,2024-06-20 23:30:00,213,217.62,1,0,0.9
2024-06-20 23:30:00,2024-06-21 00:00:00,207,217.53,1,1,0.9
2024-06-21 00:00:00,2024-06-21 00:30:00,196,217.35,1,1,0.9
2024-06-21 00:30:00,2024-06-21 01:00:00,198,217.39,1,1,0.9
2024-06-21 01:00:00,2024-06-21 01:30:00,186,217.48,1,1,0.9
2024-06-21 01:30:00,2024-06-21 02:00:00,178,217.62,1,1,0.9
2024-06-21 02:00:00,2024-06-21 02:30:00,172,217.72,1,1,0.9
2024-06-21 02:30:00,2024-06-21 03:00:00,170,217.7,1,1,0.9
2024-06-21 03:00:00,2024-06-21 03:30:00,169,217.75,1,1,0.9
2024-06-21 03:30:00,2024-06-21 04:00:00,171,217.77,1,1,0.9
2024-06-21 04:00:00,2024-06-21 04:30:00,178,217.77,1,0,0.9
2024-06-21 04:30:00,2024-06-21 05:00:00,182,217.83,1,1,0.9
2024-06-21 05:00:00,2024-06-21 05:30:00,186,217.91,1,1,0.9
2024-06-21 05:30:00,2024-06-21 06:00:00,181,217.9,1,1,0.9
2024-06-21 06:00:00,2024-06-21 06:30:00,177,217.98,1,1,0.9
2024-06-21 06:30:00,2024-06-21 07:00:00,178,217.95,1,1,0.9
2024-06-21 07:00:00,2024-06-21 07:30:00,174,217.77,1,1,0.9
2024-06-21 07:30:00,2024-06-21 08:00:00,160,217.35,1,1,0.9
2024-06-21 08:00:00,2024-06-21 08:30:00,143,216.79,1,1,0.9
2024-06-21 08:30:00,2024-06-21 09:00:00,129,215.95,1,1,0.9
2024-06-21 09:00:00,2024-06-21 09:30:00,121,215.04,1,0,0.9
2024-06-21 09:30:00,2024-06-21 10:00:00,118,214.17,1,1,0.9
2024-06-21 10:00:00,2024-06-21 10:30:00,112,213.2,1,1,0.9
2024-06-21 10:30:00,2024-06-21 11:00:00,115,212.27,1,1,0.9
2024-06-21 11:00:00,2024-06-21 11:30:00,106,211.27,1,1,0.9
2024-06-21 11:30:00,2024-06-21 12:00:00,106,210.26,1,1,0.9
2024-06-21 12:00:00,2024-06-21 12:30:00,105,209.22,1,1,0.9
2024-06-21 12:30:00,2024-06-21 13:00:00,99,208.18,1,1,0.9
2024-06-21 13:00:00,2024-06-21 13:30:00,94,207.04,1,1,0.9
2024-06-21 13:30:00,2024-06-21 14:00:00,86,205.92,1,1,0.9
2024-06-21 14:00:00,2024-06-21 14:30:00,92,204.95,1,0,0.9
2024-06-21 14:30:00,2024-06-21 15:00:00,102,204.2,1,1,0.9
2024-06-21 15:00:00,2024-06-21 15:30:00,121,203.63,1,1,0.9
2024-06-21 15:30:00,2024-06-21 16:00:00,143,203.27,1,1,0.9
2024-06-21 16:00:00,2024-06-21 16:30:00,161,203.01,1,1,0.9
2024-06-21 16:30:00,2024-06-21 17:00:00,173,202.84,1,1,0.9
2024-06-21 17:00:00,2024-06-21 17:30:00,176,202.53,1,1,0.9
2024-06-21 17:30:00,2024-06-21 18:00:00,177,202.07,1,1,0.9
2024-06-21 18:00:00,2024-06-21 18:30:00,186,201.48,1,1,0.9
2024-06-21 18:30:00,2024-06-21 19:00:00,190,200.81,1,1,0.9
2024-06-21 19:00:00,2024-06-21 19:30:00,194,200.01,1,0,0.9
2024-06-21 19:30:00,2024-06-21 20:00:00,199,199.19,1,1,0.9
2024-06-21 20:00:00,2024-06-21 20:30:00,206,198.42,1,1,0.9
2024-06-21 20:30:00,2024-06-21 21:00:00,207,197.59,1,1,0.9
2024-06-21 21:00:00,2024-06-21 21:30:00,194,196.57,1,1,0.9
2024-06-21 21:30:00,2024-06-21 22:00:00,181,195.41,1,1,0.9
2024-06-21 22:00:00,2024-06-21 22:30:00,165,194.08,1,1,0.9
2024-06-21 22:30:00,2024-06-21 23:00:00,138,192.49,1,1,0.9
2024-06-21 23:00:00,2024-06-21 23:30:00,132,190.91,1,1,0.9
2024-06-21 23:30:00,2024-06-22 00:00:00,135,189.55,1,1,0.9
2024-06-22 00:00:00,2024-06-22 00:30:00,142,188.48,1,0,0.9
2024-06-22 00:30:00,2024-06-22 01:00:00,143,187.49,1,1,0.9
2024-06-22 01:00:00,2024-06-22 01:30:00,140,186.57,1,1,0.9
2024-06-22 01:30:00,2024-06-22 02:00:00,125,185.58,1,1,0.9
2024-06-22 02:00:00,2024-06-22 02:30:00,126,184.59,1,1,0.9
2024-06-22 02:30:00,2024-06-22 03:00:00,126,183.68,1,1,0.9
2024-06-22 03:00:00,2024-06-22 03:30:00,131,182.87,1,1,0.9
2024-06-22 03:30:00,2024-06-22 04:00:00,132,182.15,1,1,0.9
2024-06-22 04:00:00,2024-06-22 04:30:00,133,181.4,1,1,0.9
2024-06-22 04:30:00,2024-06-22 05:00:00,136,180.55,1,1,0.9
2024-06-22 05:00:00,2024-06-22 05:30:00,146,179.8,1,0,0.9
2024-06-22 05:30:00,2024-06-22 06:00:00,162,179.24,1,1,0.9
2024-06-22 06:00:00,2024-06-22 06:30:00,175,178.69,1,1,0.9
2024-06-22 06:30:00,2024-06-22 07:00:00,184,178.12,1,1,0.9
2024-06-22 07:00:00,2024-06-22 07:30:00,193,177.45,1,1,0.9
2024-06-22 07:30:00,2024-06-22 08:00:00,192,176.73,1,1,0.9
2024-06-22 08:00:00,2024-06-22 08:30:00,193,176.05,1,1,0.9
2024-06-22 08:30:00,2024-06-22 09:00:00,187,175.38,1,1,0.9
2024-06-22 09:00:00,2024-06-22 09:30:00,178,174.69,1,1,0.9
2024-06-22 09:30:00,2024-06-22 10:00:00,173,174.02,1,1,0.9
2024-06-22 10:00:00,2024-06-22 10:30:00,159,173.4,1,0,0.9
2024-06-22 10:30:00,2024-06-22 11:00:00,156,172.85,1,1,0.9
2024-06-22 11:00:00,2024-06-22 11:30:00,134,172.17,1,1,0.9
2024-06-22 11:30:00,2024-06-22 12:00:00,128,171.54,1,1,0.9
2024-06-22 12:00:00,2024-06-22 12:30:00,104,170.75,1,1,0.9
2024-06-22 12:30:00,2024-06-22 13:00:00,95,169.9,1,1,0.9
2024-06-22 13:00:00,2024-06-22 13:30:00,89,168.9,1,1,0.9
2024-06-22 13:30:00,2024-06-22 14:00:00,93,167.98,1,1,0.9
2024-06-22 14:00:00,2024-06-22 14:30:00,90,167.05,1,1,0.9
2024-06-22 14:30:00,2024-06-22 15:00:00,95,166.19,1,2,0.91
2024-06-22 15:00:00,2024-06-22 15:30:00,101,165.24,1,0,0.91
2024-06-22 15:30:00,2024-06-22 16:00:00,113,164.45,1,1,0.91
2024-06-22 16:00:00,2024-06-22 16:30:00,142,163.85,1,1,0.91
2024-06-22 16:30:00,2024-06-22 17:00:00,147,163.31,1,1,0.91
2024-06-22 17:00:00,2024-06-22 17:30:00,175,162.87,1,1,0.91
2024-06-22 17:30:00,2024-06-22 18:00:00,194,162.48,1,1,0.91
2024-06-22 18:00:00,2024-06-22 18:30:00,208,162.23,1,1,0.91
2024-06-22 18:30:00,2024-06-22 19:00:00,217,162.07,1,1,0.91
2024-06-22 19:00:00,2024-06-22 19:30:00,222,161.92,1,2,0.92
2024-06-22 19:30:00,2024-06-22 20:00:00,228,161.95,1,1,0.92
2024-06-22 20:00:00,2024-06-22 20:30:00,232,161.98,1,0,0.92
2024-06-22 20:30:00,2024-06-22 21:00:00,230,162.03,1,1,0.92
2024-06-22 21:00:00,2024-06-22 21:30:00,210,161.79,1,1,0.92
2024-06-22 21:30:00,2024-06-22 22:00:00,184,161.25,1,1,0.92
2024-06-22 22:00:00,2024-06-22 22:30:00,165,160.5,1,1,0.92
2024-06-22 22:30:00,2024-06-22 23:00:00,159,159.69,1,1,0.92
2024-06-22 23:00:00,2024-06-22 23:30:00,159,158.9,1,1,0.92
2024-06-22 23:30:00,2024-06-23 00:00:00,161,158.27,1,1,0.92
2024-06-23 00:00:00,2024-06-23 00:30:00,164,157.75,1,1,0.92
2024-06-23 00:30:00,2024-06-23 01:00:00,158,157.11,1,2,0.93
2024-06-23 01:00:00,2024-06-23 01:30:00,146,156.44,1,0,0.93
2024-06-23 01:30:00,2024-06-23 02:00:00,147,155.84,1,1,0.93
2024-06-23 02:00:00,2024-06-23 02:30:00,147,155.35,1,1,0.93
2024-06-23 02:30:00,2024-06-23 03:00:00,145,154.82,1,1,0.93
2024-06-23 03:00:00,2024-06-23 03:30:00,147,154.43,1,1,0.93
2024-06-23 03:30:00,2024-06-23 04:00:00,145,154.1,1,1,0.93
2024-06-23 04:00:00,2024-06-23 04:30:00,145,153.83,1,1,0.93
2024-06-23 04:30:00,2024-06-23 05:00:00,141,153.54,1,1,0.93
2024-06-23 05:00:00,2024-06-23 05:30:00,149,153.34,1,1,0.93
2024-06-23 05:30:00,2024-06-23 06:00:00,153,153.16,1,2,0.94
2024-06-23 06:00:00,2024-06-23 06:30:00,148,152.86,1,0,0.94
2024-06-23 06:30:00,2024-06-23 07:00:00,128,152.32,1,1,0.94
2024-06-23 07:00:00,2024-06-23 07:30:00,126,151.72,1,1,0.94
2024-06-23 07:30:00,2024-06-23 08:00:00,124,151.15,1,1,0.94
2024-06-23 08:00:00,2024-06-23 08:30:00,129,150.67,1,1,0.94
2024-06-23 08:30:00,2024-06-23 09:00:00,138,150.27,1,1,0.94
2024-06-23 09:00:00,2024-06-23 09:30:00,143,149.96,1,1,0.94
2024-06-23 09:30:00,2024-06-23 10:00:00,148,149.84,1,21,1.14
2024-06-23 10:00:00,2024-06-23 10:30:00,159,150.0,1,1,1.14
2024-06-23 10:30:00,2024-06-23 11:00:00,155,150.26,1,1,1.14
2024-06-23 11:00:00,2024-06-23 11:30:00,153,150.58,1,1,1.15
2024-06-23 11:30:00,2024-06-23 12:00:00,150,150.9,1,1,1.15
2024-06-23 12:00:00,2024-06-23 12:30:00,153,151.31,1,1,1.15
2024-06-23 12:30:00,2024-06-23 13:00:00,160,151.76,1,1,1.15
2024-06-23 13:00:00,2024-06-23 13:30:00,140,152.1,1,1,1.15
2024-06-23 13:30:00,2024-06-23 14:00:00,145,152.49,1,1,1.15
2024-06-23 14:00:00,2024-06-23 14:30:00,158,153.02,1,1,1.15
2024-06-23 14:30:00,2024-06-23 15:00:00,169,153.72,1,1,1.15
2024-06-23 15:00:00,2024-06-23 15:30:00,177,154.55,1,1,1.15
2024-06-23 15:30:00,2024-06-23 16:00:00,177,155.46,1,1,1.15
2024-06-23 16:00:00,2024-06-23 16:30:00,183,156.37,1,1,1.16
2024-06-23 16:30:00,2024-06-23 17:00:00,187,157.22,1,1,1.16
2024-06-23 17:00:00,2024-06-23 17:30:00,193,157.94,1,1,1.16
2024-06-23 17:30:00,2024-06-23 18:00:00,202,158.53,1,1,1.16
2024-06-23 18:00:00,2024-06-23 18:30:00,212,159.04,1,1,1.16
2024-06-23 18:30:00,2024-06-23 19:00:00,220,159.51,1,1,1.16
2024-06-23 19:00:00,2024-06-23 19:30:00,222,159.97,1,1,1.16
2024-06-23 19:30:00,2024-06-23 20:00:00,231,160.51,1,1,1.16
2024-06-23 20:00:00,2024-06-23 20:30:00,233,160.98,1,1,1.16
2024-06-23 20:30:00,2024-06-23 21:00:00,229,161.37,1,1,1.16
2024-06-23 21:00:00,2024-06-23 21:30:00,217,161.6,1,0,1.16
2024-06-23 21:30:00,2024-06-23 22:00:00,198,161.59,1,1,1.16
2024-06-23 22:00:00,2024-06-23 22:30:00,175,161.28,1,1,1.16
2024-06-23 22:30:00,2024-06-23 23:00:00,168,160.89,1,1,1.16
2024-06-23 23:00:00,2024-06-23 23:30:00,163,160.58,1,2,1.17
2024-06-23 23:30:00,2024-06-24 00:00:00,183,160.6,1,1,1.17
2024-06-24 00:00:00,2024-06-24 00:30:00,183,160.78,1,1,1.17
2024-06-24 00:30:00,2024-06-24 01:00:00,181,161.21,1,1,1.17
2024-06-24 01:00:00,2024-06-24 01:30:00,186,161.75,1,1,1.17
2024-06-24 01:30:00,2024-06-24 02:00:00,186,162.26,1,1,1.17
2024-06-24 02:00:00,2024-06-24 02:30:00,187,162.71,1,1,1.18
2024-06-24 02:30:00,2024-06-24 03:00:00,194,163.22,1,1,1.18
2024-06-24 03:00:00,2024-06-24 03:30:00,193,163.75,1,1,1.18
2024-06-24 03:30:00,2024-06-24 04:00:00,201,164.51,1,1,1.18
2024-06-24 04:00:00,2024-06-24 04:30:00,218,165.43,1,1,1.18
2024-06-24 04:30:00,2024-06-24 05:00:00,230,166.47,1,1,1.18
2024-06-24 05:00:00,2024-06-24 05:30:00,239,167.55,1,1,1.18
2024-06-24 05:30:00,2024-06-24 06:00:00,230,168.53,1,1,1.18
2024-06-24 06:00:00,2024-06-24 06:30:00,238,169.58,1,1,1.18
2024-06-24 06:30:00,2024-06-24 07:00:00,228,170.5,1,1,1.18
2024-06-24 07:00:00,2024-06-24 07:30:00,220,171.24,1,0,1.18
2024-06-24 07:30:00,2024-06-24 08:00:00,212,171.74,1,1,1.18
2024-06-24 08:00:00,2024-06-24 08:30:00,210,172.09,1,1,1.18
2024-06-24 08:30:00,2024-06-24 09:00:00,207,172.32,1,1,1.18
2024-06-24 09:00:00,2024-06-24 09:30:00,204,172.43,1,1,1.18
2024-06-24 09:30:00,2024-06-24 10:00:00,204,172.55,1,1,1.18
2024-06-24 10:00:00,2024-06-24 10:30:00,203,172.65,1,1,1.18
2024-06-24 10:30:00,2024-06-24 11:00:00,201,172.79,1,1,1.18
2024-06-24 11:00:00,2024-06-24 11:30:00,200,173.01,1,1,1.18
2024-06-24 11:30:00,2024-06-24 12:00:00,199,173.27,1,1,1.18
2024-06-24 12:00:00,2024-06-24 12:30:00,199,173.67,1,0,1.18
2024-06-24 12:30:00,2024-06-24 13:00:00,199,174.1,1,1,1.18
2024-06-24 13:00:00,2024-06-24 13:30:00,201,174.77,1,1,1.18
2024-06-24 13:30:00,2024-06-24 14:00:00,205,175.54,1,1,1.18
2024-06-24 14:00:00,2024-06-24 14:30:00,198,176.48,1,1,1.18
2024-06-24 14:30:00,2024-06-24 15:00:00,199,177.52,1,1,1.18
2024-06-24 15:00:00,2024-06-24 15:30:00,199,178.62,1,1,1.18
2024-06-24 15:30:00,2024-06-24 16:00:00,199,179.68,1,1,1.18
2024-06-24 16:00:00,2024-06-24 16:30:00,197,180.75,1,1,1.18
2024-06-24 16:30:00,2024-06-24 17:00:00,198,181.78,1,1,1.17
2024-06-24 17:00:00,2024-06-24 17:30:00,201,182.78,1,0,1.17
2024-06-24 17:30:00,2024-06-24 18:00:00,200,183.65,1,1,1.17
2024-06-24 18:00:00,2024-06-24 18:30:00,199,184.22,1,1,1.17
2024-06-24 18:30:00,2024-06-24 19:00:00,201,184.76,1,1,1.17
2024-06-24 19:00:00,2024-06-24 19:30:00,199,185.0,1,1,1.17
2024-06-24 19:30:00,2024-06-24 20:00:00,198,185.04,1,1,1.17
2024-06-24 20:00:00,2024-06-24 20:30:00,201,184.97,1,1,1.17
2024-06-24 20:30:00,2024-06-24 21:00:00,205,184.85,1,1,1.17
2024-06-24 21:00:00,2024-06-24 21:30:00,206,184.69,1,1,1.16
2024-06-24 21:30:00,2024-06-24 22:00:00,204,184.45,1,1,1.16
2024-06-24 22:00:00,2024-06-24 22:30:00,203,184.16,1,0,1.16
2024-06-24 22:30:00,2024-06-24 23:00:00,201,183.87,1,1,1.16
2024-06-24 23:00:00,2024-06-24 23:30:00,202,183.79,1,1,1.16
2024-06-24 23:30:00,2024-06-25 00:00:00,202,183.97,1,1,1.16
2024-06-25 00:00:00,2024-06-25 00:30:00,206,184.38,1,1,1.16
2024-06-25 00:30:00,2024-06-25 01:00:00,223,185.02,1,1,1.16
2024-06-25 01:00:00,2024-06-25 01:30:00,224,185.67,1,1,1.16
2024-06-25 01:30:00,2024-06-25 02:00:00,224,186.3,1,1,1.16
2024-06-25 02:00:00,2024-06-25 02:30:00,227,186.93,1,1,1.16
2024-06-25 02:30:00,2024-06-25 03:00:00,239,187.74,1,1,1.15
2024-06-25 03:00:00,2024-06-25 03:30:00,245,188.73,1,0,1.15
2024-06-25 03:30:00,2024-06-25 04:00:00,261,189.87,1,1,1.15
2024-06-25 04:00:00,2024-06-25 04:30:00,271,191.11,1,1,1.15
2024-06-25 04:30:00,2024-06-25 05:00:00,275,192.41,1,1,1.15
2024-06-25 05:00:00,2024-06-25 05:30:00,270,193.64,1,1,1.15
2024-06-25 05:30:00,2024-06-25 06:00:00,257,194.76,1,1,1.15
2024-06-25 06:00:00,2024-06-25 06:30:00,254,195.85,1,1,1.15
2024-06-25 06:30:00,2024-06-25 07:00:00,246,196.9,1,1,1.15
2024-06-25 07:00:00,2024-06-25 07:30:00,234,197.75,1,1,1.15
2024-06-25 07:30:00,2024-06-25 08:00:00,227,198.49,1,1,1.14
2024-06-25 08:00:00,2024-06-25 08:30:00,227,199.28,1,0,1.14
2024-06-25 08:30:00,2024-06-25 09:00:00,217,200.17,1,1,1.14
2024-06-25 09:00:00,2024-06-25 09:30:00,202,200.93,1,1,1.14
2024-06-25 09:30:00,2024-06-25 10:00:00,189,201.58,1,1,1.14
2024-06-25 10:00:00,2024-06-25 10:30:00,185,202.14,1,1,1.14
2024-06-25 10:30:00,2024-06-25 11:00:00,183,202.59,1,1,1.14
2024-06-25 11:00:00,2024-06-25 11:30:00,185,203.01,1,1,1.14
2024-06-25 11:30:00,2024-06-25 12:00:00,186,203.39,1,1,0.94
2024-06-25 12:00:00,2024-06-25 12:30:00,187,203.67,1,1,0.94
2024-06-25 12:30:00,2024-06-25 13:00:00,195,204.07,1,1,0.94
2024-06-25 13:00:00,2024-06-25 13:30:00,196,204.5,1,0,0.93
2024-06-25 13:30:00,2024-06-25 14:00:00,194,204.94,1,1,0.93
2024-06-25 14:00:00,2024-06-25 14:30:00,200,205.41,1,1,0.93
2024-06-25 14:30:00,2024-06-25 15:00:00,203,205.84,1,1,0.93
2024-06-25 15:00:00,2024-06-25 15:30:00,210,206.54,1,1,0.93
2024-06-25 15:30:00,2024-06-25 16:00:00,223,207.32,1,1,0.93
2024-06-25 16:00:00,2024-06-25 16:30:00,231,208.05,1,1,0.93
2024-06-25 16:30:00,2024-06-25 17:00:00,246,208.82,1,1,0.93
2024-06-25 17:00:00,2024-06-25 17:30:00,252,209.57,1,1,0.93
2024-06-25 17:30:00,2024-06-25 18:00:00,254,210.34,1,1,0.93
2024-06-25 18:00:00,2024-06-25 18:30:00,255,211.06,1,0,0.92
2024-06-25 18:30:00,2024-06-25 19:00:00,259,211.78,1,1,0.92
2024-06-25 19:00:00,2024-06-25 19:30:00,266,212.51,1,1,0.92
2024-06-25 19:30:00,2024-06-25 20:00:00,267,213.16,1,1,0.92
2024-06-25 20:00:00,2024-06-25 20:30:00,272,213.76,1,1,0.92
2024-06-25 20:30:00,2024-06-25 21:00:00,274,214.3,1,1,0.92
2024-06-25 21:00:00,2024-06-25 21:30:00,270,214.78,1,1,0.92
2024-06-25 21:30:00,2024-06-25 22:00:00,261,215.08,1,1,0.92
2024-06-25 22:00:00,2024-06-25 22:30:00,260,215.35,1,1,0.92
2024-06-25 22:30:00,2024-06-25 23:00:00,265,215.71,1,1,0.92
2024-06-25 23:00:00,2024-06-25 23:30:00,275,216.29,1,0,0.92
2024-06-25 23:30:00,2024-06-26 00:00:00,277,217.08,1,1,0.92
2024-06-26 00:00:00,2024-06-26 00:30:00,274,218.07,1,1,0.92
2024-06-26 00:30:00,2024-06-26 01:00:00,269,219.08,1,1,0.92
2024-06-26 01:00:00,2024-06-26 01:30:00,272,220.17,1,1,0.91
2024-06-26 01:30:00,2024-06-26 02:00:00,264,220.98,1,1,0.91
2024-06-26 02:00:00,2024-06-26 02:30:00,265,221.8,1,1,0.91
2024-06-26 02:30:00,2024-06-26 03:00:00,267,222.66,1,1,0.91
2024-06-26 03:00:00,2024-06-26 03:30:00,268,223.48,1,1,0.91
2024-06-26 03:30:00,2024-06-26 04:00:00,270,224.32,1,1,0.91
2024-06-26 04:00:00,2024-06-26 04:30:00,274,225.19,1,0,0.9
2024-06-26 04:30:00,2024-06-26 05:00:00,273,225.98,1,1,0.9
2024-06-26 05:00:00,2024-06-26 05:30:00,275,226.8,1,1,0.9
2024-06-26 05:30:00,2024-06-26 06:00:00,255,227.34,1,1,0.9
2024-06-26 06:00:00,2024-06-26 06:30:00,250,227.66,1,1,0.9
2024-06-26 06:30:00,2024-06-26 07:00:00,231,227.67,1,1,0.9
2024-06-26 07:00:00,2024-06-26 07:30:00,224,227.52,1,1,0.9
2024-06-26 07:30:00,2024-06-26 08:00:00,208,227.3,1,1,0.9
2024-06-26 08:00:00,2024-06-26 08:30:00,212,227.04,1,1,0.9
2024-06-26 08:30:00,2024-06-26 09:00:00,203,226.79,1,1,0.9
2024-06-26 09:00:00,2024-06-26 09:30:00,196,226.55,1,0,0.9
2024-06-26 09:30:00,2024-06-26 10:00:00,193,226.36,1,1,0.9
2024-06-26 10:00:00,2024-06-26 10:30:00,185,226.11,1,1,0.9
2024-06-26 10:30:00,2024-06-26 11:00:00,192,225.96,1,1,0.9
2024-06-26 11:00:00,2024-06-26 11:30:00,176,225.68,1,1,0.9
2024-06-26 11:30:00,2024-06-26 12:00:00,180,225.44,1,1,0.9
2024-06-26 12:00:00,2024-06-26 12:30:00,174,225.15,1,1,0.9
2024-06-26 12:30:00,2024-06-26 13:00:00,187,225.01,1,1,0.9
2024-06-26 13:00:00,2024-06-26 13:30:00,184,224.85,1,1,0.9
2024-06-26 13:30:00,2024-06-26 14:00:00,205,224.91,1,1,0.9
2024-06-26 14:00:00,2024-06-26 14:30:00,206,224.98,1,0,0.9
2024-06-26 14:30:00,2024-06-26 15:00:00,227,225.26,1,1,0.9
2024-06-26 15:00:00,2024-06-26 15:30:00,232,225.57,1,1,0.9
2024-06-26 15:30:00,2024-06-26 16:00:00,264,226.16,1,1,0.9
2024-06-26 16:00:00,2024-06-26 16:30:00,257,226.75,1,1,0.9
2024-06-26 16:30:00,2024-06-26 17:00:00,277,227.53,1,1,0.9
2024-06-26 17:00:00,2024-06-26 17:30:00,283,228.37,1,1,0.9
2024-06-26 17:30:00,2024-06-26 18:00:00,294,229.32,1,1,0.9
2024-06-26 18:00:00,2024-06-26 18:30:00,299,230.34,1,1,0.9
2024-06-26 18:30:00,2024-06-26 19:00:00,300,231.36,1,1,0.9
2024-06-26 19:00:00,2024-06-26 19:30:00,305,232.4,1,0,0.9
2024-06-26 19:30:00,2024-06-26 20:00:00,292,233.32,1,1,0.9
2024-06-26 20:00:00,2024-06-26 20:30:00,295,234.28,1,1,0.9
2024-06-26 20:30:00,2024-06-26 21:00:00,288,235.15,1,1,0.9
2024-06-26 21:00:00,2024-06-26 21:30:00,273,235.89,1,1,0.9
2024-06-26 21:30:00,2024-06-26 22:00:00,257,236.48,1,1,0.9
2024-06-26 22:00:00,2024-06-26 22:30:00,232,236.79,1,1,0.9
2024-06-26 22:30:00,2024-06-26 23:00:00,213,236.87,1,1,0.9
2024-06-26 23:00:00,2024-06-26 23:30:00,192,236.73,1,1,0.9
2024-06-26 23:30:00,2024-06-27 00:00:00,183,236.52,1,1,0.9
2024-06-27 00:00:00,2024-06-27 00:30:00,180,236.29,1,1,0.91
2024-06-27 00:30:00,2024-06-27 01:00:00,181,236.09,1,1,0.91
2024-06-27 01:00:00,2024-06-27 01:30:00,172,235.79,1,1,0.91
2024-06-27 01:30:00,2024-06-27 02:00:00,184,235.61,1,1,0.91
2024-06-27 02:00:00,2024-06-27 02:30:00,182,235.37,1,1,0.91
2024-06-27 02:30:00,2024-06-27 03:00:00,193,235.07,1,1,0.91
2024-06-27 03:00:00,2024-06-27 03:30:00,198,234.81,1,1,0.91
2024-06-27 03:30:00,2024-06-27 04:00:00,211,234.68,1,1,0.91
2024-06-27 04:00:00,2024-06-27 04:30:00,210,234.51,1,1,0.91
2024-06-27 04:30:00,2024-06-27 05:00:00,211,234.23,1,1,0.91
2024-06-27 05:00:00,2024-06-27 05:30:00,208,233.86,1,1,0.92
2024-06-27 05:30:00,2024-06-27 06:00:00,203,233.28,1,1,0.92
2024-06-27 06:00:00,2024-06-27 06:30:00,208,232.65,1,1,0.92
2024-06-27 06:30:00,2024-06-27 07:00:00,192,231.82,1,1,0.92
2024-06-27 07:00:00,2024-06-27 07:30:00,182,230.94,1,1,0.92
2024-06-27 07:30:00,2024-06-27 08:00:00,163,230.0,1,1,0.92
2024-06-27 08:00:00,2024-06-27 08:30:00,144,228.9,1,1,0.92
2024-06-27 08:30:00,2024-06-27 09:00:00,139,227.83,1,1,0.92
2024-06-27 09:00:00,2024-06-27 09:30:00,119,226.68,1,1,0.92
2024-06-27 09:30:00,2024-06-27 10:00:00,110,225.51,1,1,0.92
2024-06-27 10:00:00,2024-06-27 10:30:00,109,224.33,1,1,0.93
2024-06-27 10:30:00,2024-06-27 11:00:00,107,223.23,1,1,0.93
2024-06-27 11:00:00,2024-06-27 11:30:00,88,222.09,1,1,0.93
2024-06-27 11:30:00,2024-06-27 12:00:00,81,221.01,1,1,0.93
2024-06-27 12:00:00,2024-06-27 12:30:00,79,219.95,1,1,0.93
2024-06-27 12:30:00,2024-06-27 13:00:00,87,218.99,1,1,0.93
2024-06-27 13:00:00,2024-06-27 13:30:00,87,218.01,1,1,0.93
2024-06-27 13:30:00,2024-06-27 14:00:00,89,217.04,1,1,0.93
2024-06-27 14:00:00,2024-06-27 14:30:00,89,216.06,1,1,0.93
2024-06-27 14:30:00,2024-06-27 15:00:00,91,215.02,1,1,0.93
2024-06-27 15:00:00,2024-06-27 15:30:00,100,214.06,1,1,0.94
2024-06-27 15:30:00,2024-06-27 16:00:00,112,213.24,1,1,0.94
2024-06-27 16:00:00,2024-06-27 16:30:00,123,212.47,1,1,0.94
2024-06-27 16:30:00,2024-06-27 17:00:00,130,211.74,1,1,0.94
2024-06-27 17:00:00,2024-06-27 17:30:00,140,211.04,1,1,0.94
2024-06-27 17:30:00,2024-06-27 18:00:00,147,210.28,1,1,0.94
2024-06-27 18:00:00,2024-06-27 18:30:00,149,209.46,1,1,0.94
2024-06-27 18:30:00,2024-06-27 19:00:00,150,208.5,1,1,0.94
2024-06-27 19:00:00,2024-06-27 19:30:00,155,207.53,1,1,0.94
2024-06-27 19:30:00,2024-06-27 20:00:00,158,206.57,1,1,0.94
2024-06-27 20:00:00,2024-06-27 20:30:00,158,205.6,1,1,0.95
2024-06-27 20:30:00,2024-06-27 21:00:00,151,204.52,1,1,0.95
2024-06-27 21:00:00,2024-06-27 21:30:00,133,203.19,1,1,0.95
2024-06-27 21:30:00,2024-06-27 22:00:00,125,201.77,1,1,0.95
2024-06-27 22:00:00,2024-06-27 22:30:00,111,200.16,1,1,0.95
2024-06-27 22:30:00,2024-06-27 23:00:00,115,198.57,1,1,0.95
2024-06-27 23:00:00,2024-06-27 23:30:00,108,196.95,1,1,0.95
2024-06-27 23:30:00,2024-06-28 00:00:00,115,195.49,1,1,0.95
2024-06-27 23:30:00,2024-06-28 00:00:00,115,194.04,1,1,0.95
2024-06-28 00:00:00,2024-06-28 00:30:00,111,192.5,1,1,0.95
2024-06-28 00:30:00,2024-06-28 01:00:00,107,190.82,1,1,0.96
2024-06-28 01:00:00,2024-06-28 01:30:00,103,189.08,1,1,0.96
2024-06-28 01:30:00,2024-06-28 02:00:00,92,187.26,1,1,0.96
2024-06-28 02:00:00,2024-06-28 02:30:00,95,185.52,1,1,0.96
2024-06-28 02:30:00,2024-06-28 03:00:00,97,183.77,1,1,0.96
2024-06-28 03:00:00,2024-06-28 03:30:00,97,182.1,1,1,0.96
2024-06-28 03:30:00,2024-06-28 04:00:00,107,180.52,1,1,0.96
2024-06-28 04:00:00,2024-06-28 04:30:00,123,179.08,1,1,0.96
2024-06-28 04:30:00,2024-06-28 05:00:00,125,177.65,1,1,0.96
2024-06-28 05:00:00,2024-06-28 05:30:00,132,176.27,1,1,0.96
2024-06-28 05:30:00,2024-06-28 06:00:00,127,174.8,1,1,0.97
2024-06-28 06:00:00,2024-06-28 06:30:00,132,173.39,1,1,0.97
2024-06-28 06:30:00,2024-06-28 07:00:00,137,172.01,1,1,0.97
2024-06-28 07:00:00,2024-06-28 07:30:00,133,170.79,1,1,0.97
2024-06-28 07:30:00,2024-06-28 08:00:00,117,169.46,1,1,0.97
2024-06-28 08:00:00,2024-06-28 08:30:00,119,168.34,1,1,0.97
2024-06-28 08:30:00,2024-06-28 09:00:00,109,167.19,1,1,0.97
2024-06-28 09:00:00,2024-06-28 09:30:00,110,166.21,1,1,0.97
2024-06-28 09:30:00,2024-06-28 10:00:00,99,165.08,1,1,0.97
2024-06-28 10:00:00,2024-06-28 10:30:00,98,164.03,1,2,0.98
2024-06-28 10:30:00,2024-06-28 11:00:00,94,163.01,1,1,0.99
2024-06-28 11:00:00,2024-06-28 11:30:00,93,162.01,1,1,0.99
2024-06-28 11:30:00,2024-06-28 12:00:00,94,161.1,1,1,0.99
2024-06-28 12:00:00,2024-06-28 12:30:00,92,160.1,1,1,0.99
2024-06-28 12:30:00,2024-06-28 13:00:00,100,159.34,1,1,0.99
2024-06-28 13:00:00,2024-06-28 13:30:00,100,158.54,1,1,0.99
2024-06-28 13:30:00,2024-06-28 14:00:00,99,157.79,1,1,0.99
2024-06-28 14:00:00,2024-06-28 14:30:00,101,156.93,1,1,0.99
2024-06-28 14:30:00,2024-06-28 15:00:00,101,156.1,1,1,0.99
2024-06-28 15:00:00,2024-06-28 15:30:00,122,155.27,1,2,1.0
2024-06-28 15:30:00,2024-06-28 16:00:00,134,154.55,1,1,1.01
2024-06-28 16:00:00,2024-06-28 16:30:00,141,153.69,1,1,1.01
2024-06-28 16:30:00,2024-06-28 17:00:00,139,152.76,1,1,1.01
2024-06-28 17:00:00,2024-06-28 17:30:00,167,151.79,1,1,1.01
2024-06-28 17:30:00,2024-06-28 18:00:00,184,151.06,1,1,1.01
2024-06-28 18:00:00,2024-06-28 18:30:00,208,150.37,1,1,1.01
2024-06-28 18:30:00,2024-06-28 19:00:00,219,149.73,1,1,1.01
2024-06-28 19:00:00,2024-06-28 19:30:00,224,149.03,1,1,1.01
2024-06-28 19:30:00,2024-06-28 20:00:00,236,148.4,1,1,1.01
2024-06-28 20:00:00,2024-06-28 20:30:00,237,147.77,1,2,1.02
2024-06-28 20:30:00,2024-06-28 21:00:00,234,147.06,1,1,1.03
2024-06-28 21:00:00,2024-06-28 21:30:00,241,146.55,1,1,1.03
2024-06-28 21:30:00,2024-06-28 22:00:00,242,146.02,1,1,1.03
2024-06-28 22:00:00,2024-06-28 22:30:00,236,145.5,1,1,1.03
2024-06-28 22:30:00,2024-06-28 23:00:00,232,145.09,1,1,1.03
2024-06-28 23:00:00,2024-06-28 23:30:00,213,144.65,1,1,1.03
2024-06-28 23:30:00,2024-06-29 00:00:00,211,144.44,1,1,1.03
2024-06-29 00:00:00,2024-06-29 00:30:00,200,144.31,1,2,1.04
2024-06-29 00:30:00,2024-06-29 01:00:00,198,144.37,1,1,1.04
2024-06-29 01:00:00,2024-06-29 01:30:00,190,144.44,1,1,1.04
2024-06-29 01:30:00,2024-06-29 02:00:00,184,144.48,1,1,1.04
2024-06-29 02:00:00,2024-06-29 02:30:00,195,144.62,1,1,1.04
2024-06-29 02:30:00,2024-06-29 03:00:00,201,144.91,1,1,1.04
2024-06-29 03:00:00,2024-06-29 03:30:00,189,144.96,1,1,1.04
2024-06-29 03:30:00,2024-06-29 04:00:00,189,145.03,1,1,1.04
2024-06-29 04:00:00,2024-06-29 04:30:00,184,144.94,1,1,1.04
2024-06-29 04:30:00,2024-06-29 05:00:00,165,144.61,1,1,1.04
2024-06-29 05:00:00,2024-06-29 05:30:00,162,144.12,1,1,1.04
2024-06-29 05:30:00,2024-06-29 06:00:00,145,143.47,1,1,1.04
2024-06-29 06:00:00,2024-06-29 06:30:00,149,142.85,1,2,1.05
2024-06-29 06:30:00,2024-06-29 07:00:00,151,142.28,1,1,1.05
2024-06-29 07:00:00,2024-06-29 07:30:00,158,141.83,1,1,1.05
2024-06-29 07:30:00,2024-06-29 08:00:00,156,141.31,1,1,1.05
2024-06-29 08:00:00,2024-06-29 08:30:00,156,140.95,1,1,1.05
2024-06-29 08:30:00,2024-06-29 09:00:00,151,140.64,1,1,1.05
2024-06-29 09:00:00,2024-06-29 09:30:00,134,140.35,1,1,1.05
2024-06-29 09:30:00,2024-06-29 10:00:00,121,140.12,1,1,1.05
2024-06-29 10:00:00,2024-06-29 10:30:00,112,139.85,1,1,1.05
2024-06-29 10:30:00,2024-06-29 11:00:00,103,139.69,1,1,1.05
2024-06-29 11:00:00,2024-06-29 11:30:00,101,139.6,1,2,1.06
2024-06-29 11:30:00,2024-06-29 12:00:00,95,139.46,1,1,1.06
2024-06-29 12:00:00,2024-06-29 12:30:00,91,139.3,1,8,1.13
2024-06-29 12:30:00,2024-06-29 13:00:00,97,139.39,1,1,1.13
2024-06-29 13:00:00,2024-06-29 13:30:00,100,139.58,1,1,1.13
2024-06-29 13:30:00,2024-06-29 14:00:00,104,139.83,1,1,1.13
2024-06-29 14:00:00,2024-06-29 14:30:00,125,140.21,1,1,1.13
2024-06-29 14:30:00,2024-06-29 15:00:00,142,140.76,1,1,1.13
2024-06-29 15:00:00,2024-06-29 15:30:00,179,141.66,1,1,1.13
2024-06-29 15:30:00,2024-06-29 16:00:00,233,143.1,1,1,1.13
2024-06-29 16:00:00,2024-06-29 16:30:00,256,144.75,1,1,1.13
2024-06-29 16:30:00,2024-06-29 17:00:00,274,146.49,1,1,1.13
2024-06-29 17:00:00,2024-06-29 17:30:00,277,148.14,1,1,1.13
2024-06-29 17:30:00,2024-06-29 18:00:00,275,149.66,1,1,1.13
2024-06-29 18:00:00,2024-06-29 18:30:00,280,151.16,1,1,1.13
2024-06-29 18:30:00,2024-06-29 19:00:00,278,152.54,1,1,1.13
2024-06-29 19:00:00,2024-06-29 19:30:00,280,153.87,1,1,1.13
2024-06-29 19:30:00,2024-06-29 20:00:00,282,155.2,1,1,1.13
2024-06-29 20:00:00,2024-06-29 20:30:00,289,156.59,1,1,1.13
2024-06-29 20:30:00,2024-06-29 21:00:00,283,157.87,1,1,1.13
2024-06-29 21:00:00,2024-06-29 21:30:00,265,158.94,1,1,1.13
2024-06-29 21:30:00,2024-06-29 22:00:00,237,159.73,1,1,1.13
2024-06-29 22:00:00,2024-06-29 22:30:00,208,160.3,1,1,1.13
2024-06-29 22:30:00,2024-06-29 23:00:00,208,161.05,1,1,1.13
2024-06-29 23:00:00,2024-06-29 23:30:00,192,161.72,1,1,1.13
2024-06-29 23:30:00,2024-06-30 00:00:00,187,162.48,1,1,1.13
2024-06-30 00:00:00,2024-06-30 00:30:00,177,163.1,1,1,1.13
2024-06-30 00:30:00,2024-06-30 01:00:00,182,163.84,1,1,1.13
2024-06-30 01:00:00,2024-06-30 01:30:00,183,164.52,1,1,1.13
2024-06-30 01:30:00,2024-06-30 02:00:00,193,165.3,1,1,1.13
2024-06-30 02:00:00,2024-06-30 02:30:00,189,166.08,1,1,1.13
2024-06-30 02:30:00,2024-06-30 03:00:00,183,166.84,1,1,1.13
2024-06-30 03:00:00,2024-06-30 03:30:00,179,167.6,1,1,1.13
2024-06-30 03:30:00,2024-06-30 04:00:00,171,168.39,1,1,1.13
2024-06-30 04:00:00,2024-06-30 04:30:00,170,169.14,1,1,1.13
2024-06-30 04:30:00,2024-06-30 05:00:00,175,169.92,1,1,1.13
2024-06-30 05:00:00,2024-06-30 05:30:00,175,170.7,1,1,1.13
2024-06-30 05:30:00,2024-06-30 06:00:00,181,171.44,1,1,1.13
2024-06-30 06:00:00,2024-06-30 06:30:00,164,171.85,1,1,1.13
2024-06-30 06:30:00,2024-06-30 07:00:00,150,172.1,1,1,1.13
2024-06-30 07:00:00,2024-06-30 07:30:00,147,172.25,1,1,1.13
2024-06-30 07:30:00,2024-06-30 08:00:00,143,172.41,1,1,1.13
2024-06-30 08:00:00,2024-06-30 08:30:00,142,172.51,1,1,1.13
2024-06-30 08:30:00,2024-06-30 09:00:00,141,172.55,1,1,1.13
2024-06-30 09:00:00,2024-06-30 09:30:00,146,172.68,1,1,1.13
2024-06-30 09:30:00,2024-06-30 10:00:00,141,172.92,1,1,1.13
2024-06-30 10:00:00,2024-06-30 10:30:00,141,173.14,1,1,1.13
2024-06-30 10:30:00,2024-06-30 11:00:00,131,173.36,1,1,1.13
2024-06-30 11:00:00,2024-06-30 11:30:00,131,173.57,1,1,1.13
2024-06-30 11:30:00,2024-06-30 12:00:00,135,173.93,1,1,1.13
2024-06-30 12:00:00,2024-06-30 12:30:00,136,174.31,1,1,1.12
2024-06-30 12:30:00,2024-06-30 13:00:00,139,174.76,1,1,1.12
2024-06-30 13:00:00,2024-06-30 13:30:00,147,175.3,1,1,1.12
2024-06-30 13:30:00,2024-06-30 14:00:00,169,176.05,1,1,1.12
2024-06-30 14:00:00,2024-06-30 14:30:00,181,176.94,1,1,1.12
2024-06-30 14:30:00,2024-06-30 15:00:00,204,177.98,1,1,1.12
2024-06-30 15:00:00,2024-06-30 15:30:00,219,179.17,1,1,1.12
2024-06-30 15:30:00,2024-06-30 16:00:00,250,180.68,1,1,1.12
2024-06-30 16:00:00,2024-06-30 16:30:00,261,182.28,1,1,1.12
2024-06-30 16:30:00,2024-06-30 17:00:00,265,183.92,1,1,1.12
2024-06-30 17:00:00,2024-06-30 17:30:00,248,185.18,1,1,1.11
2024-06-30 17:30:00,2024-06-30 18:00:00,248,186.32,1,1,1.11
2024-06-30 18:00:00,2024-06-30 18:30:00,253,187.44,1,1,1.11
2024-06-30 18:30:00,2024-06-30 19:00:00,268,188.73,1,1,1.11
2024-06-30 19:00:00,2024-06-30 19:30:00,273,189.79,1,1,1.11
2024-06-30 19:30:00,2024-06-30 20:00:00,280,190.75,1,1,1.11
2024-06-30 20:00:00,2024-06-30 20:30:00,276,191.43,1,1,1.11
2024-06-30 20:30:00,2024-06-30 21:00:00,275,191.99,1,1,1.11
2024-06-30 21:00:00,2024-06-30 21:30:00,262,192.37,1,1,1.11
2024-06-30 21:30:00,2024-06-30 22:00:00,252,192.53,1,1,1.11
2024-06-30 22:00:00,2024-06-30 22:30:00,238,192.54,1,1,1.1
2024-06-30 22:30:00,2024-06-30 23:00:00,226,192.46,1,1,1.1
2024-06-30 23:00:00,2024-06-30 23:30:00,217,192.22,1,1,1.1
2024-06-30 23:30:00,2024-07-01 00:00:00,219,191.99,1,1,1.1
