Period from,Period to,Agile Import price (p/kWh),Agile Export price (p/kWh),Price_moving_avg,Asset_load,New_asset_load,New_asset_load_rolling
2024-06-02 00:00:00,2024-06-02 00:30:00,14.91,7.45,,1,0,
2024-06-02 00:30:00,2024-06-02 01:00:00,14.91,7.45,,1,1,
2024-06-02 01:00:00,2024-06-02 01:30:00,14.91,7.45,,1,1,
2024-06-02 01:30:00,2024-06-02 02:00:00,14.91,7.45,,1,1,
2024-06-02 02:00:00,2024-06-02 02:30:00,14.91,7.45,,1,1,
2024-06-02 02:30:00,2024-06-02 03:00:00,14.7,7.36,,1,1,
2024-06-02 03:00:00,2024-06-02 03:30:00,12.81,6.51,,1,1,
2024-06-02 03:30:00,2024-06-02 04:00:00,12.81,6.51,,1,1,
2024-06-02 04:00:00,2024-06-02 04:30:00,12.81,6.51,,1,1,
2024-06-02 04:30:00,2024-06-02 05:00:00,12.6,6.42,,1,1,
2024-06-02 05:00:00,2024-06-02 05:30:00,11.97,6.14,,1,0,
2024-06-02 05:30:00,2024-06-02 06:00:00,10.52,5.49,,1,1,
2024-06-02 06:00:00,2024-06-02 06:30:00,10.08,5.29,,1,1,
2024-06-02 06:30:00,2024-06-02 07:00:00,12.1,6.19,,1,1,
2024-06-02 07:00:00,2024-06-02 07:30:00,10.92,5.67,,1,1,
2024-06-02 07:30:00,2024-06-02 08:00:00,13.02,6.61,,1,1,
2024-06-02 08:00:00,2024-06-02 08:30:00,12.26,6.27,,1,1,
2024-06-02 08:30:00,2024-06-02 09:00:00,13.02,6.61,,1,1,
2024-06-02 09:00:00,2024-06-02 09:30:00,11.97,6.14,,1,1,
2024-06-02 09:30:00,2024-06-02 10:00:00,11.97,6.14,,1,1,
2024-06-02 10:00:00,2024-06-02 10:30:00,11.97,6.14,,1,0,
2024-06-02 10:30:00,2024-06-02 11:00:00,11.97,6.14,,1,1,
2024-06-02 11:00:00,2024-06-02 11:30:00,11.97,6.14,,1,1,
2024-06-02 11:30:00,2024-06-02 12:00:00,10.5,5.48,,1,1,
2024-06-02 12:00:00,2024-06-02 12:30:00,10.92,5.67,,1,1,
2024-06-02 12:30:00,2024-06-02 13:00:00,10.5,5.48,,1,1,
2024-06-02 13:00:00,2024-06-02 13:30:00,13.02,6.61,,1,1,
2024-06-02 13:30:00,2024-06-02 14:00:00,10.52,5.49,,1,1,
2024-06-02 14:00:00,2024-06-02 14:30:00,10.5,5.48,,1,1,
2024-06-02 14:30:00,2024-06-02 15:00:00,10.5,5.48,,1,1,
2024-06-02 15:00:00,2024-06-02 15:30:00,10.5,5.48,,1,0,
2024-06-02 15:30:00,2024-06-02 16:00:00,10.52,5.49,,1,1,
2024-06-02 16:00:00,2024-06-02 16:30:00,25.2,11.75,,1,1,
2024-06-02 16:30:00,2024-06-02 17:00:00,27.72,12.88,,1,1,
2024-06-02 17:00:00,2024-06-02 17:30:00,31.84,14.72,,1,1,
2024-06-02 17:30:00,2024-06-02 18:00:00,33.47,15.45,,1,1,
2024-06-02 18:00:00,2024-06-02 18:30:00,32.76,15.13,,1,1,
2024-06-02 18:30:00,2024-06-02 19:00:00,33.89,15.64,,1,1,
2024-06-02 19:00:00,2024-06-02 19:30:00,18.92,9.25,,1,1,
2024-06-02 19:30:00,2024-06-02 20:00:00,19.45,9.48,,1,1,
2024-06-02 20:00:00,2024-06-02 20:30:00,19.17,9.36,,1,0,
2024-06-02 20:30:00,2024-06-02 21:00:00,18.06,8.86,,1,1,
2024-06-02 21:00:00,2024-06-02 21:30:00,19.34,9.44,,1,1,
2024-06-02 21:30:00,2024-06-02 22:00:00,18.48,9.05,,1,1,
2024-06-02 22:00:00,2024-06-02 22:30:00,18.48,9.05,,1,1,
2024-06-02 22:30:00,2024-06-02 23:00:00,17.75,8.72,,1,1,
2024-06-02 23:00:00,2024-06-02 23:30:00,17.22,8.49,,1,1,
2024-06-02 23:30:00,2024-06-03 00:00:00,16.8,8.3,,1,1,
2024-06-03 00:00:00,2024-06-03 00:30:00,15.88,7.89,,1,1,
2024-06-03 00:30:00,2024-06-03 01:00:00,15.46,7.7,,1,1,
2024-06-03 01:00:00,2024-06-03 01:30:00,14.45,7.25,,1,0,
2024-06-03 01:30:00,2024-06-03 02:00:00,14.45,7.25,,1,1,
2024-06-03 02:00:00,2024-06-03 02:30:00,13.44,6.8,,1,1,
2024-06-03 02:30:00,2024-06-03 03:00:00,13.44,6.8,,1,1,
2024-06-03 03:00:00,2024-06-03 03:30:00,13.44,6.8,,1,1,
2024-06-03 03:30:00,2024-06-03 04:00:00,12.83,6.52,,1,1,
2024-06-03 04:00:00,2024-06-03 04:30:00,13.88,6.99,,1,1,
2024-06-03 04:30:00,2024-06-03 05:00:00,13.1,6.65,,1,1,
2024-06-03 05:00:00,2024-06-03 05:30:00,14.07,7.08,,1,1,
2024-06-03 05:30:00,2024-06-03 06:00:00,14.89,7.44,,1,1,
2024-06-03 06:00:00,2024-06-03 06:30:00,16.8,8.3,,1,0,
2024-06-03 06:30:00,2024-06-03 07:00:00,18.88,9.23,,1,1,
2024-06-03 07:00:00,2024-06-03 07:30:00,20.68,10.04,,1,1,
2024-06-03 07:30:00,2024-06-03 08:00:00,24.57,11.78,,1,1,
2024-06-03 08:00:00,2024-06-03 08:30:00,19.74,9.62,,1,1,
2024-06-03 08:30:00,2024-06-03 09:00:00,20.16,9.8,,1,1,
2024-06-03 09:00:00,2024-06-03 09:30:00,18.27,8.96,,1,1,
2024-06-03 09:30:00,2024-06-03 10:00:00,17.14,8.45,,1,1,
2024-06-03 10:00:00,2024-06-03 10:30:00,18.14,8.9,,1,1,
2024-06-03 10:30:00,2024-06-03 11:00:00,18.06,8.86,,1,1,
2024-06-03 11:00:00,2024-06-03 11:30:00,17.22,8.49,,1,0,
2024-06-03 11:30:00,2024-06-03 12:00:00,16.53,8.18,,1,1,
2024-06-03 12:00:00,2024-06-03 12:30:00,16.51,8.17,,1,1,
2024-06-03 12:30:00,2024-06-03 13:00:00,15.75,7.83,,1,1,
2024-06-03 13:00:00,2024-06-03 13:30:00,15.33,7.64,,1,1,
2024-06-03 13:30:00,2024-06-03 14:00:00,15.12,7.55,,1,1,
2024-06-03 14:00:00,2024-06-03 14:30:00,15.12,7.55,,1,1,
2024-06-03 14:30:00,2024-06-03 15:00:00,14.53,7.28,,1,1,
2024-06-03 15:00:00,2024-06-03 15:30:00,15.09,7.53,,1,1,
2024-06-03 15:30:00,2024-06-03 16:00:00,15.98,7.93,,1,1,
2024-06-03 16:00:00,2024-06-03 16:30:00,30.2,13.99,,1,0,
2024-06-03 16:30:00,2024-06-03 17:00:00,31.96,14.78,,1,1,
2024-06-03 17:00:00,2024-06-03 17:30:00,34.92,16.1,,1,1,
2024-06-03 17:30:00,2024-06-03 18:00:00,33.6,15.51,,1,1,
2024-06-03 18:00:00,2024-06-03 18:30:00,36.71,16.9,,1,1,
2024-06-03 18:30:00,2024-06-03 19:00:00,35.91,16.54,,1,1,
2024-06-03 19:00:00,2024-06-03 19:30:00,24.78,11.87,,1,1,
2024-06-03 19:30:00,2024-06-03 20:00:00,23.52,11.31,,1,1,
2024-06-03 20:00:00,2024-06-03 20:30:00,23.31,11.21,,1,1,
2024-06-03 20:30:00,2024-06-03 21:00:00,22.87,11.02,,1,1,
2024-06-03 21:00:00,2024-06-03 21:30:00,21.63,10.46,,1,0,
2024-06-03 21:30:00,2024-06-03 22:00:00,19.8,9.64,,1,1,
2024-06-03 22:00:00,2024-06-03 22:30:00,19.49,9.5,,1,1,
2024-06-03 22:30:00,2024-06-03 23:00:00,17.64,8.68,,1,1,
2024-06-03 23:00:00,2024-06-03 23:30:00,18.69,9.15,,1,1,
2024-06-03 23:30:00,2024-06-04 00:00:00,20.16,9.8,,1,1,
2024-06-04 00:00:00,2024-06-04 00:30:00,17.91,8.8,,1,1,
2024-06-04 00:30:00,2024-06-04 01:00:00,17.6,8.66,,1,1,
2024-06-04 01:00:00,2024-06-04 01:30:00,17.3,8.53,,1,1,
2024-06-04 01:30:00,2024-06-04 02:00:00,16.97,8.38,17.6397,1,1,0.9
2024-06-04 02:00:00,2024-06-04 02:30:00,15.64,7.78,17.647,1,0,0.9
2024-06-04 02:30:00,2024-06-04 03:00:00,14.28,7.17,17.640700000000002,1,1,0.9
2024-06-04 03:00:00,2024-06-04 03:30:00,13.27,6.72,17.6243,1,1,0.9
2024-06-04 03:30:00,2024-06-04 04:00:00,11.97,6.14,17.5949,1,1,0.9
2024-06-04 04:00:00,2024-06-04 04:30:00,14.74,7.38,17.593200000000003,1,1,0.9
2024-06-04 04:30:00,2024-06-04 05:00:00,13.65,6.89,17.5827,1,1,0.9
2024-06-04 05:00:00,2024-06-04 05:30:00,15.12,7.55,17.605800000000002,1,1,0.9
2024-06-04 05:30:00,2024-06-04 06:00:00,15.6,7.76,17.6337,1,1,0.9
2024-06-04 06:00:00,2024-06-04 06:30:00,20.18,9.81,17.7074,1,1,0.9
2024-06-04 06:30:00,2024-06-04 07:00:00,23.1,11.12,17.8124,1,1,0.9
2024-06-04 07:00:00,2024-06-04 07:30:00,22.89,11.03,17.9216,1,0,0.9
2024-06-04 07:30:00,2024-06-04 08:00:00,25.43,12.16,18.0707,1,1,0.9
2024-06-04 08:00:00,2024-06-04 08:30:00,18.9,9.24,18.158900000000003,1,1,0.9
2024-06-04 08:30:00,2024-06-04 09:00:00,17.77,8.73,18.2156,1,1,0.9
2024-06-04 09:00:00,2024-06-04 09:30:00,15.75,7.83,18.2639,1,1,0.9
2024-06-04 09:30:00,2024-06-04 10:00:00,14.38,7.22,18.2775,1,1,0.9
2024-06-04 10:00:00,2024-06-04 10:30:00,13.15,6.66,18.2864,1,1,0.9
2024-06-04 10:30:00,2024-06-04 11:00:00,11.78,6.05,18.273999999999997,1,1,0.9
2024-06-04 11:00:00,2024-06-04 11:30:00,11.34,5.86,18.2677,1,1,0.9
2024-06-04 11:30:00,2024-06-04 12:00:00,10.71,5.57,18.255100000000002,1,1,0.9
2024-06-04 12:00:00,2024-06-04 12:30:00,8.65,4.65,18.2219,1,0,0.9
2024-06-04 12:30:00,2024-06-04 13:00:00,7.46,4.12,18.1768,1,1,0.9
2024-06-04 13:00:00,2024-06-04 13:30:00,6.57,3.72,18.122799999999998,1,1,0.9
2024-06-04 13:30:00,2024-06-04 14:00:00,4.67,2.87,18.0645,1,1,0.9
2024-06-04 14:00:00,2024-06-04 14:30:00,8.4,4.54,18.0393,1,1,0.9
2024-06-04 14:30:00,2024-06-04 15:00:00,6.93,3.88,18.0036,1,1,0.9
2024-06-04 15:00:00,2024-06-04 15:30:00,6.87,3.85,17.9421,1,1,0.9
2024-06-04 15:30:00,2024-06-04 16:00:00,8.19,4.45,17.918799999999997,1,1,0.9
2024-06-04 16:00:00,2024-06-04 16:30:00,24.25,11.33,18.0563,1,1,0.9
2024-06-04 16:30:00,2024-06-04 17:00:00,27.51,12.78,18.2264,1,1,0.9
2024-06-04 17:00:00,2024-06-04 17:30:00,29.61,13.72,18.4175,1,0,0.9
2024-06-04 17:30:00,2024-06-04 18:00:00,31.06,14.37,18.6229,1,1,0.9
2024-06-04 18:00:00,2024-06-04 18:30:00,35.2,16.22,18.7229,1,1,0.9
2024-06-04 18:30:00,2024-06-04 19:00:00,35.07,16.17,18.7964,1,1,0.9
2024-06-04 19:00:00,2024-06-04 19:30:00,21.42,10.37,18.6922,1,1,0.9
2024-06-04 19:30:00,2024-06-04 20:00:00,20.83,10.1,18.5658,1,1,0.9
2024-06-04 20:00:00,2024-06-04 20:30:00,21.9,10.58,18.4572,1,1,0.9
2024-06-04 20:30:00,2024-06-04 21:00:00,22.51,10.86,18.3434,1,1,0.9
2024-06-04 21:00:00,2024-06-04 21:30:00,20.79,10.09,18.3621,1,1,0.9
2024-06-04 21:30:00,2024-06-04 22:00:00,18.63,9.12,18.3539,1,1,0.9
2024-06-04 22:00:00,2024-06-04 22:30:00,15.83,7.87,18.3205,1,0,0.9
2024-06-04 22:30:00,2024-06-04 23:00:00,12.39,6.33,18.2638,1,1,0.9
2024-06-04 23:00:00,2024-06-04 23:30:00,9.53,5.05,18.1657,1,1,0.9
2024-06-04 23:30:00,2024-06-05 00:00:00,5.04,3.04,18.0313,1,1,0.9
2024-06-05 00:00:00,2024-06-05 00:30:00,6.59,3.73,17.9124,1,1,0.9
2024-06-05 00:30:00,2024-06-05 01:00:00,3.25,2.24,17.7674,1,12,1.01
2024-06-05 01:00:00,2024-06-05 01:30:00,6.85,3.84,17.663700000000002,1,1,1.01
2024-06-05 01:30:00,2024-06-05 02:00:00,7.56,4.16,17.5713,1,1,1.01
2024-06-05 02:00:00,2024-06-05 02:30:00,6.93,3.88,17.4818,1,1,1.01
2024-06-05 02:30:00,2024-06-05 03:00:00,5.25,3.13,17.3797,1,1,1.01
2024-06-05 03:00:00,2024-06-05 03:30:00,7.56,4.16,17.3108,1,0,1.01
2024-06-05 03:30:00,2024-06-05 04:00:00,7.31,4.05,17.2394,1,1,1.01
2024-06-05 04:00:00,2024-06-05 04:30:00,6.89,3.86,17.1739,1,1,1.01
2024-06-05 04:30:00,2024-06-05 05:00:00,5.67,3.32,17.0962,1,1,1.01
2024-06-05 05:00:00,2024-06-05 05:30:00,8.82,4.73,17.05,1,1,1.01
2024-06-05 05:30:00,2024-06-05 06:00:00,10.29,5.39,17.0246,1,1,1.01
2024-06-05 06:00:00,2024-06-05 06:30:00,13.65,6.89,17.0223,1,1,1.01
2024-06-05 06:30:00,2024-06-05 07:00:00,19.07,9.32,17.081999999999997,1,1,1.01
2024-06-05 07:00:00,2024-06-05 07:30:00,16.44,8.14,17.1057,1,1,1.01
2024-06-05 07:30:00,2024-06-05 08:00:00,18.42,9.02,17.141,1,1,1.01
2024-06-05 08:00:00,2024-06-05 08:30:00,18.88,9.23,17.1618,1,0,1.01
2024-06-05 08:30:00,2024-06-05 09:00:00,18.48,9.05,17.157799999999998,1,1,1.01
2024-06-05 09:00:00,2024-06-05 09:30:00,16.57,8.2,17.1167,1,1,1.01
2024-06-05 09:30:00,2024-06-05 10:00:00,15.75,7.83,17.0285,1,1,1.01
2024-06-05 10:00:00,2024-06-05 10:30:00,12.26,6.27,16.9537,1,1,1.01
2024-06-05 10:30:00,2024-06-05 11:00:00,10.77,5.6,16.8598,1,1,1.01
2024-06-05 11:00:00,2024-06-05 11:30:00,10.49,5.48,16.782,1,1,1.01
2024-06-05 11:30:00,2024-06-05 12:00:00,10.08,5.29,16.711399999999998,1,1,1.01
2024-06-05 12:00:00,2024-06-05 12:30:00,9.91,5.22,16.6291,1,1,1.01
2024-06-05 12:30:00,2024-06-05 13:00:00,8.9,4.77,16.5375,1,1,1.01
2024-06-05 13:00:00,2024-06-05 13:30:00,7.14,3.98,16.436700000000002,1,0,1.01
2024-06-05 13:30:00,2024-06-05 14:00:00,5.61,3.29,16.3275,1,1,1.01
2024-06-05 14:00:00,2024-06-05 14:30:00,5.46,3.22,16.217,1,1,1.01
2024-06-05 14:30:00,2024-06-05 15:00:00,4.62,2.85,16.105700000000002,1,1,1.01
2024-06-05 15:00:00,2024-06-05 15:30:00,6.72,3.79,16.0196,1,1,1.01
2024-06-05 15:30:00,2024-06-05 16:00:00,8.23,4.46,15.9507,1,1,1.01
2024-06-05 16:00:00,2024-06-05 16:30:00,23.94,11.19,16.038899999999998,1,1,1.01
2024-06-05 16:30:00,2024-06-05 17:00:00,25.62,11.94,16.1498,1,1,1.01
2024-06-05 17:00:00,2024-06-05 17:30:00,29.4,13.63,16.2929,1,1,1.01
2024-06-05 17:30:00,2024-06-05 18:00:00,30.24,14.01,16.4355,1,1,1.01
2024-06-05 18:00:00,2024-06-05 18:30:00,34.02,15.7,16.473699999999997,1,0,1.01
2024-06-05 18:30:00,2024-06-05 19:00:00,33.18,15.32,16.4859,1,1,1.01
2024-06-05 19:00:00,2024-06-05 19:30:00,22.18,10.71,16.358500000000003,1,1,1.01
2024-06-05 19:30:00,2024-06-05 20:00:00,22.18,10.71,16.2443,1,1,1.01
2024-06-05 20:00:00,2024-06-05 20:30:00,22.05,10.65,16.0977,1,1,1.01
2024-06-05 20:30:00,2024-06-05 21:00:00,21.84,10.56,15.957,1,1,1.01
2024-06-05 21:00:00,2024-06-05 21:30:00,21.97,10.61,15.9289,1,1,1.01
2024-06-05 21:30:00,2024-06-05 22:00:00,20.58,9.99,15.8995,1,1,1.01
2024-06-05 22:00:00,2024-06-05 22:30:00,20.16,9.8,15.868,1,1,1.01
2024-06-05 22:30:00,2024-06-05 23:00:00,16.57,8.2,15.805,1,1,1.01
2024-06-05 23:00:00,2024-06-05 23:30:00,16.0,7.94,15.7487,1,0,1.01
2024-06-05 23:30:00,2024-06-06 00:00:00,15.54,7.74,15.7061,1,1,1.01
2024-06-06 00:00:00,2024-06-06 00:30:00,13.65,6.89,15.6477,1,1,1.01
2024-06-06 00:30:00,2024-06-06 01:00:00,13.57,6.85,15.607000000000001,1,1,1.01
2024-06-06 01:00:00,2024-06-06 01:30:00,13.88,6.99,15.558900000000001,1,1,1.01
2024-06-06 01:30:00,2024-06-06 02:00:00,15.27,7.61,15.51,1,1,1.01
2024-06-06 02:00:00,2024-06-06 02:30:00,13.65,6.89,15.4674,1,1,1.01
2024-06-06 02:30:00,2024-06-06 03:00:00,13.65,6.89,15.4279,1,1,1.01
2024-06-06 03:00:00,2024-06-06 03:30:00,13.63,6.88,15.391200000000001,1,1,1.01
2024-06-06 03:30:00,2024-06-06 04:00:00,13.65,6.89,15.357999999999999,1,1,1.01
2024-06-06 04:00:00,2024-06-06 04:30:00,16.38,8.11,15.365400000000001,1,0,1.01
2024-06-06 04:30:00,2024-06-06 05:00:00,14.76,7.39,15.3702,1,1,1.01
2024-06-06 05:00:00,2024-06-06 05:30:00,18.48,9.05,15.4223,1,1,1.01
2024-06-06 05:30:00,2024-06-06 06:00:00,19.64,9.57,15.498999999999999,1,1,1.01
2024-06-06 06:00:00,2024-06-06 06:30:00,19.82,9.65,15.549799999999998,1,1,1.01
2024-06-06 06:30:00,2024-06-06 07:00:00,22.05,10.65,15.6338,1,1,1.01
2024-06-06 07:00:00,2024-06-06 07:30:00,18.9,9.24,15.671599999999998,1,1,1.01
2024-06-06 07:30:00,2024-06-06 08:00:00,20.5,9.95,15.7206,1,1,1.01
2024-06-06 08:00:00,2024-06-06 08:30:00,19.93,9.7,15.7181,1,1,1.01
2024-06-06 08:30:00,2024-06-06 09:00:00,19.36,9.45,15.6807,1,1,1.01
2024-06-06 09:00:00,2024-06-06 09:30:00,18.52,9.07,15.636999999999999,1,0,1.01
2024-06-06 09:30:00,2024-06-06 10:00:00,17.47,8.6,15.5574,1,1,1.01
2024-06-06 10:00:00,2024-06-06 10:30:00,15.64,7.78,15.5248,1,1,1.01
2024-06-06 10:30:00,2024-06-06 11:00:00,15.64,7.78,15.503499999999999,1,1,1.01
2024-06-06 11:00:00,2024-06-06 11:30:00,15.64,7.78,15.5024,1,1,1.01
2024-06-06 11:30:00,2024-06-06 12:00:00,15.64,7.78,15.515,1,1,1.01
2024-06-06 12:00:00,2024-06-06 12:30:00,14.72,7.37,15.5307,1,1,1.01
2024-06-06 12:30:00,2024-06-06 13:00:00,13.84,6.97,15.551300000000001,1,1,1.01
2024-06-06 13:00:00,2024-06-06 13:30:00,12.89,6.55,15.566799999999999,1,1,1.01
2024-06-06 13:30:00,2024-06-06 14:00:00,11.74,6.03,15.577099999999998,1,1,1.01
2024-06-06 14:00:00,2024-06-06 14:30:00,11.13,5.76,15.6019,1,0,1.01
2024-06-06 14:30:00,2024-06-06 15:00:00,10.42,5.44,15.6315,1,1,1.01
2024-06-06 15:00:00,2024-06-06 15:30:00,10.92,5.67,15.675,1,1,1.01
2024-06-06 15:30:00,2024-06-06 16:00:00,11.13,5.76,15.739600000000001,1,1,1.01
2024-06-06 16:00:00,2024-06-06 16:30:00,28.14,13.07,15.936999999999998,1,1,1.01
2024-06-06 16:30:00,2024-06-06 17:00:00,28.98,13.44,16.1575,1,1,1.01
2024-06-06 17:00:00,2024-06-06 17:30:00,31.79,14.7,16.406699999999997,1,1,1.01
2024-06-06 17:30:00,2024-06-06 18:00:00,31.08,14.38,16.6356,1,1,1.01
2024-06-06 18:00:00,2024-06-06 18:30:00,33.94,15.66,16.7325,1,1,1.01
2024-06-06 18:30:00,2024-06-06 19:00:00,34.36,15.85,16.801,1,1,1.01
2024-06-06 19:00:00,2024-06-06 19:30:00,23.65,11.36,16.7414,1,0,1.01
2024-06-06 19:30:00,2024-06-06 20:00:00,23.02,11.08,16.661,1,1,1.01
2024-06-06 20:00:00,2024-06-06 20:30:00,23.88,11.47,16.5478,1,1,1.01
2024-06-06 20:30:00,2024-06-06 21:00:00,23.88,11.47,16.4359,1,1,1.01
2024-06-06 21:00:00,2024-06-06 21:30:00,21.84,10.56,16.4401,1,1,1.01
2024-06-06 21:30:00,2024-06-06 22:00:00,20.16,9.8,16.433400000000002,1,1,1.01
2024-06-06 22:00:00,2024-06-06 22:30:00,18.9,9.24,16.403399999999998,1,1,1.01
2024-06-06 22:30:00,2024-06-06 23:00:00,16.7,8.25,16.345299999999998,1,1,1.01
2024-06-06 23:00:00,2024-06-06 23:30:00,18.06,8.86,16.317999999999998,1,1,1.01
2024-06-06 23:30:00,2024-06-07 00:00:00,17.85,8.77,16.3102,1,1,1.01
2024-06-07 00:00:00,2024-06-07 00:30:00,16.48,8.16,16.3167,1,0,1.01
2024-06-07 00:30:00,2024-06-07 01:00:00,17.2,8.48,16.3648,1,1,1.01
2024-06-07 01:00:00,2024-06-07 01:30:00,15.64,7.78,16.4259,1,1,1.01
2024-06-07 01:30:00,2024-06-07 02:00:00,17.9,8.8,16.5545,1,1,1.01
2024-06-07 02:00:00,2024-06-07 02:30:00,17.64,8.68,16.665,1,1,1.01
2024-06-07 02:30:00,2024-06-07 03:00:00,15.56,7.75,16.7881,1,1,0.9
2024-06-07 03:00:00,2024-06-07 03:30:00,15.56,7.75,16.8752,1,1,0.9
2024-06-07 03:30:00,2024-06-07 04:00:00,15.12,7.55,16.9508,1,1,0.9
2024-06-07 04:00:00,2024-06-07 04:30:00,15.56,7.75,17.0371,1,1,0.9
2024-06-07 04:30:00,2024-06-07 05:00:00,14.28,7.17,17.1274,1,1,0.9
2024-06-07 05:00:00,2024-06-07 05:30:00,15.56,7.75,17.2074,1,0,0.9
2024-06-07 05:30:00,2024-06-07 06:00:00,16.13,8.0,17.2956,1,1,0.9
2024-06-07 06:00:00,2024-06-07 06:30:00,16.02,7.95,17.386899999999997,1,1,0.9
2024-06-07 06:30:00,2024-06-07 07:00:00,21.19,10.26,17.5421,1,1,0.9
2024-06-07 07:00:00,2024-06-07 07:30:00,15.79,7.85,17.611800000000002,1,1,0.9
2024-06-07 07:30:00,2024-06-07 08:00:00,18.57,9.1,17.694599999999998,1,1,0.9
2024-06-07 08:00:00,2024-06-07 08:30:00,15.56,7.75,17.713700000000003,1,1,0.9
2024-06-07 08:30:00,2024-06-07 09:00:00,14.93,7.46,17.6723,1,1,0.9
2024-06-07 09:00:00,2024-06-07 09:30:00,14.2,7.13,17.6499,1,1,0.9
2024-06-07 09:30:00,2024-06-07 10:00:00,12.43,6.34,17.59,1,1,0.9
2024-06-07 10:00:00,2024-06-07 10:30:00,10.5,5.48,17.5062,1,0,0.9
2024-06-07 10:30:00,2024-06-07 11:00:00,9.51,5.04,17.4165,1,1,0.9
2024-06-07 11:00:00,2024-06-07 11:30:00,8.4,4.54,17.3348,1,1,0.9
2024-06-07 11:30:00,2024-06-07 12:00:00,8.61,4.63,17.2634,1,1,0.9
2024-06-07 12:00:00,2024-06-07 12:30:00,8.36,4.52,17.2244,1,1,0.9
2024-06-07 12:30:00,2024-06-07 13:00:00,7.35,4.07,17.1902,1,1,0.9
2024-06-07 13:00:00,2024-06-07 13:30:00,5.88,3.41,17.144099999999998,1,1,0.9
2024-06-07 13:30:00,2024-06-07 14:00:00,4.01,2.58,17.083399999999997,1,1,0.9
2024-06-07 14:00:00,2024-06-07 14:30:00,4.2,2.66,17.0263,1,1,0.9
2024-06-07 14:30:00,2024-06-07 15:00:00,4.2,2.66,16.979300000000002,1,1,0.9
2024-06-07 15:00:00,2024-06-07 15:30:00,5.46,3.22,16.9625,1,0,0.9
2024-06-07 15:30:00,2024-06-07 16:00:00,7.35,4.07,16.9799,1,1,0.9
2024-06-07 16:00:00,2024-06-07 16:30:00,23.08,10.8,17.156100000000002,1,1,0.9
2024-06-07 16:30:00,2024-06-07 17:00:00,26.25,12.22,17.3724,1,1,0.9
2024-06-07 17:00:00,2024-06-07 17:30:00,27.66,12.85,17.581799999999998,1,1,0.9
2024-06-07 17:30:00,2024-06-07 18:00:00,29.46,13.66,17.7941,1,1,0.9
2024-06-07 18:00:00,2024-06-07 18:30:00,32.11,14.84,17.875799999999998,1,1,0.9
2024-06-07 18:30:00,2024-06-07 19:00:00,32.93,15.21,17.9489,1,1,0.9
2024-06-07 19:00:00,2024-06-07 19:30:00,19.95,9.71,17.854400000000002,1,1,0.9
2024-06-07 19:30:00,2024-06-07 20:00:00,20.03,9.75,17.7523,1,1,0.9
2024-06-07 20:00:00,2024-06-07 20:30:00,20.87,10.12,17.620800000000003,1,0,0.9
2024-06-07 20:30:00,2024-06-07 21:00:00,20.5,9.95,17.494,1,1,0.9
2024-06-07 21:00:00,2024-06-07 21:30:00,19.82,9.65,17.470399999999998,1,1,0.9
2024-06-07 21:30:00,2024-06-07 22:00:00,19.74,9.62,17.446,1,1,0.9
2024-06-07 22:00:00,2024-06-07 22:30:00,18.9,9.24,17.414499999999997,1,1,0.9
2024-06-07 22:30:00,2024-06-07 23:00:00,14.77,7.39,17.343799999999998,1,1,0.9
2024-06-07 23:00:00,2024-06-07 23:30:00,18.27,8.96,17.3068,1,1,0.9
2024-06-07 23:30:00,2024-06-08 00:00:00,15.02,7.5,17.2512,1,1,0.9
2024-06-08 00:00:00,2024-06-08 00:30:00,13.61,6.87,17.1857,1,1,0.9
2024-06-08 00:30:00,2024-06-08 01:00:00,9.61,5.08,17.116100000000003,1,1,0.9
2024-06-08 01:00:00,2024-06-08 01:30:00,7.31,4.05,17.0292,1,0,0.9
2024-06-08 01:30:00,2024-06-08 02:00:00,7.67,4.21,16.950499999999998,1,1,0.9
2024-06-08 02:00:00,2024-06-08 02:30:00,8.74,4.69,16.9014,1,1,0.9
2024-06-08 02:30:00,2024-06-08 03:00:00,5.92,3.43,16.8249,1,1,0.9
2024-06-08 03:00:00,2024-06-08 03:30:00,6.3,3.6,16.7491,1,1,0.9
2024-06-08 03:30:00,2024-06-08 04:00:00,7.35,4.07,16.6699,1,1,0.9
2024-06-08 04:00:00,2024-06-08 04:30:00,7.33,4.06,16.6067,1,1,0.9
2024-06-08 04:30:00,2024-06-08 05:00:00,7.35,4.07,16.543699999999998,1,1,0.9
2024-06-08 05:00:00,2024-06-08 05:30:00,7.25,4.02,16.479899999999997,1,1,0.9
2024-06-08 05:30:00,2024-06-08 06:00:00,7.14,3.98,16.4148,1,1,0.9
2024-06-08 06:00:00,2024-06-08 06:30:00,7.39,4.09,16.3249,1,0,0.9
2024-06-08 06:30:00,2024-06-08 07:00:00,9.87,5.2,16.276,1,1,0.9
2024-06-08 07:00:00,2024-06-08 07:30:00,5.5,3.24,16.1462,1,1,0.9
2024-06-08 07:30:00,2024-06-08 08:00:00,5.67,3.32,16.006500000000003,1,1,0.9
2024-06-08 08:00:00,2024-06-08 08:30:00,3.04,2.14,15.838700000000001,1,1,0.9
2024-06-08 08:30:00,2024-06-08 09:00:00,3.15,2.19,15.649699999999998,1,1,0.9
2024-06-08 09:00:00,2024-06-08 09:30:00,1.16,1.3,15.4723,1,1,0.9
2024-06-08 09:30:00,2024-06-08 10:00:00,1.64,1.51,15.283700000000001,1,1,0.9
2024-06-08 10:00:00,2024-06-08 10:30:00,0.78,1.13,15.0922,1,1,0.9
2024-06-08 10:30:00,2024-06-08 11:00:00,0.34,0.93,14.902000000000001,1,2,0.91
2024-06-08 11:00:00,2024-06-08 11:30:00,-0.84,0.4,14.708400000000001,1,0,0.91
2024-06-08 11:30:00,2024-06-08 12:00:00,-1.93,0.0,14.5144,1,1,0.91
2024-06-08 12:00:00,2024-06-08 12:30:00,-1.89,0.0,14.339099999999998,1,1,0.91
2024-06-08 12:30:00,2024-06-08 13:00:00,-5.78,0.0,14.1249,1,1,0.91
2024-06-08 13:00:00,2024-06-08 13:30:00,-6.51,0.0,13.9034,1,1,0.91
2024-06-08 13:30:00,2024-06-08 14:00:00,-8.4,0.0,13.663,1,21,1.11
2024-06-08 14:00:00,2024-06-08 14:30:00,-6.09,0.0,13.4549,1,1,1.11
2024-06-08 14:30:00,2024-06-08 15:00:00,-6.3,0.0,13.253499999999999,1,1,1.11
2024-06-08 15:00:00,2024-06-08 15:30:00,-1.76,0.0,13.107000000000001,1,1,1.11
2024-06-08 15:30:00,2024-06-08 16:00:00,0.84,1.16,12.998,1,1,1.11
2024-06-08 16:00:00,2024-06-08 16:30:00,11.63,5.68,13.003,1,0,1.11
2024-06-08 16:30:00,2024-06-08 17:00:00,16.97,8.07,13.068499999999998,1,1,1.11
2024-06-08 17:00:00,2024-06-08 17:30:00,16.8,7.99,13.1273,1,1,1.11
2024-06-08 17:30:00,2024-06-08 18:00:00,26.46,12.31,13.2806,1,1,1.11
2024-06-08 18:00:00,2024-06-08 18:30:00,28.77,13.35,13.286900000000001,1,1,1.11
2024-06-08 18:30:00,2024-06-08 19:00:00,31.5,14.57,13.312100000000001,1,1,1.11
2024-06-08 19:00:00,2024-06-08 19:30:00,17.85,8.77,13.172699999999999,1,1,1.11
2024-06-08 19:30:00,2024-06-08 20:00:00,17.85,8.77,13.0404,1,1,1.11
2024-06-08 20:00:00,2024-06-08 20:30:00,20.02,9.74,12.901200000000001,1,1,1.11
2024-06-08 20:30:00,2024-06-08 21:00:00,19.32,9.43,12.7508,1,1,1.11
2024-06-08 21:00:00,2024-06-08 21:30:00,19.95,9.71,12.713799999999999,1,0,1.11
2024-06-08 21:30:00,2024-06-08 22:00:00,18.29,8.97,12.6665,1,1,1.11
2024-06-08 22:00:00,2024-06-08 22:30:00,17.75,8.72,12.6052,1,1,1.11
2024-06-08 22:30:00,2024-06-08 23:00:00,14.93,7.46,12.515699999999999,1,1,1.11
2024-06-08 23:00:00,2024-06-08 23:30:00,12.54,6.39,12.422699999999999,1,1,1.11
2024-06-08 23:30:00,2024-06-09 00:00:00,8.71,4.68,12.3082,1,1,1.11
2024-06-09 00:00:00,2024-06-09 00:30:00,7.06,3.94,12.1898,1,1,1.11
2024-06-09 00:30:00,2024-06-09 01:00:00,3.72,2.44,12.06,1,1,1.11
2024-06-09 01:00:00,2024-06-09 01:30:00,2.5,1.9,11.9044,1,1,1.11
2024-06-09 01:30:00,2024-06-09 02:00:00,2.5,1.9,11.7509,1,1,1.11
2024-06-09 02:00:00,2024-06-09 02:30:00,2.9,2.08,11.6151,1,0,1.11
2024-06-09 02:30:00,2024-06-09 03:00:00,0.13,0.84,11.4444,1,1,1.11
2024-06-09 03:00:00,2024-06-09 03:30:00,2.06,1.7,11.308599999999998,1,1,1.11
2024-06-09 03:30:00,2024-06-09 04:00:00,2.1,1.72,11.150599999999999,1,1,1.11
2024-06-09 04:00:00,2024-06-09 04:30:00,3.78,2.47,11.012,1,1,1.11
2024-06-09 04:30:00,2024-06-09 05:00:00,2.21,1.77,10.8785,1,1,1.11
2024-06-09 05:00:00,2024-06-09 05:30:00,2.21,1.77,10.744999999999997,1,1,1.11
2024-06-09 05:30:00,2024-06-09 06:00:00,2.21,1.77,10.6159,1,1,1.11
2024-06-09 06:00:00,2024-06-09 06:30:00,1.34,1.38,10.473700000000001,1,1,1.11
2024-06-09 06:30:00,2024-06-09 07:00:00,4.56,2.82,10.3765,1,1,1.11
2024-06-09 07:00:00,2024-06-09 07:30:00,0.0,0.78,10.2209,1,0,1.11
2024-06-09 07:30:00,2024-06-09 08:00:00,0.0,0.78,10.0596,1,1,1.11
2024-06-09 08:00:00,2024-06-09 08:30:00,-0.32,0.64,9.8962,1,1,1.11
2024-06-09 08:30:00,2024-06-09 09:00:00,2.1,1.72,9.7053,1,1,1.11
2024-06-09 09:00:00,2024-06-09 09:30:00,-1.34,0.18,9.533999999999999,1,1,1.11
2024-06-09 09:30:00,2024-06-09 10:00:00,2.04,1.69,9.3687,1,1,1.11
2024-06-09 10:00:00,2024-06-09 10:30:00,-2.0,0.0,9.193100000000001,1,5,1.15
2024-06-09 10:30:00,2024-06-09 11:00:00,-1.47,0.12,9.0291,1,1,1.15
2024-06-09 11:00:00,2024-06-09 11:30:00,-1.11,0.28,8.876,1,1,1.15
2024-06-09 11:30:00,2024-06-09 12:00:00,0.42,0.97,8.755899999999999,1,1,1.15
2024-06-09 12:00:00,2024-06-09 12:30:00,2.52,1.91,8.6761,1,0,1.15
2024-06-09 12:30:00,2024-06-09 13:00:00,1.01,1.23,8.5911,1,1,1.15
2024-06-09 13:00:00,2024-06-09 13:30:00,1.95,1.65,8.5266,1,1,1.15
2024-06-09 13:30:00,2024-06-09 14:00:00,2.1,1.72,8.4615,1,1,1.15
2024-06-09 14:00:00,2024-06-09 14:30:00,-0.21,0.69,8.3758,1,2,1.16
2024-06-09 14:30:00,2024-06-09 15:00:00,0.21,0.87,8.3044,1,1,1.16
2024-06-09 15:00:00,2024-06-09 15:30:00,3.04,2.14,8.276,1,1,1.16
2024-06-09 15:30:00,2024-06-09 16:00:00,7.18,3.99,8.3077,1,1,1.16
2024-06-09 16:00:00,2024-06-09 16:30:00,26.25,12.22,8.5282,1,1,1.16
2024-06-09 16:30:00,2024-06-09 17:00:00,30.24,14.01,8.7886,1,1,1.16
2024-06-09 17:00:00,2024-06-09 17:30:00,31.92,14.76,9.053199999999999,1,0,1.16
2024-06-09 17:30:00,2024-06-09 18:00:00,33.01,15.25,9.309800000000001,1,1,1.16
2024-06-09 18:00:00,2024-06-09 18:30:00,32.82,15.16,9.4072,1,1,1.16
2024-06-09 18:30:00,2024-06-09 19:00:00,33.56,15.49,9.4803,1,1,1.16
2024-06-09 19:00:00,2024-06-09 19:30:00,19.24,9.39,9.3961,1,1,1.16
2024-06-09 19:30:00,2024-06-09 20:00:00,19.53,9.52,9.2968,1,1,1.16
2024-06-09 20:00:00,2024-06-09 20:30:00,22.25,10.74,9.1982,1,1,1.16
2024-06-09 20:30:00,2024-06-09 21:00:00,20.5,9.95,9.0739,1,1,1.16
2024-06-09 21:00:00,2024-06-09 21:30:00,21.25,10.29,9.0869,1,1,1.16
2024-06-09 21:30:00,2024-06-09 22:00:00,19.95,9.71,9.0861,1,1,1.16
2024-06-09 22:00:00,2024-06-09 22:30:00,18.06,8.86,9.058,1,0,1.16
2024-06-09 22:30:00,2024-06-09 23:00:00,13.65,6.89,8.9895,1,1,1.16
2024-06-09 23:00:00,2024-06-09 23:30:00,18.27,8.96,8.974,1,1,1.16
2024-06-09 23:30:00,2024-06-10 00:00:00,16.8,8.3,8.9446,1,1,1.16
2024-06-10 00:00:00,2024-06-10 00:30:00,14.28,7.17,8.898399999999999,1,1,1.16
2024-06-10 00:30:00,2024-06-10 01:00:00,11.76,6.04,8.8683,1,1,1.16
2024-06-10 01:00:00,2024-06-10 01:30:00,11.55,5.95,8.8011,1,1,1.16
2024-06-10 01:30:00,2024-06-10 02:00:00,10.5,5.48,8.7559,1,1,1.16
2024-06-10 02:00:00,2024-06-10 02:30:00,12.18,6.23,8.7416,1,1,1.16
2024-06-10 02:30:00,2024-06-10 03:00:00,9.45,5.01,8.74,1,2,1.17
2024-06-10 03:00:00,2024-06-10 03:30:00,10.42,5.44,8.7711,1,0,1.17
2024-06-10 03:30:00,2024-06-10 04:00:00,10.88,5.65,8.803199999999999,1,1,1.17
2024-06-10 04:00:00,2024-06-10 04:30:00,13.65,6.89,8.8523,1,1,1.17
2024-06-10 04:30:00,2024-06-10 05:00:00,13.65,6.89,8.9296,1,1,1.17
2024-06-10 05:00:00,2024-06-10 05:30:00,13.65,6.89,9.0031,1,1,1.17
2024-06-10 05:30:00,2024-06-10 06:00:00,11.76,6.04,9.0472,1,1,1.17
2024-06-10 06:00:00,2024-06-10 06:30:00,16.11,7.99,9.135,1,1,1.17
2024-06-10 06:30:00,2024-06-10 07:00:00,21.17,10.26,9.2732,1,1,1.17
2024-06-10 07:00:00,2024-06-10 07:30:00,20.16,9.8,9.4023,1,1,1.17
2024-06-10 07:30:00,2024-06-10 08:00:00,23.1,11.12,9.5619,1,1,1.17
2024-06-10 08:00:00,2024-06-10 08:30:00,22.18,10.71,9.7098,1,0,1.17
2024-06-10 08:30:00,2024-06-10 09:00:00,19.78,9.63,9.8089,1,1,1.17
2024-06-10 09:00:00,2024-06-10 09:30:00,18.5,9.06,9.9389,1,1,1.17
2024-06-10 09:30:00,2024-06-10 10:00:00,16.8,8.3,10.0502,1,1,1.17
2024-06-10 10:00:00,2024-06-10 10:30:00,15.44,7.69,10.174199999999999,1,1,1.17
2024-06-10 10:30:00,2024-06-10 11:00:00,15.6,7.76,10.298699999999998,1,1,1.17
2024-06-10 11:00:00,2024-06-10 11:30:00,13.5,6.82,10.422099999999999,1,1,1.17
2024-06-10 11:30:00,2024-06-10 12:00:00,12.6,6.42,10.5317,1,1,1.17
2024-06-10 12:00:00,2024-06-10 12:30:00,11.4,5.88,10.6379,1,1,1.17
2024-06-10 12:30:00,2024-06-10 13:00:00,10.88,5.65,10.7433,1,1,1.16
2024-06-10 13:00:00,2024-06-10 13:30:00,11.13,5.76,10.863,1,0,1.16
2024-06-10 13:30:00,2024-06-10 14:00:00,11.13,5.76,10.993599999999999,1,1,1.16
2024-06-10 14:00:00,2024-06-10 14:30:00,10.08,5.29,11.113299999999999,1,1,1.16
2024-06-10 14:30:00,2024-06-10 15:00:00,10.5,5.48,11.2761,1,1,1.16
2024-06-10 15:00:00,2024-06-10 15:30:00,10.12,5.31,11.4424,1,1,1.16
2024-06-10 15:30:00,2024-06-10 16:00:00,11.97,6.14,11.6461,1,1,0.96
2024-06-10 16:00:00,2024-06-10 16:30:00,24.15,11.28,11.9485,1,1,0.96
2024-06-10 16:30:00,2024-06-10 17:00:00,27.3,12.69,12.284499999999998,1,1,0.96
2024-06-10 17:00:00,2024-06-10 17:30:00,29.4,13.63,12.5961,1,1,0.96
2024-06-10 17:30:00,2024-06-10 18:00:00,30.07,13.93,12.888399999999999,1,1,0.96
2024-06-10 18:00:00,2024-06-10 18:30:00,33.6,15.51,13.108100000000002,1,0,0.96
2024-06-10 18:30:00,2024-06-10 19:00:00,34.23,15.79,13.280700000000001,1,1,0.96
2024-06-10 19:00:00,2024-06-10 19:30:00,20.16,9.8,13.314299999999998,1,1,0.96
2024-06-10 19:30:00,2024-06-10 20:00:00,19.91,9.69,13.248800000000001,1,1,0.96
2024-06-10 20:00:00,2024-06-10 20:30:00,18.9,9.24,13.1501,1,1,0.96
2024-06-10 20:30:00,2024-06-10 21:00:00,18.48,9.05,13.0199,1,1,0.96
2024-06-10 21:00:00,2024-06-10 21:30:00,18.06,8.86,13.022,1,1,0.96
2024-06-10 21:30:00,2024-06-10 22:00:00,16.8,8.3,13.011500000000002,1,1,0.96
2024-06-10 22:00:00,2024-06-10 22:30:00,15.6,7.76,12.9673,1,1,0.96
2024-06-10 22:30:00,2024-06-10 23:00:00,12.47,6.36,12.8988,1,1,0.96
2024-06-10 23:00:00,2024-06-10 23:30:00,13.99,7.04,12.8392,1,0,0.96
2024-06-10 23:30:00,2024-06-11 00:00:00,11.55,5.95,12.771799999999999,1,1,0.96
2024-06-11 00:00:00,2024-06-11 00:30:00,12.54,6.39,12.719699999999998,1,1,0.96
2024-06-11 00:30:00,2024-06-11 01:00:00,11.76,6.04,12.687999999999999,1,1,0.96
2024-06-11 01:00:00,2024-06-11 01:30:00,11.49,5.92,12.6775,1,1,0.96
2024-06-11 01:30:00,2024-06-11 02:00:00,11.34,5.86,12.703800000000001,1,1,0.96
2024-06-11 02:00:00,2024-06-11 02:30:00,10.19,5.34,12.7351,1,1,0.96
2024-06-11 02:30:00,2024-06-11 03:00:00,10.08,5.29,12.798700000000002,1,1,0.96
2024-06-11 03:00:00,2024-06-11 03:30:00,10.88,5.65,12.8825,1,1,0.96
2024-06-11 03:30:00,2024-06-11 04:00:00,9.77,5.15,12.9552,1,1,0.96
2024-06-11 04:00:00,2024-06-11 04:30:00,10.92,5.67,13.0354,1,0,0.96
2024-06-11 04:30:00,2024-06-11 05:00:00,10.08,5.29,13.134899999999998,1,1,0.96
2024-06-11 05:00:00,2024-06-11 05:30:00,12.18,6.23,13.236099999999999,1,1,0.96
2024-06-11 05:30:00,2024-06-11 06:00:00,13.59,6.86,13.351,1,1,0.96
2024-06-11 06:00:00,2024-06-11 06:30:00,13.65,6.89,13.4497,1,1,0.96
2024-06-11 06:30:00,2024-06-11 07:00:00,16.3,8.07,13.5906,1,1,0.96
2024-06-11 07:00:00,2024-06-11 07:30:00,14.7,7.36,13.715499999999999,1,1,0.96
2024-06-11 07:30:00,2024-06-11 08:00:00,17.35,8.54,13.866900000000001,1,1,0.96
2024-06-11 08:00:00,2024-06-11 08:30:00,16.46,8.15,14.018099999999999,1,1,0.96
2024-06-11 08:30:00,2024-06-11 09:00:00,15.97,7.93,14.132200000000001,1,1,0.96
2024-06-11 09:00:00,2024-06-11 09:30:00,15.86,7.88,14.2908,1,0,0.96
2024-06-11 09:30:00,2024-06-11 10:00:00,15.33,7.64,14.4441,1,1,0.96
2024-06-11 10:00:00,2024-06-11 10:30:00,15.5,7.72,14.6023,1,1,0.96
2024-06-11 10:30:00,2024-06-11 11:00:00,15.33,7.64,14.734599999999999,1,1,0.96
2024-06-11 11:00:00,2024-06-11 11:30:00,16.17,8.02,14.9097,1,1,0.96
2024-06-11 11:30:00,2024-06-11 12:00:00,16.38,8.11,15.053100000000002,1,1,0.96
2024-06-11 12:00:00,2024-06-11 12:30:00,17.89,8.79,15.252,1,1,0.92
2024-06-11 12:30:00,2024-06-11 13:00:00,18.06,8.86,15.4473,1,1,0.92
2024-06-11 13:00:00,2024-06-11 13:30:00,17.89,8.79,15.6373,1,1,0.92
2024-06-11 13:30:00,2024-06-11 14:00:00,17.22,8.49,15.805299999999999,1,1,0.92
2024-06-11 14:00:00,2024-06-11 14:30:00,16.38,8.11,15.9439,1,0,0.92
2024-06-11 14:30:00,2024-06-11 15:00:00,14.9,7.45,16.0828,1,1,0.92
2024-06-11 15:00:00,2024-06-11 15:30:00,14.49,7.27,16.208199999999998,1,1,0.92
2024-06-11 15:30:00,2024-06-11 16:00:00,15.29,7.62,16.3401,1,1,0.92
2024-06-11 16:00:00,2024-06-11 16:30:00,30.53,14.14,16.6475,1,1,0.91
2024-06-11 16:30:00,2024-06-11 17:00:00,31.65,14.64,16.9619,1,1,0.91
2024-06-11 17:00:00,2024-06-11 17:30:00,31.5,14.57,17.2465,1,1,0.91
2024-06-11 17:30:00,2024-06-11 18:00:00,32.7,15.11,17.5017,1,1,0.91
2024-06-11 18:00:00,2024-06-11 18:30:00,33.39,15.42,17.5731,1,1,0.91
2024-06-11 18:30:00,2024-06-11 19:00:00,33.6,15.51,17.6067,1,1,0.91
2024-06-11 19:00:00,2024-06-11 19:30:00,21.71,10.5,17.504599999999996,1,0,0.91
2024-06-11 19:30:00,2024-06-11 20:00:00,21.27,10.3,17.387199999999996,1,1,0.91
2024-06-11 20:00:00,2024-06-11 20:30:00,21.99,10.62,17.2789,1,1,0.91
2024-06-11 20:30:00,2024-06-11 21:00:00,21.71,10.5,17.1604,1,1,0.91
2024-06-11 21:00:00,2024-06-11 21:30:00,22.05,10.65,17.188499999999998,1,1,0.91
2024-06-11 21:30:00,2024-06-11 22:00:00,19.57,9.54,17.1889,1,1,0.91
2024-06-11 22:00:00,2024-06-11 22:30:00,19.43,9.48,17.1607,1,1,0.91
2024-06-11 22:30:00,2024-06-11 23:00:00,15.75,7.83,17.1132,1,1,0.91
2024-06-11 23:00:00,2024-06-11 23:30:00,16.8,8.3,17.0687,1,1,0.91
2024-06-11 23:30:00,2024-06-12 00:00:00,17.11,8.44,17.0403,1,1,0.91
2024-06-12 00:00:00,2024-06-12 00:30:00,15.6,7.76,17.0157,1,0,0.91
2024-06-12 00:30:00,2024-06-12 01:00:00,14.93,7.46,17.028499999999998,1,1,0.91
2024-06-12 01:00:00,2024-06-12 01:30:00,14.97,7.48,16.9955,1,1,0.91
2024-06-12 01:30:00,2024-06-12 02:00:00,14.95,7.47,16.977,1,1,0.91
2024-06-12 02:00:00,2024-06-12 02:30:00,14.91,7.45,16.9833,1,1,0.91
2024-06-12 02:30:00,2024-06-12 03:00:00,14.85,7.43,17.014200000000002,1,1,0.91
2024-06-12 03:00:00,2024-06-12 03:30:00,14.62,7.32,17.0449,1,1,0.91
2024-06-12 03:30:00,2024-06-12 04:00:00,14.51,7.28,17.085,1,1,0.91
2024-06-12 04:00:00,2024-06-12 04:30:00,15.75,7.83,17.1207,1,1,0.91
2024-06-12 04:30:00,2024-06-12 05:00:00,15.37,7.66,17.1799,1,1,0.9
2024-06-12 05:00:00,2024-06-12 05:30:00,20.12,9.79,17.276899999999998,1,0,0.9
2024-06-12 05:30:00,2024-06-12 06:00:00,20.54,9.97,17.3735,1,1,0.9
2024-06-12 06:00:00,2024-06-12 06:30:00,19.74,9.62,17.4344,1,1,0.9
2024-06-12 06:30:00,2024-06-12 07:00:00,18.48,9.05,17.4827,1,1,0.9
2024-06-12 07:00:00,2024-06-12 07:30:00,17.2,8.48,17.5182,1,1,0.9
2024-06-12 07:30:00,2024-06-12 08:00:00,19.74,9.62,17.598,1,1,0.9
2024-06-12 08:00:00,2024-06-12 08:30:00,17.85,8.77,17.6154,1,1,0.9
2024-06-12 08:30:00,2024-06-12 09:00:00,17.95,8.82,17.583199999999998,1,1,0.9
2024-06-12 09:00:00,2024-06-12 09:30:00,18.4,9.01,17.5656,1,1,0.9
2024-06-12 09:30:00,2024-06-12 10:00:00,18.12,8.89,17.5158,1,1,0.9
2024-06-12 10:00:00,2024-06-12 10:30:00,18.12,8.89,17.4752,1,0,0.9
2024-06-12 10:30:00,2024-06-12 11:00:00,18.04,8.85,17.4578,1,1,0.9
2024-06-12 11:00:00,2024-06-12 11:30:00,19.49,9.5,17.4677,1,1,0.9
2024-06-12 11:30:00,2024-06-12 12:00:00,18.98,9.28,17.4895,1,1,0.9
2024-06-12 12:00:00,2024-06-12 12:30:00,19.82,9.65,17.5333,1,1,0.9
2024-06-12 12:30:00,2024-06-12 13:00:00,19.32,9.43,17.570500000000003,1,1,0.9
2024-06-12 13:00:00,2024-06-12 13:30:00,19.8,9.64,17.6335,1,1,0.9
2024-06-12 13:30:00,2024-06-12 14:00:00,17.64,8.68,17.683899999999998,1,1,0.9
2024-06-12 14:00:00,2024-06-12 14:30:00,16.84,8.32,17.738300000000002,1,1,0.9
2024-06-12 14:30:00,2024-06-12 15:00:00,17.01,8.39,17.7996,1,1,0.9
2024-06-12 15:00:00,2024-06-12 15:30:00,16.14,8.0,17.8497,1,0,0.9
2024-06-12 15:30:00,2024-06-12 16:00:00,18.12,8.89,17.9196,1,1,0.9
2024-06-12 16:00:00,2024-06-12 16:30:00,31.33,14.49,18.1321,1,1,0.9
2024-06-12 16:30:00,2024-06-12 17:00:00,33.6,15.51,18.3631,1,1,0.9
2024-06-12 17:00:00,2024-06-12 17:30:00,31.84,14.72,18.5803,1,1,0.9
2024-06-12 17:30:00,2024-06-12 18:00:00,33.14,15.3,18.791999999999998,1,1,0.9
2024-06-12 18:00:00,2024-06-12 18:30:00,35.7,16.45,18.9075,1,1,0.9
2024-06-12 18:30:00,2024-06-12 19:00:00,35.7,16.45,18.991500000000002,1,1,0.9
2024-06-12 19:00:00,2024-06-12 19:30:00,25.2,12.06,18.9495,1,1,0.9
2024-06-12 19:30:00,2024-06-12 20:00:00,24.89,11.92,18.8977,1,1,0.9
2024-06-12 20:00:00,2024-06-12 20:30:00,24.15,11.59,18.8032,1,0,0.9
2024-06-12 20:30:00,2024-06-12 21:00:00,23.44,11.27,18.6953,1,1,0.9
2024-06-12 21:00:00,2024-06-12 21:30:00,23.14,11.14,18.7251,1,1,0.9
2024-06-12 21:30:00,2024-06-12 22:00:00,21.19,10.26,18.7379,1,1,0.9
2024-06-12 22:00:00,2024-06-12 22:30:00,19.3,9.42,18.7419,1,1,0.9
2024-06-12 22:30:00,2024-06-12 23:00:00,17.43,8.58,18.7314,1,1,0.9
2024-06-12 23:00:00,2024-06-12 23:30:00,17.85,8.77,18.7293,1,1,0.9
2024-06-12 23:30:00,2024-06-13 00:00:00,18.9,9.24,18.7503,1,1,0.9
2024-06-13 00:00:00,2024-06-13 00:30:00,16.7,8.25,18.761300000000002,1,1,0.9
2024-06-13 00:30:00,2024-06-13 01:00:00,16.09,7.98,18.7975,1,1,0.9
2024-06-13 01:00:00,2024-06-13 01:30:00,16.04,7.96,18.817999999999998,1,0,0.9
2024-06-13 01:30:00,2024-06-13 02:00:00,15.96,7.92,18.8621,1,1,0.9
2024-06-13 02:00:00,2024-06-13 02:30:00,15.75,7.83,18.8942,1,1,0.9
2024-06-13 02:30:00,2024-06-13 03:00:00,15.2,7.59,18.928600000000003,1,1,0.9
2024-06-13 03:00:00,2024-06-13 03:30:00,15.31,7.63,18.9668,1,1,0.9
2024-06-13 03:30:00,2024-06-13 04:00:00,14.28,7.17,18.996199999999998,1,1,0.9
2024-06-13 04:00:00,2024-06-13 04:30:00,16.07,7.97,19.055,1,1,0.9
2024-06-13 04:30:00,2024-06-13 05:00:00,15.54,7.74,19.1096,1,1,0.9
2024-06-13 05:00:00,2024-06-13 05:30:00,14.76,7.39,19.148400000000002,1,1,0.9
2024-06-13 05:30:00,2024-06-13 06:00:00,15.6,7.76,19.2067,1,1,0.9
2024-06-13 06:00:00,2024-06-13 06:30:00,18.9,9.24,19.2865,1,0,0.9
2024-06-13 06:30:00,2024-06-13 07:00:00,20.5,9.95,19.390700000000002,1,1,0.9
2024-06-13 07:00:00,2024-06-13 07:30:00,18.73,9.16,19.456200000000003,1,1,0.9
2024-06-13 07:30:00,2024-06-13 08:00:00,20.58,9.99,19.5261,1,1,0.9
2024-06-13 08:00:00,2024-06-13 08:30:00,19.47,9.49,19.5843,1,1,0.9
2024-06-13 08:30:00,2024-06-13 09:00:00,18.94,9.26,19.6107,1,1,0.9
2024-06-13 09:00:00,2024-06-13 09:30:00,19.36,9.45,19.6573,1,1,0.9
2024-06-13 09:30:00,2024-06-13 10:00:00,18.9,9.24,19.6728,1,1,0.9
2024-06-13 10:00:00,2024-06-13 10:30:00,17.64,8.68,19.6846,1,1,0.9
2024-06-13 10:30:00,2024-06-13 11:00:00,17.01,8.39,19.695,1,1,0.9
2024-06-13 11:00:00,2024-06-13 11:30:00,17.68,8.69,19.7132,1,0,0.9
2024-06-13 11:30:00,2024-06-13 12:00:00,17.79,8.74,19.7378,1,1,0.9
2024-06-13 12:00:00,2024-06-13 12:30:00,16.38,8.11,19.7466,1,1,0.9
2024-06-13 12:30:00,2024-06-13 13:00:00,16.34,8.09,19.756700000000002,1,1,0.9
2024-06-13 13:00:00,2024-06-13 13:30:00,15.5,7.72,19.75,1,1,0.9
2024-06-13 13:30:00,2024-06-13 14:00:00,14.74,7.38,19.7336,1,1,0.9
2024-06-13 14:00:00,2024-06-13 14:30:00,13.78,6.95,19.6925,1,1,0.9
2024-06-13 14:30:00,2024-06-13 15:00:00,13.61,6.87,19.648000000000003,1,1,0.9
2024-06-13 15:00:00,2024-06-13 15:30:00,13.27,6.72,19.6018,1,1,0.9
2024-06-13 15:30:00,2024-06-13 16:00:00,14.07,7.08,19.5703,1,1,0.9
2024-06-13 16:00:00,2024-06-13 16:30:00,28.14,13.07,19.687900000000003,1,0,0.9
2024-06-13 16:30:00,2024-06-13 17:00:00,29.3,13.58,19.8319,1,1,0.9
2024-06-13 17:00:00,2024-06-13 17:30:00,33.39,15.42,20.020899999999997,1,1,0.9
2024-06-13 17:30:00,2024-06-13 18:00:00,33.39,15.42,20.201900000000002,1,1,0.9
2024-06-13 18:00:00,2024-06-13 18:30:00,35.72,16.46,20.253800000000002,1,1,0.9
2024-06-13 18:30:00,2024-06-13 19:00:00,34.92,16.1,20.2865,1,1,0.9
2024-06-13 19:00:00,2024-06-13 19:30:00,20.18,9.81,20.173299999999998,1,1,0.9
2024-06-13 19:30:00,2024-06-13 20:00:00,18.9,9.24,20.0353,1,1,0.9
2024-06-13 20:00:00,2024-06-13 20:30:00,20.33,9.88,19.904700000000002,1,1,0.9
2024-06-13 20:30:00,2024-06-13 21:00:00,17.66,8.69,19.7453,1,1,0.9
2024-06-13 21:00:00,2024-06-13 21:30:00,17.24,8.5,19.7006,1,0,0.9
2024-06-13 21:30:00,2024-06-13 22:00:00,15.81,7.86,19.646,1,1,0.9
2024-06-13 22:00:00,2024-06-13 22:30:00,14.47,7.26,19.570800000000002,1,1,0.9
2024-06-13 22:30:00,2024-06-13 23:00:00,9.28,4.93,19.4465,1,1,0.9
2024-06-13 23:00:00,2024-06-13 23:30:00,11.76,6.04,19.343600000000002,1,1,0.9
2024-06-13 23:30:00,2024-06-14 00:00:00,8.55,4.61,19.2334,1,1,0.9
2024-06-14 00:00:00,2024-06-14 00:30:00,8.19,4.45,19.121000000000002,1,1,0.9
2024-06-14 00:30:00,2024-06-14 01:00:00,8.19,4.45,19.0454,1,1,0.9
2024-06-14 01:00:00,2024-06-14 01:30:00,6.72,3.79,18.9446,1,11,1.0
2024-06-14 01:30:00,2024-06-14 02:00:00,7.83,4.29,18.8518,1,1,1.0
2024-06-14 02:00:00,2024-06-14 02:30:00,7.77,4.26,18.773500000000002,1,0,1.0
2024-06-14 02:30:00,2024-06-14 03:00:00,7.18,3.99,18.696,1,1,1.0
2024-06-14 03:00:00,2024-06-14 03:30:00,7.5,4.14,18.6213,1,1,1.0
2024-06-14 03:30:00,2024-06-14 04:00:00,7.67,4.21,18.5485,1,1,1.0
2024-06-14 04:00:00,2024-06-14 04:30:00,8.22,4.46,18.4816,1,1,1.0
2024-06-14 04:30:00,2024-06-14 05:00:00,8.29,4.49,18.416,1,1,1.0
2024-06-14 05:00:00,2024-06-14 05:30:00,9.24,4.92,18.3622,1,1,1.0
2024-06-14 05:30:00,2024-06-14 06:00:00,10.85,5.64,18.3256,1,1,1.0
2024-06-14 06:00:00,2024-06-14 06:30:00,10.78,5.61,18.2759,1,1,1.0
2024-06-14 06:30:00,2024-06-14 07:00:00,18.69,9.15,18.3091,1,1,1.0
2024-06-14 07:00:00,2024-06-14 07:30:00,18.27,8.96,18.2906,1,0,1.0
2024-06-14 07:30:00,2024-06-14 08:00:00,19.95,9.71,18.284699999999997,1,1,1.0
2024-06-14 08:00:00,2024-06-14 08:30:00,18.27,8.96,18.27,1,1,1.0
2024-06-14 08:30:00,2024-06-14 09:00:00,18.82,9.2,18.273400000000002,1,1,1.0
2024-06-14 09:00:00,2024-06-14 09:30:00,19.32,9.43,18.2946,1,1,1.0
2024-06-14 09:30:00,2024-06-14 10:00:00,18.82,9.2,18.2854,1,1,1.0
2024-06-14 10:00:00,2024-06-14 10:30:00,19.28,9.41,18.2997,1,1,1.0
2024-06-14 10:30:00,2024-06-14 11:00:00,18.9,9.24,18.3092,1,1,1.0
2024-06-14 11:00:00,2024-06-14 11:30:00,18.9,9.24,18.3142,1,1,1.0
2024-06-14 11:30:00,2024-06-14 12:00:00,18.9,9.24,18.322,1,1,1.0
2024-06-14 12:00:00,2024-06-14 12:30:00,18.48,9.05,18.325599999999998,1,0,1.0
2024-06-14 12:30:00,2024-06-14 13:00:00,17.51,8.62,18.3203,1,1,1.0
2024-06-14 13:00:00,2024-06-14 13:30:00,17.01,8.39,18.2955,1,1,1.0
2024-06-14 13:30:00,2024-06-14 14:00:00,15.81,7.86,18.2638,1,1,1.0
2024-06-14 14:00:00,2024-06-14 14:30:00,13.65,6.89,18.2021,1,1,1.0
2024-06-14 14:30:00,2024-06-14 15:00:00,13.96,7.03,18.1485,1,1,1.0
2024-06-14 15:00:00,2024-06-14 15:30:00,12.39,6.33,18.0744,1,1,1.0
2024-06-14 15:30:00,2024-06-14 16:00:00,13.44,6.8,18.0324,1,1,1.0
2024-06-14 16:00:00,2024-06-14 16:30:00,27.22,12.65,18.1362,1,1,1.0
2024-06-14 16:30:00,2024-06-14 17:00:00,29.61,13.72,18.2622,1,1,1.0
2024-06-14 17:00:00,2024-06-14 17:30:00,29.82,13.82,18.399,1,0,1.0
2024-06-14 17:30:00,2024-06-14 18:00:00,31.92,14.76,18.537,1,1,1.0
2024-06-14 18:00:00,2024-06-14 18:30:00,33.6,15.51,18.5597,1,1,1.0
2024-06-14 18:30:00,2024-06-14 19:00:00,33.6,15.51,18.5597,1,1,1.0
2024-06-14 19:00:00,2024-06-14 19:30:00,22.3,10.76,18.4643,1,1,1.0
2024-06-14 19:30:00,2024-06-14 20:00:00,22.05,10.65,18.3534,1,1,1.0
2024-06-14 20:00:00,2024-06-14 20:30:00,21.08,10.22,18.2072,1,1,1.0
2024-06-14 20:30:00,2024-06-14 21:00:00,21.0,10.18,18.0602,1,1,1.0
2024-06-14 21:00:00,2024-06-14 21:30:00,19.95,9.71,18.0077,1,1,1.0
2024-06-14 21:30:00,2024-06-14 22:00:00,18.9,9.24,17.9478,1,1,1.0
2024-06-14 22:00:00,2024-06-14 22:30:00,18.05,8.86,17.8868,1,0,1.0
2024-06-14 22:30:00,2024-06-14 23:00:00,16.8,8.3,17.8204,1,1,1.0
2024-06-14 23:00:00,2024-06-14 23:30:00,21.95,10.6,17.808500000000002,1,1,1.0
2024-06-14 23:30:00,2024-06-15 00:00:00,20.5,9.95,17.8016,1,1,1.0
2024-06-15 00:00:00,2024-06-15 00:30:00,18.86,9.22,17.7972,1,1,1.0
2024-06-15 00:30:00,2024-06-15 01:00:00,17.18,8.47,17.7947,1,1,1.0
2024-06-15 01:00:00,2024-06-15 01:30:00,15.58,7.75,17.772000000000002,1,1,1.0
2024-06-15 01:30:00,2024-06-15 02:00:00,15.9,7.9,17.742,1,1,1.0
2024-06-15 02:00:00,2024-06-15 02:30:00,14.99,7.49,17.7249,1,1,1.0
2024-06-15 02:30:00,2024-06-15 03:00:00,13.88,6.99,17.7028,1,1,1.0
2024-06-15 03:00:00,2024-06-15 03:30:00,13.44,6.8,17.6768,1,0,1.0
2024-06-15 03:30:00,2024-06-15 04:00:00,12.83,6.52,17.6455,1,1,1.0
2024-06-15 04:00:00,2024-06-15 04:30:00,13.96,7.03,17.6276,1,1,1.0
2024-06-15 04:30:00,2024-06-15 05:00:00,13.44,6.8,17.61,1,1,1.0
2024-06-15 05:00:00,2024-06-15 05:30:00,13.44,6.8,17.5913,1,1,1.0
2024-06-15 05:30:00,2024-06-15 06:00:00,13.1,6.65,17.5795,1,1,1.0
2024-06-15 06:00:00,2024-06-15 06:30:00,14.07,7.08,17.5595,1,1,1.0
2024-06-15 06:30:00,2024-06-15 07:00:00,16.23,8.05,17.566399999999998,1,1,1.0
2024-06-15 07:00:00,2024-06-15 07:30:00,16.17,8.02,17.5805,1,1,1.0
2024-06-15 07:30:00,2024-06-15 08:00:00,17.22,8.49,17.596700000000002,1,1,1.0
2024-06-15 08:00:00,2024-06-15 08:30:00,18.87,9.23,17.5964,1,0,1.0
2024-06-15 08:30:00,2024-06-15 09:00:00,19.32,9.43,17.584600000000002,1,1,1.0
2024-06-15 09:00:00,2024-06-15 09:30:00,19.95,9.71,17.596799999999998,1,1,1.0
2024-06-15 09:30:00,2024-06-15 10:00:00,19.99,9.73,17.590899999999998,1,1,1.0
2024-06-15 10:00:00,2024-06-15 10:30:00,19.82,9.65,17.5944,1,1,1.0
2024-06-15 10:30:00,2024-06-15 11:00:00,19.47,9.49,17.5997,1,1,1.0
2024-06-15 11:00:00,2024-06-15 11:30:00,16.8,8.3,17.5741,1,1,1.0
2024-06-15 11:30:00,2024-06-15 12:00:00,16.38,8.11,17.5489,1,1,1.0
2024-06-15 12:00:00,2024-06-15 12:30:00,15.75,7.83,17.53,1,1,1.0
2024-06-15 12:30:00,2024-06-15 13:00:00,14.83,7.42,17.508200000000002,1,1,1.0
2024-06-15 13:00:00,2024-06-15 13:30:00,13.65,6.89,17.4679,1,0,1.0
2024-06-15 13:30:00,2024-06-15 14:00:00,12.66,6.45,17.416600000000003,1,1,1.0
2024-06-15 14:00:00,2024-06-15 14:30:00,12.18,6.23,17.3746,1,1,1.0
2024-06-15 14:30:00,2024-06-15 15:00:00,11.97,6.14,17.3309,1,1,1.0
2024-06-15 15:00:00,2024-06-15 15:30:00,12.6,6.42,17.3019,1,1,1.0
2024-06-15 15:30:00,2024-06-15 16:00:00,12.66,6.45,17.2811,1,1,1.0
2024-06-15 16:00:00,2024-06-15 16:30:00,28.56,13.25,17.428900000000002,1,1,1.0
2024-06-15 16:30:00,2024-06-15 17:00:00,30.93,14.32,17.602099999999997,1,1,1.0
2024-06-15 17:00:00,2024-06-15 17:30:00,32.59,15.06,17.7953,1,1,1.0
2024-06-15 17:30:00,2024-06-15 18:00:00,34.44,15.89,17.999000000000002,1,1,1.0
2024-06-15 18:00:00,2024-06-15 18:30:00,34.06,15.72,18.0582,1,0,1.0
2024-06-15 18:30:00,2024-06-15 19:00:00,34.17,15.76,18.1069,1,1,1.0
2024-06-15 19:00:00,2024-06-15 19:30:00,20.33,9.88,17.976300000000002,1,1,1.0
2024-06-15 19:30:00,2024-06-15 20:00:00,20.37,9.9,17.8461,1,1,1.0
2024-06-15 20:00:00,2024-06-15 20:30:00,19.24,9.39,17.6813,1,1,1.0
2024-06-15 20:30:00,2024-06-15 21:00:00,18.94,9.26,17.5215,1,1,1.0
2024-06-15 21:00:00,2024-06-15 21:30:00,21.0,10.18,17.529700000000002,1,1,1.0
2024-06-15 21:30:00,2024-06-15 22:00:00,18.9,9.24,17.529700000000002,1,1,1.0
2024-06-15 22:00:00,2024-06-15 22:30:00,17.39,8.56,17.5003,1,1,1.0
2024-06-15 22:30:00,2024-06-15 23:00:00,14.18,7.12,17.4655,1,1,1.0
2024-06-15 23:00:00,2024-06-15 23:30:00,17.75,8.72,17.4706,1,0,1.0
2024-06-15 23:30:00,2024-06-16 00:00:00,17.22,8.49,17.4847,1,1,1.0
2024-06-16 00:00:00,2024-06-16 00:30:00,14.28,7.17,17.4828,1,1,1.0
2024-06-16 00:30:00,2024-06-16 01:00:00,10.75,5.59,17.4975,1,1,1.0
2024-06-16 01:00:00,2024-06-16 01:30:00,9.03,4.82,17.4702,1,1,1.0
2024-06-16 01:30:00,2024-06-16 02:00:00,11.84,6.08,17.5031,1,1,1.0
2024-06-16 02:00:00,2024-06-16 02:30:00,10.08,5.29,17.522000000000002,1,1,1.0
2024-06-16 02:30:00,2024-06-16 03:00:00,6.3,3.6,17.5031,1,1,1.0
2024-06-16 03:00:00,2024-06-16 03:30:00,4.47,2.78,17.4806,1,1,0.9
2024-06-16 03:30:00,2024-06-16 04:00:00,4.07,2.6,17.442999999999998,1,2,0.91
2024-06-16 04:00:00,2024-06-16 04:30:00,4.2,2.66,17.4073,1,0,0.91
2024-06-16 04:30:00,2024-06-16 05:00:00,2.1,1.72,17.356499999999997,1,1,0.91
2024-06-16 05:00:00,2024-06-16 05:30:00,1.68,1.53,17.298299999999998,1,1,0.91
2024-06-16 05:30:00,2024-06-16 06:00:00,1.47,1.44,17.2363,1,21,1.11
2024-06-16 06:00:00,2024-06-16 06:30:00,1.87,1.62,17.1728,1,1,1.11
2024-06-16 06:30:00,2024-06-16 07:00:00,2.46,1.88,17.1145,1,1,1.11
2024-06-16 07:00:00,2024-06-16 07:30:00,5.04,3.04,17.0725,1,1,1.11
2024-06-16 07:30:00,2024-06-16 08:00:00,9.39,4.98,17.0579,1,1,1.11
2024-06-16 08:00:00,2024-06-16 08:30:00,9.45,5.01,17.0446,1,1,1.11
2024-06-16 08:30:00,2024-06-16 09:00:00,10.92,5.67,16.9669,1,1,1.11
2024-06-16 09:00:00,2024-06-16 09:30:00,11.13,5.76,16.8955,1,0,1.11
2024-06-16 09:30:00,2024-06-16 10:00:00,12.39,6.33,16.8199,1,1,1.11
2024-06-16 10:00:00,2024-06-16 10:30:00,13.86,6.98,16.7758,1,1,1.11
2024-06-16 10:30:00,2024-06-16 11:00:00,13.84,6.97,16.726,1,1,1.11
2024-06-16 11:00:00,2024-06-16 11:30:00,14.51,7.28,16.6779,1,1,1.11
2024-06-16 11:30:00,2024-06-16 12:00:00,14.38,7.22,16.6335,1,1,1.11
2024-06-16 12:00:00,2024-06-16 12:30:00,15.54,7.74,16.5961,1,1,1.11
2024-06-16 12:30:00,2024-06-16 13:00:00,14.15,7.12,16.5486,1,1,1.11
2024-06-16 13:00:00,2024-06-16 13:30:00,13.02,6.61,16.4898,1,1,1.11
2024-06-16 13:30:00,2024-06-16 14:00:00,11.55,5.95,16.4163,1,1,1.11
2024-06-16 14:00:00,2024-06-16 14:30:00,10.71,5.57,16.3386,1,2,1.13
2024-06-16 14:30:00,2024-06-16 15:00:00,11.55,5.95,16.279,1,1,1.13
2024-06-16 15:00:00,2024-06-16 15:30:00,11.55,5.95,16.2244,1,1,1.13
2024-06-16 15:30:00,2024-06-16 16:00:00,13.84,6.97,16.2047,1,1,1.13
2024-06-16 16:00:00,2024-06-16 16:30:00,28.58,13.26,16.354,1,1,1.13
2024-06-16 16:30:00,2024-06-16 17:00:00,30.49,14.12,16.5193,1,1,1.13
2024-06-16 17:00:00,2024-06-16 17:30:00,31.23,14.45,16.7077,1,1,1.13
2024-06-16 17:30:00,2024-06-16 18:00:00,32.66,15.09,16.8999,1,1,1.13
2024-06-16 18:00:00,2024-06-16 18:30:00,32.3,14.93,16.950699999999998,1,1,1.13
2024-06-16 18:30:00,2024-06-16 19:00:00,32.13,14.85,16.9759,1,1,1.13
2024-06-16 19:00:00,2024-06-16 19:30:00,20.31,9.87,16.8808,1,0,1.13
2024-06-16 19:30:00,2024-06-16 20:00:00,20.75,10.07,16.769099999999998,1,1,1.13
2024-06-16 20:00:00,2024-06-16 20:30:00,22.5,10.85,16.6581,1,1,1.13
2024-06-16 20:30:00,2024-06-16 21:00:00,20.79,10.09,16.53,1,1,1.13
2024-06-16 21:00:00,2024-06-16 21:30:00,21.21,10.27,16.519099999999998,1,1,1.13
2024-06-16 21:30:00,2024-06-16 22:00:00,20.37,9.9,16.5023,1,1,1.13
2024-06-16 22:00:00,2024-06-16 22:30:00,17.95,8.82,16.471,1,1,1.13
2024-06-16 22:30:00,2024-06-16 23:00:00,16.27,8.06,16.4237,1,1,1.13
2024-06-16 23:00:00,2024-06-16 23:30:00,16.72,8.26,16.391399999999997,1,1,1.13
2024-06-16 23:30:00,2024-06-17 00:00:00,16.8,8.3,16.3704,1,1,1.13
2024-06-17 00:00:00,2024-06-17 00:30:00,15.2,7.59,16.3419,1,0,1.13
2024-06-17 00:30:00,2024-06-17 01:00:00,14.53,7.28,16.319200000000002,1,1,1.13
2024-06-17 01:00:00,2024-06-17 01:30:00,14.24,7.15,16.2421,1,1,1.13
2024-06-17 01:30:00,2024-06-17 02:00:00,14.28,7.17,16.1799,1,1,1.13
2024-06-17 02:00:00,2024-06-17 02:30:00,15.12,7.55,16.1425,1,1,1.13
2024-06-17 02:30:00,2024-06-17 03:00:00,14.57,7.3,16.1164,1,1,1.13
2024-06-17 03:00:00,2024-06-17 03:30:00,15.54,7.74,16.116,1,1,1.13
2024-06-17 03:30:00,2024-06-17 04:00:00,14.87,7.44,16.1057,1,1,1.13
2024-06-17 04:00:00,2024-06-17 04:30:00,14.91,7.45,16.1049,1,1,1.13
2024-06-17 04:30:00,2024-06-17 05:00:00,14.91,7.45,16.1152,1,1,1.13
2024-06-17 05:00:00,2024-06-17 05:30:00,17.64,8.68,16.1572,1,0,1.13
2024-06-17 05:30:00,2024-06-17 06:00:00,18.1,8.88,16.2099,1,1,1.13
2024-06-17 06:00:00,2024-06-17 06:30:00,19.95,9.71,16.2698,1,1,1.13
2024-06-17 06:30:00,2024-06-17 07:00:00,21.63,10.46,16.3517,1,1,1.13
2024-06-17 07:00:00,2024-06-17 07:30:00,18.48,9.05,16.4021,1,1,1.13
2024-06-17 07:30:00,2024-06-17 08:00:00,22.05,10.65,16.491600000000002,1,1,1.13
2024-06-17 08:00:00,2024-06-17 08:30:00,18.56,9.09,16.5365,1,1,1.13
2024-06-17 08:30:00,2024-06-17 09:00:00,18.02,8.85,16.5544,1,1,1.13
2024-06-17 09:00:00,2024-06-17 09:30:00,18.21,8.93,16.5748,1,1,1.13
2024-06-17 09:30:00,2024-06-17 10:00:00,17.72,8.71,16.5798,1,1,1.13
2024-06-17 10:00:00,2024-06-17 10:30:00,17.22,8.49,16.5633,1,0,1.13
2024-06-17 10:30:00,2024-06-17 11:00:00,15.75,7.83,16.5276,1,1,1.13
2024-06-17 11:00:00,2024-06-17 11:30:00,17.64,8.68,16.5045,1,1,1.13
2024-06-17 11:30:00,2024-06-17 12:00:00,17.3,8.53,16.4776,1,1,1.13
2024-06-17 12:00:00,2024-06-17 12:30:00,18.69,9.15,16.4663,1,1,1.13
2024-06-17 12:30:00,2024-06-17 13:00:00,18.27,8.96,16.4543,1,1,1.13
2024-06-17 13:00:00,2024-06-17 13:30:00,18.06,8.86,16.4669,1,1,1.13
2024-06-17 13:30:00,2024-06-17 14:00:00,16.59,8.21,16.469,1,1,1.13
2024-06-17 14:00:00,2024-06-17 14:30:00,16.72,8.26,16.4787,1,1,1.13
2024-06-17 14:30:00,2024-06-17 15:00:00,16.17,8.02,16.492099999999997,1,1,1.13
2024-06-17 15:00:00,2024-06-17 15:30:00,16.4,8.12,16.5196,1,0,1.13
2024-06-17 15:30:00,2024-06-17 16:00:00,16.59,8.21,16.558899999999998,1,1,1.13
2024-06-17 16:00:00,2024-06-17 16:30:00,29.48,13.67,16.7319,1,1,1.13
2024-06-17 16:30:00,2024-06-17 17:00:00,31.29,14.48,16.9251,1,1,1.13
2024-06-17 17:00:00,2024-06-17 17:30:00,32.47,15.0,17.1238,1,1,1.13
2024-06-17 17:30:00,2024-06-17 18:00:00,33.75,15.58,17.3347,1,1,1.13
2024-06-17 18:00:00,2024-06-17 18:30:00,37.38,17.2,17.4229,1,1,1.13
2024-06-17 18:30:00,2024-06-17 19:00:00,37.8,17.39,17.491600000000002,1,1,1.13
2024-06-17 19:00:00,2024-06-17 19:30:00,25.28,12.1,17.418499999999998,1,1,1.13
2024-06-17 19:30:00,2024-06-17 20:00:00,25.03,11.98,17.324399999999997,1,1,1.13
2024-06-17 20:00:00,2024-06-17 20:30:00,23.6,11.35,17.2198,1,0,1.13
2024-06-17 20:30:00,2024-06-17 21:00:00,23.33,11.22,17.1114,1,1,1.13
2024-06-17 21:00:00,2024-06-17 21:30:00,22.05,10.65,17.1286,1,1,1.13
2024-06-17 21:30:00,2024-06-17 22:00:00,21.21,10.27,17.137,1,1,1.13
2024-06-17 22:00:00,2024-06-17 22:30:00,19.26,9.4,17.1372,1,1,1.13
2024-06-17 22:30:00,2024-06-17 23:00:00,18.27,8.96,17.130499999999998,1,1,1.13
2024-06-17 23:00:00,2024-06-17 23:30:00,16.76,8.28,17.0881,1,1,1.13
2024-06-17 23:30:00,2024-06-18 00:00:00,16.38,8.11,17.0629,1,1,1.13
2024-06-18 00:00:00,2024-06-18 00:30:00,16.04,7.96,17.049400000000002,1,1,1.13
2024-06-18 00:30:00,2024-06-18 01:00:00,15.96,7.92,17.0672,1,1,1.13
2024-06-18 01:00:00,2024-06-18 01:30:00,15.22,7.6,17.041900000000002,1,0,1.13
2024-06-18 01:30:00,2024-06-18 02:00:00,15.71,7.81,17.026799999999998,1,1,1.13
2024-06-18 02:00:00,2024-06-18 02:30:00,15.75,7.83,17.0415,1,1,1.13
2024-06-18 02:30:00,2024-06-18 03:00:00,15.52,7.73,17.0892,1,1,1.13
2024-06-18 03:00:00,2024-06-18 03:30:00,15.67,7.79,17.1556,1,1,1.13
2024-06-18 03:30:00,2024-06-18 04:00:00,15.54,7.74,17.1926,1,1,1.13
2024-06-18 04:00:00,2024-06-18 04:30:00,15.79,7.85,17.2497,1,1,1.13
2024-06-18 04:30:00,2024-06-18 05:00:00,15.04,7.51,17.3371,1,1,1.13
2024-06-18 05:00:00,2024-06-18 05:30:00,17.11,8.44,17.4635,1,1,1.13
2024-06-18 05:30:00,2024-06-18 06:00:00,16.3,8.07,17.5858,1,1,1.12
2024-06-18 06:00:00,2024-06-18 06:30:00,18.48,9.05,17.7286,1,0,1.12
2024-06-18 06:30:00,2024-06-18 07:00:00,20.16,9.8,17.909200000000002,1,1,1.12
2024-06-18 07:00:00,2024-06-18 07:30:00,16.53,8.18,18.0577,1,1,1.12
2024-06-18 07:30:00,2024-06-18 08:00:00,20.87,10.12,18.2517,1,1,0.92
2024-06-18 08:00:00,2024-06-18 08:30:00,21.63,10.46,18.4493,1,1,0.92
2024-06-18 08:30:00,2024-06-18 09:00:00,21.42,10.37,18.6389,1,1,0.92
2024-06-18 09:00:00,2024-06-18 09:30:00,21.11,10.23,18.7996,1,1,0.92
2024-06-18 09:30:00,2024-06-18 10:00:00,20.79,10.09,18.9136,1,1,0.92
2024-06-18 10:00:00,2024-06-18 10:30:00,19.78,9.63,19.0169,1,1,0.92
2024-06-18 10:30:00,2024-06-18 11:00:00,19.49,9.5,19.1026,1,1,0.92
2024-06-18 11:00:00,2024-06-18 11:30:00,18.91,9.24,19.1804,1,0,0.92
2024-06-18 11:30:00,2024-06-18 12:00:00,18.82,9.2,19.2447,1,1,0.92
2024-06-18 12:00:00,2024-06-18 12:30:00,18.48,9.05,19.2909,1,1,0.92
2024-06-18 12:30:00,2024-06-18 13:00:00,17.83,8.76,19.3308,1,1,0.92
2024-06-18 13:00:00,2024-06-18 13:30:00,16.51,8.17,19.350800000000003,1,1,0.92
2024-06-18 13:30:00,2024-06-18 14:00:00,15.82,7.86,19.3652,1,1,0.92
2024-06-18 14:00:00,2024-06-18 14:30:00,15.41,7.68,19.363899999999997,1,1,0.92
2024-06-18 14:30:00,2024-06-18 15:00:00,15.37,7.66,19.376099999999997,1,1,0.92
2024-06-18 15:00:00,2024-06-18 15:30:00,15.33,7.64,19.399199999999997,1,1,0.92
2024-06-18 15:30:00,2024-06-18 16:00:00,15.75,7.83,19.4412,1,1,0.92
2024-06-18 16:00:00,2024-06-18 16:30:00,30.51,14.13,19.6392,1,0,0.9
2024-06-18 16:30:00,2024-06-18 17:00:00,32.36,14.96,19.8473,1,1,0.9
2024-06-18 17:00:00,2024-06-18 17:30:00,33.62,15.52,20.067999999999998,1,1,0.9
2024-06-18 17:30:00,2024-06-18 18:00:00,35.07,16.17,20.2803,1,1,0.9
2024-06-18 18:00:00,2024-06-18 18:30:00,34.92,16.1,20.3437,1,1,0.9
2024-06-18 18:30:00,2024-06-18 19:00:00,35.28,16.26,20.391599999999997,1,1,0.9
2024-06-18 19:00:00,2024-06-18 19:30:00,23.18,11.16,20.3111,1,1,0.9
2024-06-18 19:30:00,2024-06-18 20:00:00,23.18,11.16,20.2163,1,1,0.9
2024-06-18 20:00:00,2024-06-18 20:30:00,21.13,10.24,20.1046,1,1,0.9
2024-06-18 20:30:00,2024-06-18 21:00:00,20.84,10.11,19.9917,1,1,0.9
2024-06-18 21:00:00,2024-06-18 21:30:00,19.05,9.31,19.979100000000003,1,0,0.9
2024-06-18 21:30:00,2024-06-18 22:00:00,18.08,8.87,19.9524,1,1,0.9
2024-06-18 22:00:00,2024-06-18 22:30:00,16.91,8.35,19.8965,1,1,0.9
2024-06-18 22:30:00,2024-06-18 23:00:00,15.39,7.67,19.8425,1,1,0.9
2024-06-18 23:00:00,2024-06-18 23:30:00,16.48,8.16,19.7952,1,1,0.9
2024-06-18 23:30:00,2024-06-19 00:00:00,17.85,8.77,19.77,1,1,0.9
2024-06-19 00:00:00,2024-06-19 00:30:00,15.83,7.87,19.748800000000003,1,1,0.9
2024-06-19 00:30:00,2024-06-19 01:00:00,15.69,7.8,19.743,1,1,0.9
2024-06-19 01:00:00,2024-06-19 01:30:00,14.91,7.45,19.7249,1,1,0.9
2024-06-19 01:30:00,2024-06-19 02:00:00,15.05,7.52,19.7074,1,1,0.9
2024-06-19 02:00:00,2024-06-19 02:30:00,14.66,7.34,19.702,1,0,0.9
2024-06-19 02:30:00,2024-06-19 03:00:00,14.34,7.2,19.7001,1,1,0.9
2024-06-19 03:00:00,2024-06-19 03:30:00,14.3,7.18,19.700699999999998,1,1,0.9
2024-06-19 03:30:00,2024-06-19 04:00:00,14.27,7.17,19.700599999999998,1,1,0.9
2024-06-19 04:00:00,2024-06-19 04:30:00,14.28,7.17,19.6922,1,1,0.9
2024-06-19 04:30:00,2024-06-19 05:00:00,13.41,6.78,19.680600000000002,1,4,0.93
2024-06-19 05:00:00,2024-06-19 05:30:00,15.69,7.8,19.6821,1,1,0.93
2024-06-19 05:30:00,2024-06-19 06:00:00,15.79,7.85,19.691300000000002,1,1,0.93
2024-06-19 06:00:00,2024-06-19 06:30:00,17.85,8.77,19.7207,1,1,0.93
2024-06-19 06:30:00,2024-06-19 07:00:00,18.82,9.2,19.7598,1,1,0.93
2024-06-19 07:00:00,2024-06-19 07:30:00,16.91,8.35,19.7525,1,0,0.93
2024-06-19 07:30:00,2024-06-19 08:00:00,20.58,9.99,19.7773,1,1,0.93
2024-06-19 08:00:00,2024-06-19 08:30:00,21.84,10.56,19.796200000000002,1,1,0.93
2024-06-19 08:30:00,2024-06-19 09:00:00,21.21,10.27,19.791999999999998,1,1,0.93
2024-06-19 09:00:00,2024-06-19 09:30:00,20.54,9.97,19.8126,1,1,0.93
2024-06-19 09:30:00,2024-06-19 10:00:00,19.15,9.35,19.7836,1,1,0.93
2024-06-19 10:00:00,2024-06-19 10:30:00,18.82,9.2,19.786199999999997,1,1,0.93
2024-06-19 10:30:00,2024-06-19 11:00:00,18.48,9.05,19.7908,1,1,0.93
2024-06-19 11:00:00,2024-06-19 11:30:00,18.27,8.96,19.7914,1,1,0.93
2024-06-19 11:30:00,2024-06-19 12:00:00,17.85,8.77,19.7927,1,1,0.93
2024-06-19 12:00:00,2024-06-19 12:30:00,17.54,8.63,19.7959,1,0,0.93
2024-06-19 12:30:00,2024-06-19 13:00:00,16.36,8.1,19.802,1,1,0.93
2024-06-19 13:00:00,2024-06-19 13:30:00,15.33,7.64,19.7789,1,1,0.93
2024-06-19 13:30:00,2024-06-19 14:00:00,14.38,7.22,19.7497,1,1,0.93
2024-06-19 14:00:00,2024-06-19 14:30:00,14.28,7.17,19.7056,1,1,0.93
2024-06-19 14:30:00,2024-06-19 15:00:00,13.65,6.89,19.6594,1,1,0.93
2024-06-19 15:00:00,2024-06-19 15:30:00,13.65,6.89,19.6153,1,1,0.93
2024-06-19 15:30:00,2024-06-19 16:00:00,14.38,7.22,19.5932,1,1,0.93
2024-06-19 16:00:00,2024-06-19 16:30:00,27.72,12.88,19.7032,1,1,0.93
2024-06-19 16:30:00,2024-06-19 17:00:00,29.67,13.75,19.8382,1,1,0.93
2024-06-19 17:00:00,2024-06-19 17:30:00,30.16,13.97,19.9758,1,0,0.93
2024-06-19 17:30:00,2024-06-19 18:00:00,31.92,14.76,20.1291,1,1,0.93
2024-06-19 18:00:00,2024-06-19 18:30:00,32.97,15.23,20.164,1,1,0.93
2024-06-19 18:30:00,2024-06-19 19:00:00,33.52,15.47,20.186300000000003,1,1,0.93
2024-06-19 19:00:00,2024-06-19 19:30:00,21.42,10.37,20.0758,1,1,0.93
2024-06-19 19:30:00,2024-06-19 20:00:00,21.42,10.37,19.9525,1,1,0.93
2024-06-19 20:00:00,2024-06-19 20:30:00,20.83,10.1,19.787,1,1,0.93
2024-06-19 20:30:00,2024-06-19 21:00:00,20.16,9.8,19.610599999999998,1,1,0.93
2024-06-19 21:00:00,2024-06-19 21:30:00,20.2,9.82,19.5598,1,1,0.93
2024-06-19 21:30:00,2024-06-19 22:00:00,17.81,8.75,19.4876,1,1,0.93
2024-06-19 22:00:00,2024-06-19 22:30:00,17.45,8.59,19.426099999999998,1,0,0.93
2024-06-19 22:30:00,2024-06-19 23:00:00,15.69,7.8,19.3497,1,1,0.93
2024-06-19 23:00:00,2024-06-19 23:30:00,16.11,7.99,19.2903,1,1,0.93
2024-06-19 23:30:00,2024-06-20 00:00:00,15.81,7.86,19.2363,1,1,0.93
2024-06-20 00:00:00,2024-06-20 00:30:00,15.54,7.74,19.1991,1,1,0.93
2024-06-20 00:30:00,2024-06-20 01:00:00,14.91,7.45,19.165499999999998,1,1,0.93
2024-06-20 01:00:00,2024-06-20 01:30:00,14.18,7.12,19.1397,1,1,0.93
2024-06-20 01:30:00,2024-06-20 02:00:00,14.87,7.44,19.1246,1,1,0.93
2024-06-20 02:00:00,2024-06-20 02:30:00,15.22,7.6,19.1164,1,1,0.93
2024-06-20 02:30:00,2024-06-20 03:00:00,15.46,7.7,19.1114,1,1,0.93
2024-06-20 03:00:00,2024-06-20 03:30:00,15.46,7.7,19.113799999999998,1,0,0.93
2024-06-20 03:30:00,2024-06-20 04:00:00,15.41,7.68,19.1108,1,1,0.93
2024-06-20 04:00:00,2024-06-20 04:30:00,15.94,7.91,19.112700000000004,1,1,0.93
2024-06-20 04:30:00,2024-06-20 05:00:00,15.81,7.86,19.1156,1,1,0.93
2024-06-20 05:00:00,2024-06-20 05:30:00,18.98,9.28,19.1487,1,1,0.93
2024-06-20 05:30:00,2024-06-20 06:00:00,19.11,9.33,19.1844,1,1,0.93
2024-06-20 06:00:00,2024-06-20 06:30:00,19.11,9.33,19.2176,1,1,0.93
2024-06-20 06:30:00,2024-06-20 07:00:00,19.84,9.66,19.2656,1,1,0.93
2024-06-20 07:00:00,2024-06-20 07:30:00,17.81,8.75,19.2726,1,1,0.93
2024-06-20 07:30:00,2024-06-20 08:00:00,21.12,10.23,19.320800000000002,1,1,0.93
2024-06-20 08:00:00,2024-06-20 08:30:00,19.87,9.67,19.3347,1,0,0.93
2024-06-20 08:30:00,2024-06-20 09:00:00,18.9,9.24,19.3221,1,1,0.93
2024-06-20 09:00:00,2024-06-20 09:30:00,19.3,9.42,19.349800000000002,1,1,0.93
2024-06-20 09:30:00,2024-06-20 10:00:00,17.7,8.7,19.3181,1,1,0.93
2024-06-20 10:00:00,2024-06-20 10:30:00,16.48,8.16,19.2666,1,1,0.93
2024-06-20 10:30:00,2024-06-20 11:00:00,15.81,7.86,19.2105,1,1,0.93
2024-06-20 11:00:00,2024-06-20 11:30:00,15.9,7.9,19.1584,1,1,0.93
2024-06-20 11:30:00,2024-06-20 12:00:00,15.69,7.8,19.1074,1,1,0.93
2024-06-20 12:00:00,2024-06-20 12:30:00,15.22,7.6,19.0618,1,1,0.93
2024-06-20 12:30:00,2024-06-20 13:00:00,14.51,7.28,19.012,1,1,0.93
2024-06-20 13:00:00,2024-06-20 13:30:00,15.12,7.55,18.9741,1,0,0.93
2024-06-20 13:30:00,2024-06-20 14:00:00,14.52,7.28,18.9311,1,1,0.93
2024-06-20 14:00:00,2024-06-20 14:30:00,14.68,7.35,18.8931,1,1,0.93
2024-06-20 14:30:00,2024-06-20 15:00:00,14.28,7.17,18.8576,1,1,0.93
2024-06-20 15:00:00,2024-06-20 15:30:00,14.28,7.17,18.8353,1,1,0.93
2024-06-20 15:30:00,2024-06-20 16:00:00,15.31,7.63,18.8302,1,1,0.93
2024-06-20 16:00:00,2024-06-20 16:30:00,30.45,14.1,18.980600000000003,1,1,0.93
2024-06-20 16:30:00,2024-06-20 17:00:00,31.08,14.38,19.1377,1,1,0.93
2024-06-20 17:00:00,2024-06-20 17:30:00,33.13,15.3,19.315700000000003,1,1,0.93
2024-06-20 17:30:00,2024-06-20 18:00:00,34.44,15.89,19.5026,1,1,0.93
2024-06-20 18:00:00,2024-06-20 18:30:00,36.71,16.9,19.5646,1,0,0.93
2024-06-20 18:30:00,2024-06-20 19:00:00,37.15,17.1,19.6125,1,1,0.93
2024-06-20 19:00:00,2024-06-20 19:30:00,22.83,11.0,19.5046,1,1,0.93
2024-06-20 19:30:00,2024-06-20 20:00:00,22.51,10.86,19.378999999999998,1,1,0.93
2024-06-20 20:00:00,2024-06-20 20:30:00,22.68,10.93,19.256600000000002,1,1,0.93
2024-06-20 20:30:00,2024-06-20 21:00:00,22.03,10.64,19.124100000000002,1,1,0.93
2024-06-20 21:00:00,2024-06-20 21:30:00,21.13,10.24,19.1036,1,1,0.93
2024-06-20 21:30:00,2024-06-20 22:00:00,19.61,9.56,19.067899999999998,1,1,0.93
2024-06-20 22:00:00,2024-06-20 22:30:00,19.91,9.69,19.0557,1,1,0.93
2024-06-20 22:30:00,2024-06-20 23:00:00,17.22,8.49,19.019499999999997,1,1,0.93
2024-06-20 23:00:00,2024-06-20 23:30:00,16.59,8.21,18.9949,1,0,0.93
2024-06-20 23:30:00,2024-06-21 00:00:00,18.63,9.12,19.0004,1,1,0.93
2024-06-21 00:00:00,2024-06-21 00:30:00,17.89,8.79,19.0102,1,1,0.93
2024-06-21 00:30:00,2024-06-21 01:00:00,17.26,8.51,19.0289,1,1,0.93
2024-06-21 01:00:00,2024-06-21 01:30:00,16.57,8.2,19.0298,1,1,0.93
2024-06-21 01:30:00,2024-06-21 02:00:00,17.22,8.49,19.0235,1,1,0.93
2024-06-21 02:00:00,2024-06-21 02:30:00,15.31,7.63,19.0183,1,1,0.93
2024-06-21 02:30:00,2024-06-21 03:00:00,14.95,7.47,19.0109,1,1,0.93
2024-06-21 03:00:00,2024-06-21 03:30:00,14.8,7.41,19.0098,1,1,0.93
2024-06-21 03:30:00,2024-06-21 04:00:00,14.89,7.44,19.0082,1,1,0.93
2024-06-21 04:00:00,2024-06-21 04:30:00,15.18,7.58,19.0134,1,0,0.93
2024-06-21 04:30:00,2024-06-21 05:00:00,14.6,7.31,19.016,1,1,0.93
2024-06-21 05:00:00,2024-06-21 05:30:00,16.34,8.09,19.0364,1,1,0.93
2024-06-21 05:30:00,2024-06-21 06:00:00,16.95,8.37,19.0632,1,1,0.93
2024-06-21 06:00:00,2024-06-21 06:30:00,19.59,9.55,19.116300000000003,1,1,0.93
2024-06-21 06:30:00,2024-06-21 07:00:00,21.0,10.18,19.1922,1,1,0.9
2024-06-21 07:00:00,2024-06-21 07:30:00,19.82,9.65,19.233500000000003,1,1,0.9
2024-06-21 07:30:00,2024-06-21 08:00:00,21.32,10.32,19.2888,1,1,0.9
2024-06-21 08:00:00,2024-06-21 08:30:00,19.82,9.65,19.3085,1,1,0.9
2024-06-21 08:30:00,2024-06-21 09:00:00,19.08,9.32,19.3111,1,1,0.9
2024-06-21 09:00:00,2024-06-21 09:30:00,18.23,8.94,19.3243,1,0,0.9
2024-06-21 09:30:00,2024-06-21 10:00:00,16.38,8.11,19.2823,1,1,0.9
2024-06-21 10:00:00,2024-06-21 10:30:00,14.7,7.36,19.2109,1,1,0.9
2024-06-21 10:30:00,2024-06-21 11:00:00,15.2,7.59,19.1508,1,1,0.9
2024-06-21 11:00:00,2024-06-21 11:30:00,15.12,7.55,19.0966,1,1,0.9
2024-06-21 11:30:00,2024-06-21 12:00:00,14.38,7.22,19.0489,1,1,0.9
2024-06-21 12:00:00,2024-06-21 12:30:00,13.86,6.98,18.9993,1,1,0.9
2024-06-21 12:30:00,2024-06-21 13:00:00,13.23,6.7,18.9468,1,1,0.9
2024-06-21 13:00:00,2024-06-21 13:30:00,13.1,6.65,18.8951,1,1,0.9
2024-06-21 13:30:00,2024-06-21 14:00:00,12.73,6.48,18.843899999999998,1,2,0.91
2024-06-21 14:00:00,2024-06-21 14:30:00,12.77,6.5,18.7962,1,0,0.91
2024-06-21 14:30:00,2024-06-21 15:00:00,12.6,6.42,18.7586,1,9,0.99
2024-06-21 15:00:00,2024-06-21 15:30:00,13.23,6.7,18.7376,1,1,0.99
2024-06-21 15:30:00,2024-06-21 16:00:00,14.7,7.36,18.7408,1,1,0.99
2024-06-21 16:00:00,2024-06-21 16:30:00,29.71,13.77,18.8951,1,1,0.99
2024-06-21 16:30:00,2024-06-21 17:00:00,31.82,14.71,19.076800000000002,1,1,0.99
2024-06-21 17:00:00,2024-06-21 17:30:00,31.5,14.57,19.2553,1,1,0.99
2024-06-21 17:30:00,2024-06-21 18:00:00,31.84,14.72,19.4299,1,1,0.99
2024-06-21 18:00:00,2024-06-21 18:30:00,33.1,15.28,19.4837,1,1,0.99
2024-06-21 18:30:00,2024-06-21 19:00:00,33.31,15.38,19.5201,1,1,0.99
2024-06-21 19:00:00,2024-06-21 19:30:00,19.95,9.71,19.418000000000003,1,0,0.99
2024-06-21 19:30:00,2024-06-21 20:00:00,19.74,9.62,19.2962,1,1,0.99
2024-06-21 20:00:00,2024-06-21 20:30:00,19.15,9.35,19.158,1,1,0.99
2024-06-21 20:30:00,2024-06-21 21:00:00,18.59,9.1,19.008699999999997,1,1,0.99
2024-06-21 21:00:00,2024-06-21 21:30:00,19.74,9.62,18.991899999999998,1,1,0.99
2024-06-21 21:30:00,2024-06-21 22:00:00,18.14,8.9,18.9591,1,1,0.99
2024-06-21 22:00:00,2024-06-21 22:30:00,18.48,9.05,18.9356,1,1,0.99
2024-06-21 22:30:00,2024-06-21 23:00:00,15.96,7.92,18.893600000000003,1,1,0.99
2024-06-21 23:00:00,2024-06-21 23:30:00,16.8,8.3,18.8596,1,1,0.99
2024-06-21 23:30:00,2024-06-22 00:00:00,16.8,8.3,18.8495,1,1,0.99
2024-06-22 00:00:00,2024-06-22 00:30:00,15.75,7.83,18.8325,1,0,0.99
2024-06-22 00:30:00,2024-06-22 01:00:00,15.12,7.55,18.826800000000002,1,1,0.99
2024-06-22 01:00:00,2024-06-22 01:30:00,15.52,7.73,18.8209,1,1,0.99
2024-06-22 01:30:00,2024-06-22 02:00:00,16.76,8.28,18.8304,1,1,0.99
2024-06-22 02:00:00,2024-06-22 02:30:00,15.96,7.92,18.834600000000002,1,1,0.99
2024-06-22 02:30:00,2024-06-22 03:00:00,14.7,7.36,18.8325,1,1,0.99
2024-06-22 03:00:00,2024-06-22 03:30:00,15.2,7.59,18.8427,1,1,0.99
2024-06-22 03:30:00,2024-06-22 04:00:00,14.38,7.22,18.8378,1,1,0.99
2024-06-22 04:00:00,2024-06-22 04:30:00,16.11,7.99,18.846700000000002,1,1,0.99
2024-06-22 04:30:00,2024-06-22 05:00:00,15.22,7.6,18.8443,1,1,0.99
2024-06-22 05:00:00,2024-06-22 05:30:00,16.04,7.96,18.8501,1,0,0.99
2024-06-22 05:30:00,2024-06-22 06:00:00,16.8,8.3,18.863999999999997,1,1,0.99
2024-06-22 06:00:00,2024-06-22 06:30:00,15.54,7.74,18.86,1,1,0.99
2024-06-22 06:30:00,2024-06-22 07:00:00,14.7,7.36,18.8489,1,1,0.99
2024-06-22 07:00:00,2024-06-22 07:30:00,14.49,7.27,18.804,1,1,0.99
2024-06-22 07:30:00,2024-06-22 08:00:00,17.24,8.5,18.7853,1,1,0.99
2024-06-22 08:00:00,2024-06-22 08:30:00,19.95,9.71,18.793699999999998,1,1,0.99
2024-06-22 08:30:00,2024-06-22 09:00:00,19.95,9.71,18.7948,1,1,0.99
2024-06-22 09:00:00,2024-06-22 09:30:00,20.27,9.85,18.8194,1,1,0.99
2024-06-22 09:30:00,2024-06-22 10:00:00,18.67,9.14,18.7949,1,1,0.99
2024-06-22 10:00:00,2024-06-22 10:30:00,19.95,9.71,18.7957,1,0,0.99
2024-06-22 10:30:00,2024-06-22 11:00:00,19.32,9.43,18.7999,1,1,0.99
2024-06-22 11:00:00,2024-06-22 11:30:00,19.13,9.34,18.798199999999998,1,1,0.99
2024-06-22 11:30:00,2024-06-22 12:00:00,18.88,9.23,18.81,1,1,0.99
2024-06-22 12:00:00,2024-06-22 12:30:00,17.7,8.7,18.8222,1,1,0.99
2024-06-22 12:30:00,2024-06-22 13:00:00,16.59,8.21,18.83,1,1,0.99
2024-06-22 13:00:00,2024-06-22 13:30:00,14.88,7.44,18.819799999999997,1,1,0.99
2024-06-22 13:30:00,2024-06-22 14:00:00,13.57,6.85,18.7986,1,1,0.99
2024-06-22 14:00:00,2024-06-22 14:30:00,12.6,6.42,18.7724,1,1,0.99
2024-06-22 14:30:00,2024-06-22 15:00:00,12.6,6.42,18.7533,1,1,0.99
2024-06-22 15:00:00,2024-06-22 15:30:00,12.6,6.42,18.728099999999998,1,0,0.99
2024-06-22 15:30:00,2024-06-22 16:00:00,12.6,6.42,18.7089,1,1,0.99
2024-06-22 16:00:00,2024-06-22 16:30:00,27.3,12.69,18.8351,1,1,0.99
2024-06-22 16:30:00,2024-06-22 17:00:00,28.66,13.3,18.9789,1,1,0.99
2024-06-22 17:00:00,2024-06-22 17:30:00,27.72,12.88,19.1133,1,1,0.99
2024-06-22 17:30:00,2024-06-22 18:00:00,32.13,14.85,19.2815,1,1,0.99
2024-06-22 18:00:00,2024-06-22 18:30:00,33.6,15.51,19.313,1,1,0.99
2024-06-22 18:30:00,2024-06-22 19:00:00,33.6,15.51,19.3382,1,1,0.99
2024-06-22 19:00:00,2024-06-22 19:30:00,19.74,9.62,19.2043,1,1,0.99
2024-06-22 19:30:00,2024-06-22 20:00:00,19.74,9.62,19.0573,1,1,0.99
2024-06-22 20:00:00,2024-06-22 20:30:00,19.4,9.46,18.8842,1,0,0.99
2024-06-22 20:30:00,2024-06-22 21:00:00,18.69,9.15,18.6996,1,1,0.99
2024-06-22 21:00:00,2024-06-22 21:30:00,18.86,9.22,18.6599,1,1,0.99
2024-06-22 21:30:00,2024-06-22 22:00:00,17.91,8.8,18.6139,1,1,0.99
2024-06-22 22:00:00,2024-06-22 22:30:00,16.13,8.0,18.5484,1,1,0.99
2024-06-22 22:30:00,2024-06-22 23:00:00,14.7,7.36,18.4751,1,1,0.99
2024-06-22 23:00:00,2024-06-22 23:30:00,17.22,8.49,18.436,1,1,0.99
2024-06-22 23:30:00,2024-06-23 00:00:00,18.06,8.86,18.4205,1,1,0.99
2024-06-23 00:00:00,2024-06-23 00:30:00,14.7,7.36,18.368399999999998,1,1,0.99
2024-06-23 00:30:00,2024-06-23 01:00:00,14.7,7.36,18.343200000000003,1,1,0.99
2024-06-23 01:00:00,2024-06-23 01:30:00,15.79,7.85,18.3352,1,0,0.99
2024-06-23 01:30:00,2024-06-23 02:00:00,15.67,7.79,18.305600000000002,1,1,0.99
2024-06-23 02:00:00,2024-06-23 02:30:00,15.44,7.69,18.2811,1,1,0.99
2024-06-23 02:30:00,2024-06-23 03:00:00,13.86,6.98,18.2471,1,1,0.99
2024-06-23 03:00:00,2024-06-23 03:30:00,14.28,7.17,18.2242,1,1,0.99
2024-06-23 03:30:00,2024-06-23 04:00:00,14.8,7.41,18.2,1,1,0.99
2024-06-23 04:00:00,2024-06-23 04:30:00,15.75,7.83,18.2044,1,1,0.99
2024-06-23 04:30:00,2024-06-23 05:00:00,14.57,7.3,18.200599999999998,1,1,0.99
2024-06-23 05:00:00,2024-06-23 05:30:00,14.95,7.47,18.2021,1,1,0.99
2024-06-23 05:30:00,2024-06-23 06:00:00,15.44,7.69,18.2076,1,1,0.99
2024-06-23 06:00:00,2024-06-23 06:30:00,13.94,7.02,18.1952,1,0,0.99
2024-06-23 06:30:00,2024-06-23 07:00:00,13.65,6.89,18.1857,1,1,0.99
2024-06-23 07:00:00,2024-06-23 07:30:00,12.16,6.22,18.143900000000002,1,19,1.17
2024-06-23 07:30:00,2024-06-23 08:00:00,13.65,6.89,18.1109,1,1,1.17
2024-06-23 08:00:00,2024-06-23 08:30:00,13.86,6.98,18.0536,1,1,1.17
2024-06-23 08:30:00,2024-06-23 09:00:00,15.12,7.55,17.994799999999998,1,1,1.17
2024-06-23 09:00:00,2024-06-23 09:30:00,15.75,7.83,17.954099999999997,1,1,1.17
2024-06-23 09:30:00,2024-06-23 10:00:00,14.09,7.09,17.881800000000002,1,1,1.17
2024-06-23 10:00:00,2024-06-23 10:30:00,15.44,7.69,17.838,1,1,1.17
2024-06-23 10:30:00,2024-06-23 11:00:00,16.55,8.19,17.8127,1,1,1.17
2024-06-23 11:00:00,2024-06-23 11:30:00,17.64,8.68,17.8068,1,0,1.17
2024-06-23 11:30:00,2024-06-23 12:00:00,17.43,8.58,17.8173,1,1,1.17
2024-06-23 12:00:00,2024-06-23 12:30:00,18.46,9.04,17.8549,1,1,1.17
2024-06-23 12:30:00,2024-06-23 13:00:00,18.08,8.87,17.883699999999997,1,1,1.17
2024-06-23 13:00:00,2024-06-23 13:30:00,17.32,8.54,17.9057,1,1,1.17
2024-06-23 13:30:00,2024-06-23 14:00:00,15.86,7.88,17.9205,1,1,1.17
2024-06-23 14:00:00,2024-06-23 14:30:00,15.41,7.68,17.936,1,1,1.17
2024-06-23 14:30:00,2024-06-23 15:00:00,15.96,7.92,17.9633,1,1,1.17
2024-06-23 15:00:00,2024-06-23 15:30:00,15.96,7.92,17.9919,1,1,1.17
2024-06-23 15:30:00,2024-06-23 16:00:00,16.07,7.97,18.0253,1,1,1.16
2024-06-23 16:00:00,2024-06-23 16:30:00,31.56,14.6,18.2132,1,0,1.16
2024-06-23 16:30:00,2024-06-23 17:00:00,31.08,14.38,18.398,1,1,1.08
2024-06-23 17:00:00,2024-06-23 17:30:00,32.09,14.83,18.586599999999997,1,1,1.08
2024-06-23 17:30:00,2024-06-23 18:00:00,32.76,15.13,18.7672,1,1,1.08
2024-06-23 18:00:00,2024-06-23 18:30:00,32.0,14.8,18.7901,1,1,1.08
2024-06-23 18:30:00,2024-06-23 19:00:00,31.92,14.76,18.7911,1,1,1.08
2024-06-23 19:00:00,2024-06-23 19:30:00,19.84,9.66,18.6745,1,1,1.08
2024-06-23 19:30:00,2024-06-23 20:00:00,18.67,9.14,18.5428,1,1,1.08
2024-06-23 20:00:00,2024-06-23 20:30:00,21.0,10.18,18.421799999999998,1,1,1.08
2024-06-23 20:30:00,2024-06-23 21:00:00,20.5,9.95,18.293699999999998,1,1,1.08
2024-06-23 21:00:00,2024-06-23 21:30:00,20.83,10.1,18.3025,1,0,1.08
2024-06-23 21:30:00,2024-06-23 22:00:00,19.95,9.71,18.304599999999997,1,1,1.08
2024-06-23 22:00:00,2024-06-23 22:30:00,19.13,9.34,18.3044,1,1,1.08
2024-06-23 22:30:00,2024-06-23 23:00:00,15.48,7.71,18.273300000000003,1,1,1.08
2024-06-23 23:00:00,2024-06-23 23:30:00,16.8,8.3,18.2439,1,1,1.08
2024-06-23 23:30:00,2024-06-24 00:00:00,17.81,8.75,18.2406,1,1,1.08
2024-06-24 00:00:00,2024-06-24 00:30:00,16.8,8.3,18.223799999999997,1,1,1.08
2024-06-24 00:30:00,2024-06-24 01:00:00,15.86,7.88,18.2228,1,1,1.08
2024-06-24 01:00:00,2024-06-24 01:30:00,15.33,7.64,18.208099999999998,1,1,1.08
2024-06-24 01:30:00,2024-06-24 02:00:00,15.17,7.57,18.1918,1,1,1.08
2024-06-24 02:00:00,2024-06-24 02:30:00,14.7,7.36,18.1813,1,0,1.08
2024-06-24 02:30:00,2024-06-24 03:00:00,14.7,7.36,18.1771,1,1,1.08
2024-06-24 03:00:00,2024-06-24 03:30:00,15.31,7.63,18.175,1,1,1.08
2024-06-24 03:30:00,2024-06-24 04:00:00,14.55,7.29,18.1529,1,1,1.08
2024-06-24 04:00:00,2024-06-24 04:30:00,15.67,7.79,18.15,1,1,1.08
2024-06-24 04:30:00,2024-06-24 05:00:00,15.39,7.67,18.1569,1,1,1.08
2024-06-24 05:00:00,2024-06-24 05:30:00,16.8,8.3,18.1729,1,1,1.08
2024-06-24 05:30:00,2024-06-24 06:00:00,17.64,8.68,18.2055,1,1,1.08
2024-06-24 06:00:00,2024-06-24 06:30:00,18.8,9.19,18.2324,1,1,1.08
2024-06-24 06:30:00,2024-06-24 07:00:00,19.68,9.59,18.277,1,1,1.08
2024-06-24 07:00:00,2024-06-24 07:30:00,16.8,8.3,18.2846,1,0,1.08
2024-06-24 07:30:00,2024-06-24 08:00:00,19.57,9.54,18.3123,1,1,1.08
2024-06-24 08:00:00,2024-06-24 08:30:00,19.11,9.33,18.348,1,1,1.08
2024-06-24 08:30:00,2024-06-24 09:00:00,18.78,9.19,18.3888,1,1,1.08
2024-06-24 09:00:00,2024-06-24 09:30:00,18.48,9.05,18.428700000000003,1,1,1.08
2024-06-24 09:30:00,2024-06-24 10:00:00,16.74,8.27,18.4237,1,1,1.08
2024-06-24 10:00:00,2024-06-24 10:30:00,15.98,7.93,18.384,1,1,1.08
2024-06-24 10:30:00,2024-06-24 11:00:00,16.38,8.11,18.3483,1,1,1.08
2024-06-24 11:00:00,2024-06-24 11:30:00,16.88,8.34,18.3144,1,1,1.08
2024-06-24 11:30:00,2024-06-24 12:00:00,16.13,8.0,18.288999999999998,1,1,1.08
2024-06-24 12:00:00,2024-06-24 12:30:00,16.8,8.3,18.2575,1,0,1.08
2024-06-24 12:30:00,2024-06-24 13:00:00,16.34,8.09,18.2277,1,1,1.08
2024-06-24 13:00:00,2024-06-24 13:30:00,15.54,7.74,18.1918,1,1,1.08
2024-06-24 13:30:00,2024-06-24 14:00:00,15.46,7.7,18.1576,1,1,1.08
2024-06-24 14:00:00,2024-06-24 14:30:00,14.68,7.35,18.127399999999998,1,1,1.08
2024-06-24 14:30:00,2024-06-24 15:00:00,14.47,7.26,18.106199999999998,1,1,1.08
2024-06-24 15:00:00,2024-06-24 15:30:00,15.12,7.55,18.108600000000003,1,1,1.08
2024-06-24 15:30:00,2024-06-24 16:00:00,15.12,7.55,18.1241,1,1,1.08
2024-06-24 16:00:00,2024-06-24 16:30:00,29.65,13.74,18.2946,1,1,1.08
2024-06-24 16:30:00,2024-06-24 17:00:00,30.16,13.97,18.4702,1,1,1.08
2024-06-24 17:00:00,2024-06-24 17:30:00,31.21,14.44,18.656299999999998,1,0,1.08
2024-06-24 17:30:00,2024-06-24 18:00:00,31.84,14.72,18.8487,1,1,1.08
2024-06-24 18:00:00,2024-06-24 18:30:00,37.38,17.2,18.9495,1,1,1.08
2024-06-24 18:30:00,2024-06-24 19:00:00,36.96,17.01,19.0325,1,1,1.08
2024-06-24 19:00:00,2024-06-24 19:30:00,23.1,11.12,18.9863,1,1,1.08
2024-06-24 19:30:00,2024-06-24 20:00:00,22.51,10.86,18.890100000000004,1,1,1.08
2024-06-24 20:00:00,2024-06-24 20:30:00,22.47,10.84,18.7788,1,1,1.08
2024-06-24 20:30:00,2024-06-24 21:00:00,22.01,10.63,18.6629,1,1,1.08
2024-06-24 21:00:00,2024-06-24 21:30:00,21.0,10.18,18.6755,1,1,1.08
2024-06-24 21:30:00,2024-06-24 22:00:00,20.0,9.73,18.6781,1,1,1.08
2024-06-24 22:00:00,2024-06-24 22:30:00,16.97,8.38,18.6538,1,0,1.08
2024-06-24 22:30:00,2024-06-24 23:00:00,15.46,7.7,18.621499999999997,1,1,1.08
2024-06-24 23:00:00,2024-06-24 23:30:00,16.09,7.98,18.5938,1,1,1.08
2024-06-24 23:30:00,2024-06-25 00:00:00,15.75,7.83,18.5722,1,1,1.08
2024-06-25 00:00:00,2024-06-25 00:30:00,14.18,7.12,18.5527,1,1,1.08
2024-06-25 00:30:00,2024-06-25 01:00:00,13.86,6.98,18.5443,1,1,1.08
2024-06-25 01:00:00,2024-06-25 01:30:00,14.18,7.12,18.5139,1,1,1.08
2024-06-25 01:30:00,2024-06-25 02:00:00,14.53,7.28,18.4786,1,1,1.08
2024-06-25 02:00:00,2024-06-25 02:30:00,14.18,7.12,18.473399999999998,1,1,1.08
2024-06-25 02:30:00,2024-06-25 03:00:00,14.07,7.08,18.467100000000002,1,1,1.08
2024-06-25 03:00:00,2024-06-25 03:30:00,13.23,6.7,18.441499999999998,1,0,1.08
2024-06-25 03:30:00,2024-06-25 04:00:00,12.68,6.46,18.4116,1,1,1.08
2024-06-25 04:00:00,2024-06-25 04:30:00,16.44,8.14,18.4216,1,1,1.08
2024-06-25 04:30:00,2024-06-25 05:00:00,15.22,7.6,18.4352,1,1,1.08
2024-06-25 05:00:00,2024-06-25 05:30:00,17.86,8.77,18.471,1,1,1.08
2024-06-25 05:30:00,2024-06-25 06:00:00,16.8,8.3,18.491,1,1,1.08
2024-06-25 06:00:00,2024-06-25 06:30:00,19.95,9.71,18.533,1,1,1.08
2024-06-25 06:30:00,2024-06-25 07:00:00,22.07,10.66,18.608,1,1,1.08
2024-06-25 07:00:00,2024-06-25 07:30:00,18.67,9.14,18.6452,1,1,1.08
2024-06-25 07:30:00,2024-06-25 08:00:00,22.68,10.93,18.7176,1,1,1.08
2024-06-25 08:00:00,2024-06-25 08:30:00,19.32,9.43,18.7714,1,0,1.08
2024-06-25 08:30:00,2024-06-25 09:00:00,18.21,8.93,18.817,1,1,1.08
2024-06-25 09:00:00,2024-06-25 09:30:00,18.4,9.01,18.8794,1,1,0.9
2024-06-25 09:30:00,2024-06-25 10:00:00,16.8,8.3,18.9109,1,1,0.9
2024-06-25 10:00:00,2024-06-25 10:30:00,15.18,7.58,18.9241,1,1,0.9
2024-06-25 10:30:00,2024-06-25 11:00:00,14.91,7.45,18.922,1,1,0.9
2024-06-25 11:00:00,2024-06-25 11:30:00,15.44,7.69,18.9189,1,1,0.9
2024-06-25 11:30:00,2024-06-25 12:00:00,15.39,7.67,18.9319,1,1,0.9
2024-06-25 12:00:00,2024-06-25 12:30:00,15.64,7.78,18.9339,1,1,0.9
2024-06-25 12:30:00,2024-06-25 13:00:00,15.46,7.7,18.923,1,1,0.9
2024-06-25 13:00:00,2024-06-25 13:30:00,15.29,7.62,18.8995,1,0,0.9
2024-06-25 13:30:00,2024-06-25 14:00:00,15.18,7.58,18.877,1,1,0.9
2024-06-25 14:00:00,2024-06-25 14:30:00,15.1,7.54,18.8434,1,1,0.9
2024-06-25 14:30:00,2024-06-25 15:00:00,15.14,7.56,18.814,1,1,0.9
2024-06-25 15:00:00,2024-06-25 15:30:00,15.18,7.58,18.7926,1,1,0.9
2024-06-25 15:30:00,2024-06-25 16:00:00,15.88,7.89,18.7928,1,1,0.9
2024-06-25 16:00:00,2024-06-25 16:30:00,30.81,14.26,18.9468,1,1,0.9
2024-06-25 16:30:00,2024-06-25 17:00:00,32.93,15.21,19.116500000000002,1,1,0.9
2024-06-25 17:00:00,2024-06-25 17:30:00,32.55,15.04,19.2824,1,1,0.9
2024-06-25 17:30:00,2024-06-25 18:00:00,34.29,15.82,19.4646,1,1,0.9
2024-06-25 18:00:00,2024-06-25 18:30:00,36.94,17.0,19.5184,1,0,0.9
2024-06-25 18:30:00,2024-06-25 19:00:00,36.69,16.89,19.5745,1,1,0.9
2024-06-25 19:00:00,2024-06-25 19:30:00,24.28,11.65,19.4964,1,1,0.9
2024-06-25 19:30:00,2024-06-25 20:00:00,23.65,11.36,19.4053,1,1,0.9
2024-06-25 20:00:00,2024-06-25 20:30:00,22.18,10.71,19.307100000000002,1,1,0.9
2024-06-25 20:30:00,2024-06-25 21:00:00,21.23,10.28,19.2002,1,1,0.9
2024-06-25 21:00:00,2024-06-25 21:30:00,19.89,9.68,19.2007,1,1,0.9
2024-06-25 21:30:00,2024-06-25 22:00:00,18.9,9.24,19.203,1,1,0.9
2024-06-25 22:00:00,2024-06-25 22:30:00,17.85,8.77,19.1715,1,1,0.9
2024-06-25 22:30:00,2024-06-25 23:00:00,15.73,7.82,19.123800000000003,1,1,0.9
2024-06-25 23:00:00,2024-06-25 23:30:00,18.69,9.15,19.1024,1,0,0.9
2024-06-25 23:30:00,2024-06-26 00:00:00,18.9,9.24,19.0919,1,1,0.9
2024-06-26 00:00:00,2024-06-26 00:30:00,17.22,8.49,19.0728,1,1,0.9
2024-06-26 00:30:00,2024-06-26 01:00:00,16.79,8.3,19.0859,1,1,0.9
2024-06-26 01:00:00,2024-06-26 01:30:00,16.43,8.14,19.0822,1,1,0.9
2024-06-26 01:30:00,2024-06-26 02:00:00,16.75,8.28,19.0716,1,1,0.9
2024-06-26 02:00:00,2024-06-26 02:30:00,17.18,8.47,19.0754,1,1,0.9
2024-06-26 02:30:00,2024-06-26 03:00:00,15.96,7.92,19.0764,1,1,0.9
2024-06-26 03:00:00,2024-06-26 03:30:00,16.8,8.3,19.0911,1,1,0.9
2024-06-26 03:30:00,2024-06-26 04:00:00,15.96,7.92,19.099,1,1,0.9
2024-06-26 04:00:00,2024-06-26 04:30:00,17.35,8.54,19.1255,1,0,0.9
2024-06-26 04:30:00,2024-06-26 05:00:00,15.79,7.85,19.136400000000002,1,1,0.9
2024-06-26 05:00:00,2024-06-26 05:30:00,17.81,8.75,19.1614,1,1,0.9
2024-06-26 05:30:00,2024-06-26 06:00:00,18.48,9.05,19.200699999999998,1,1,0.9
2024-06-26 06:00:00,2024-06-26 06:30:00,20.37,9.9,19.247700000000002,1,1,0.9
2024-06-26 06:30:00,2024-06-26 07:00:00,22.87,11.02,19.3225,1,1,0.9
2024-06-26 07:00:00,2024-06-26 07:30:00,20.16,9.8,19.3561,1,1,0.9
2024-06-26 07:30:00,2024-06-26 08:00:00,22.51,10.86,19.4048,1,1,0.9
2024-06-26 08:00:00,2024-06-26 08:30:00,19.95,9.71,19.4163,1,1,0.9
2024-06-26 08:30:00,2024-06-26 09:00:00,19.32,9.43,19.4127,1,1,0.9
2024-06-26 09:00:00,2024-06-26 09:30:00,18.48,9.05,19.4295,1,0,0.9
2024-06-26 09:30:00,2024-06-26 10:00:00,16.91,8.35,19.4029,1,1,0.9
2024-06-26 10:00:00,2024-06-26 10:30:00,16.19,8.03,19.3737,1,1,0.9
2024-06-26 10:30:00,2024-06-26 11:00:00,15.54,7.74,19.3413,1,1,0.9
2024-06-26 11:00:00,2024-06-26 11:30:00,15.12,7.55,19.3077,1,1,0.9
2024-06-26 11:30:00,2024-06-26 12:00:00,14.36,7.21,19.2839,1,1,0.9
2024-06-26 12:00:00,2024-06-26 12:30:00,14.76,7.39,19.2717,1,1,0.9
2024-06-26 12:30:00,2024-06-26 13:00:00,13.76,6.94,19.2455,1,1,0.9
2024-06-26 13:00:00,2024-06-26 13:30:00,14.28,7.17,19.219499999999996,1,1,0.9
2024-06-26 13:30:00,2024-06-26 14:00:00,13.9,7.0,19.1972,1,1,0.9
2024-06-26 14:00:00,2024-06-26 14:30:00,14.44,7.24,19.1736,1,0,0.9
2024-06-26 14:30:00,2024-06-26 15:00:00,13.96,7.03,19.1498,1,1,0.9
2024-06-26 15:00:00,2024-06-26 15:30:00,14.18,7.12,19.1362,1,1,0.9
2024-06-26 15:30:00,2024-06-26 16:00:00,14.62,7.32,19.1278,1,1,0.9
2024-06-26 16:00:00,2024-06-26 16:30:00,30.45,14.1,19.285500000000003,1,1,0.9
2024-06-26 16:30:00,2024-06-26 17:00:00,31.63,14.63,19.4571,1,1,0.9
2024-06-26 17:00:00,2024-06-26 17:30:00,32.87,15.18,19.6346,1,1,0.9
2024-06-26 17:30:00,2024-06-26 18:00:00,33.08,15.28,19.8142,1,1,0.9
2024-06-26 18:00:00,2024-06-26 18:30:00,37.27,17.16,19.8904,1,1,0.9
2024-06-26 18:30:00,2024-06-26 19:00:00,37.17,17.11,19.960500000000003,1,1,0.9
2024-06-26 19:00:00,2024-06-26 19:30:00,24.02,11.53,19.8886,1,0,0.9
2024-06-26 19:30:00,2024-06-26 20:00:00,23.1,11.12,19.801199999999998,1,1,0.9
2024-06-26 20:00:00,2024-06-26 20:30:00,22.68,10.93,19.6542,1,1,0.9
2024-06-26 20:30:00,2024-06-26 21:00:00,20.92,10.14,19.4938,1,1,0.9
2024-06-26 21:00:00,2024-06-26 21:30:00,20.53,9.97,19.468100000000003,1,1,0.9
2024-06-26 21:30:00,2024-06-26 22:00:00,18.96,9.27,19.4326,1,1,0.9
2024-06-26 22:00:00,2024-06-26 22:30:00,19.15,9.35,19.3994,1,1,0.9
2024-06-26 22:30:00,2024-06-26 23:00:00,15.28,7.62,19.3321,1,1,0.9
2024-06-26 23:00:00,2024-06-26 23:30:00,16.76,8.28,19.2897,1,1,0.9
2024-06-26 23:30:00,2024-06-27 00:00:00,17.92,8.8,19.268900000000002,1,1,0.9
2024-06-27 00:00:00,2024-06-27 00:30:00,15.96,7.92,19.2588,1,0,0.9
2024-06-27 00:30:00,2024-06-27 01:00:00,16.55,8.19,19.2697,1,1,0.9
2024-06-27 01:00:00,2024-06-27 01:30:00,14.74,7.38,19.2562,1,1,0.9
2024-06-27 01:30:00,2024-06-27 02:00:00,14.49,7.27,19.2436,1,1,0.9
2024-06-27 02:00:00,2024-06-27 02:30:00,13.42,6.79,19.236,1,1,0.9
2024-06-27 02:30:00,2024-06-27 03:00:00,11.78,6.05,19.2152,1,1,0.9
2024-06-27 03:00:00,2024-06-27 03:30:00,11.87,6.09,19.1921,1,1,0.9
2024-06-27 03:30:00,2024-06-27 04:00:00,12.26,6.27,19.1694,1,1,0.9
2024-06-27 04:00:00,2024-06-27 04:30:00,12.81,6.51,19.1557,1,1,0.9
2024-06-27 04:30:00,2024-06-27 05:00:00,11.55,5.95,19.130499999999998,1,2,0.91
2024-06-27 05:00:00,2024-06-27 05:30:00,11.42,5.89,19.1124,1,0,0.91
2024-06-27 05:30:00,2024-06-27 06:00:00,13.48,6.81,19.1204,1,1,0.91
2024-06-27 06:00:00,2024-06-27 06:30:00,18.08,8.87,19.1368,1,1,0.91
2024-06-27 06:30:00,2024-06-27 07:00:00,20.5,9.95,19.1896,1,1,0.91
2024-06-27 07:00:00,2024-06-27 07:30:00,18.06,8.86,19.1916,1,1,0.91
2024-06-27 07:30:00,2024-06-27 08:00:00,20.16,9.8,19.2252,1,1,0.91
2024-06-27 08:00:00,2024-06-27 08:30:00,16.65,8.23,19.1922,1,1,0.91
2024-06-27 08:30:00,2024-06-27 09:00:00,15.33,7.64,19.1248,1,1,0.91
2024-06-27 09:00:00,2024-06-27 09:30:00,13.23,6.7,19.0704,1,1,0.91
2024-06-27 09:30:00,2024-06-27 10:00:00,10.5,5.48,18.9486,1,2,0.92
2024-06-27 10:00:00,2024-06-27 10:30:00,9.45,5.01,18.8499,1,0,0.92
2024-06-27 10:30:00,2024-06-27 11:00:00,8.4,4.54,18.7518,1,1,0.92
2024-06-27 11:00:00,2024-06-27 11:30:00,7.17,3.99,18.639499999999998,1,1,0.92
2024-06-27 11:30:00,2024-06-27 12:00:00,5.88,3.41,18.5303,1,1,0.92
2024-06-27 12:00:00,2024-06-27 12:30:00,4.2,2.66,18.4205,1,1,0.92
2024-06-27 12:30:00,2024-06-27 13:00:00,3.15,2.19,18.3029,1,1,0.92
2024-06-27 13:00:00,2024-06-27 13:30:00,2.52,1.91,18.1737,1,1,0.92
2024-06-27 13:30:00,2024-06-27 14:00:00,1.68,1.53,18.0366,1,2,0.93
2024-06-27 14:00:00,2024-06-27 14:30:00,2.52,1.91,17.9054,1,1,0.93
2024-06-27 14:30:00,2024-06-27 15:00:00,1.68,1.53,17.7676,1,1,0.93
2024-06-27 15:00:00,2024-06-27 15:30:00,1.61,1.5,17.6308,1,2,0.95
2024-06-27 15:30:00,2024-06-27 16:00:00,3.46,2.33,17.5136,1,1,0.95
2024-06-27 16:00:00,2024-06-27 16:30:00,19.53,9.21,17.5579,1,1,0.95
2024-06-27 16:30:00,2024-06-27 17:00:00,23.1,10.81,17.6375,1,1,0.95
2024-06-27 17:00:00,2024-06-27 17:30:00,25.12,11.71,17.736900000000002,1,1,0.95
2024-06-27 17:30:00,2024-06-27 18:00:00,26.98,12.55,17.8479,1,1,0.95
2024-06-27 18:00:00,2024-06-27 18:30:00,29.24,13.56,17.8322,1,1,0.95
2024-06-27 18:30:00,2024-06-27 19:00:00,29.59,13.71,17.7988,1,1,0.95
2024-06-27 19:00:00,2024-06-27 19:30:00,17.47,8.6,17.648,1,1,0.95
2024-06-27 19:30:00,2024-06-27 20:00:00,17.22,8.49,17.4773,1,1,0.95
2024-06-27 20:00:00,2024-06-27 20:30:00,17.64,8.68,17.2843,1,1,0.96
2024-06-27 20:30:00,2024-06-27 21:00:00,15.96,7.92,17.077,1,1,0.96
2024-06-27 21:00:00,2024-06-27 21:30:00,16.84,8.32,17.0026,1,1,0.96
2024-06-27 21:30:00,2024-06-27 22:00:00,15.75,7.83,16.9236,1,1,0.96
2024-06-27 22:00:00,2024-06-27 22:30:00,15.22,7.6,16.854,1,1,0.96
2024-06-27 22:30:00,2024-06-27 23:00:00,11.76,6.04,16.7593,1,1,0.96
2024-06-27 23:00:00,2024-06-27 23:30:00,6.41,3.65,16.6245,1,1,0.96
2024-06-27 23:30:00,2024-06-28 00:00:00,4.16,2.64,16.4771,1,1,0.96
2024-06-28 00:00:00,2024-06-28 00:30:00,3.49,2.34,16.3335,1,1,0.96
2024-06-28 00:30:00,2024-06-28 01:00:00,1.95,1.65,16.1957,1,1,0.96
2024-06-28 01:00:00,2024-06-28 01:30:00,1.16,1.3,16.020400000000002,1,1,0.97
2024-06-28 01:30:00,2024-06-28 02:00:00,1.47,1.44,15.8461,1,1,0.97
2024-06-28 02:00:00,2024-06-28 02:30:00,1.85,1.61,15.6924,1,1,0.97
2024-06-28 02:30:00,2024-06-28 03:00:00,1.01,1.23,15.534600000000001,1,1,0.97
2024-06-28 03:00:00,2024-06-28 03:30:00,1.24,1.33,15.3827,1,1,0.97
2024-06-28 03:30:00,2024-06-28 04:00:00,1.07,1.26,15.2259,1,1,0.97
2024-06-28 04:00:00,2024-06-28 04:30:00,2.56,1.93,15.0797,1,1,0.97
2024-06-28 04:30:00,2024-06-28 05:00:00,1.72,1.55,14.9373,1,1,0.97
2024-06-28 05:00:00,2024-06-28 05:30:00,0.67,1.08,14.776,1,2,0.98
2024-06-28 05:30:00,2024-06-28 06:00:00,2.06,1.7,14.637,1,1,0.98
2024-06-28 06:00:00,2024-06-28 06:30:00,3.78,2.47,14.501299999999999,1,1,0.99
2024-06-28 06:30:00,2024-06-28 07:00:00,8.27,4.48,14.426099999999998,1,1,0.99
2024-06-28 07:00:00,2024-06-28 07:30:00,5.25,3.13,14.3005,1,1,0.99
2024-06-28 07:30:00,2024-06-28 08:00:00,9.45,5.01,14.2102,1,1,0.99
2024-06-28 08:00:00,2024-06-28 08:30:00,4.45,2.77,14.050999999999998,1,1,0.99
2024-06-28 08:30:00,2024-06-28 09:00:00,4.54,2.81,13.8677,1,1,0.99
2024-06-28 09:00:00,2024-06-28 09:30:00,2.1,1.72,13.687100000000001,1,1,0.99
2024-06-28 09:30:00,2024-06-28 10:00:00,0.9,1.18,13.470999999999998,1,1,0.99
2024-06-28 10:00:00,2024-06-28 10:30:00,0.21,0.88,13.273599999999998,1,2,1.0
2024-06-28 10:30:00,2024-06-28 11:00:00,1.05,1.25,13.0909,1,1,1.0
2024-06-28 11:00:00,2024-06-28 11:30:00,0.0,0.78,12.906099999999999,1,1,1.01
2024-06-28 11:30:00,2024-06-28 12:00:00,0.13,0.84,12.738300000000002,1,1,1.01
2024-06-28 12:00:00,2024-06-28 12:30:00,0.21,0.87,12.578500000000002,1,1,1.01
2024-06-28 12:30:00,2024-06-28 13:00:00,0.42,0.97,12.4273,1,1,1.01
2024-06-28 13:00:00,2024-06-28 13:30:00,0.04,0.8,12.276499999999999,1,1,1.01
2024-06-28 13:30:00,2024-06-28 14:00:00,0.0,0.78,12.1329,1,1,1.01
2024-06-28 14:00:00,2024-06-28 14:30:00,0.44,0.98,11.989700000000001,1,1,1.01
2024-06-28 14:30:00,2024-06-28 15:00:00,-1.05,0.31,11.841600000000001,1,1,1.01
2024-06-28 15:00:00,2024-06-28 15:30:00,-2.7,0.0,11.671800000000001,1,17,1.17
2024-06-28 15:30:00,2024-06-28 16:00:00,0.94,1.2,11.542200000000001,1,1,1.17
2024-06-28 16:00:00,2024-06-28 16:30:00,14.5,6.96,11.5428,1,1,1.18
2024-06-28 16:30:00,2024-06-28 17:00:00,19.51,9.2,11.5983,1,1,1.18
2024-06-28 17:00:00,2024-06-28 17:30:00,21.21,9.96,11.668600000000001,1,1,1.18
2024-06-28 17:30:00,2024-06-28 18:00:00,24.19,11.3,11.7643,1,1,1.18
2024-06-28 18:00:00,2024-06-28 18:30:00,28.74,13.33,11.747199999999998,1,1,1.18
2024-06-28 18:30:00,2024-06-28 19:00:00,30.45,14.1,11.7354,1,1,1.18
2024-06-28 19:00:00,2024-06-28 19:30:00,17.3,8.53,11.579699999999997,1,1,1.18
2024-06-28 19:30:00,2024-06-28 20:00:00,18.11,8.89,11.43,1,1,1.18
2024-06-28 20:00:00,2024-06-28 20:30:00,19.51,9.51,11.2524,1,1,1.18
2024-06-28 20:30:00,2024-06-28 21:00:00,19.82,9.65,11.078899999999999,1,1,1.18
2024-06-28 21:00:00,2024-06-28 21:30:00,20.37,9.9,11.0424,1,1,1.19
2024-06-28 21:30:00,2024-06-28 22:00:00,20.37,9.9,11.0151,1,1,1.19
2024-06-28 22:00:00,2024-06-28 22:30:00,20.37,9.9,10.992,1,1,1.19
2024-06-28 22:30:00,2024-06-28 23:00:00,18.9,9.24,10.971799999999998,1,1,1.19
2024-06-28 23:00:00,2024-06-28 23:30:00,18.9,9.24,10.955499999999999,1,1,1.19
2024-06-28 23:30:00,2024-06-29 00:00:00,19.64,9.57,10.962299999999997,1,1,1.19
2024-06-29 00:00:00,2024-06-29 00:30:00,19.15,9.35,10.9623,1,1,1.19
2024-06-29 00:30:00,2024-06-29 01:00:00,19.95,9.71,11.009,1,1,1.19
2024-06-29 01:00:00,2024-06-29 01:30:00,19.32,9.43,11.034600000000001,1,1,1.19
2024-06-29 01:30:00,2024-06-29 02:00:00,19.59,9.55,11.051300000000001,1,1,1.19
2024-06-29 02:00:00,2024-06-29 02:30:00,17.6,8.66,11.0677,1,1,1.2
2024-06-29 02:30:00,2024-06-29 03:00:00,16.38,8.11,11.065999999999999,1,1,1.2
2024-06-29 03:00:00,2024-06-29 03:30:00,17.43,8.58,11.0929,1,1,1.2
2024-06-29 03:30:00,2024-06-29 04:00:00,16.8,8.3,11.116,1,1,1.2
2024-06-29 04:00:00,2024-06-29 04:30:00,17.26,8.51,11.154399999999999,1,1,1.2
2024-06-29 04:30:00,2024-06-29 05:00:00,15.33,7.64,11.1899,1,1,1.2
2024-06-29 05:00:00,2024-06-29 05:30:00,17.14,8.45,11.2426,1,1,1.2
2024-06-29 05:30:00,2024-06-29 06:00:00,17.43,8.58,11.2943,1,1,1.2
2024-06-29 06:00:00,2024-06-29 06:30:00,14.16,7.12,11.307800000000002,1,1,1.2
2024-06-29 06:30:00,2024-06-29 07:00:00,17.64,8.68,11.368699999999999,1,1,1.19
2024-06-29 07:00:00,2024-06-29 07:30:00,14.45,7.25,11.399000000000001,1,1,1.2
2024-06-29 07:30:00,2024-06-29 08:00:00,15.75,7.83,11.421700000000001,1,1,1.2
2024-06-29 08:00:00,2024-06-29 08:30:00,17.43,8.58,11.4152,1,1,1.2
2024-06-29 08:30:00,2024-06-29 09:00:00,18.27,8.96,11.3929,1,1,1.2
2024-06-29 09:00:00,2024-06-29 09:30:00,18.8,9.19,11.4003,1,1,1.2
2024-06-29 09:30:00,2024-06-29 10:00:00,18.9,9.24,11.387700000000002,1,1,1.2
2024-06-29 10:00:00,2024-06-29 10:30:00,18.48,9.05,11.406,1,1,1.2
2024-06-29 10:30:00,2024-06-29 11:00:00,16.91,8.35,11.421800000000001,1,1,1.2
2024-06-29 11:00:00,2024-06-29 11:30:00,16.38,8.11,11.453300000000002,1,1,1.2
2024-06-29 11:30:00,2024-06-29 12:00:00,15.96,7.92,11.507900000000001,1,1,1.19
2024-06-29 12:00:00,2024-06-29 12:30:00,14.7,7.36,11.5604,1,1,1.2
2024-06-29 12:30:00,2024-06-29 13:00:00,14.05,7.07,11.616900000000001,1,1,1.2
2024-06-29 13:00:00,2024-06-29 13:30:00,13.44,6.8,11.6796,1,1,1.2
2024-06-29 13:30:00,2024-06-29 14:00:00,11.55,5.95,11.736299999999998,1,1,1.2
2024-06-29 14:00:00,2024-06-29 14:30:00,11.34,5.86,11.8077,1,1,1.2
2024-06-29 14:30:00,2024-06-29 15:00:00,11.34,5.86,11.8896,1,1,1.2
2024-06-29 15:00:00,2024-06-29 15:30:00,13.0,6.6,11.9944,1,1,1.2
2024-06-29 15:30:00,2024-06-29 16:00:00,12.49,6.37,12.1025,1,1,1.19
2024-06-29 16:00:00,2024-06-29 16:30:00,29.61,13.72,12.373400000000002,1,1,1.19
2024-06-29 16:30:00,2024-06-29 17:00:00,29.4,13.63,12.650599999999999,1,1,1.19
2024-06-29 17:00:00,2024-06-29 17:30:00,31.08,14.38,12.945300000000001,1,1,1.18
2024-06-29 17:30:00,2024-06-29 18:00:00,31.84,14.72,13.2291,1,1,1.18
2024-06-29 18:00:00,2024-06-29 18:30:00,35.2,16.22,13.385800000000001,1,1,1.18
2024-06-29 18:30:00,2024-06-29 19:00:00,35.53,16.37,13.5101,1,1,1.18
2024-06-29 19:00:00,2024-06-29 19:30:00,21.63,10.46,13.4752,1,1,1.18
2024-06-29 19:30:00,2024-06-29 20:00:00,21.22,10.28,13.4176,1,1,1.18
2024-06-29 20:00:00,2024-06-29 20:30:00,19.74,9.62,13.3226,1,1,1.18
2024-06-29 20:30:00,2024-06-29 21:00:00,20.08,9.77,13.2275,1,1,1.18
2024-06-29 21:00:00,2024-06-29 21:30:00,19.26,9.4,13.245400000000002,1,1,1.18
2024-06-29 21:30:00,2024-06-29 22:00:00,18.27,8.96,13.255900000000002,1,1,1.18
2024-06-29 22:00:00,2024-06-29 22:30:00,17.59,8.65,13.2554,1,1,1.18
2024-06-29 22:30:00,2024-06-29 23:00:00,15.96,7.92,13.2554,1,1,1.18
2024-06-29 23:00:00,2024-06-29 23:30:00,16.59,8.21,13.2529,1,1,1.18
2024-06-29 23:30:00,2024-06-30 00:00:00,16.65,8.23,13.2619,1,1,1.18
2024-06-30 00:00:00,2024-06-30 00:30:00,16.15,8.01,13.271199999999999,1,1,1.18
2024-06-30 00:30:00,2024-06-30 01:00:00,16.38,8.11,13.3174,1,1,1.18
2024-06-30 01:00:00,2024-06-30 01:30:00,16.36,8.1,13.416899999999998,1,1,1.18
2024-06-30 01:30:00,2024-06-30 02:00:00,16.17,8.02,13.537,1,1,1.18
2024-06-30 02:00:00,2024-06-30 02:30:00,15.54,7.74,13.6575,1,1,1.18
2024-06-30 02:30:00,2024-06-30 03:00:00,14.47,7.26,13.7827,1,1,1.18
2024-06-30 03:00:00,2024-06-30 03:30:00,13.65,6.89,13.9076,1,1,1.18
2024-06-30 03:30:00,2024-06-30 04:00:00,13.02,6.61,14.023100000000001,1,1,1.18
2024-06-30 04:00:00,2024-06-30 04:30:00,12.73,6.48,14.1319,1,1,1.18
2024-06-30 04:30:00,2024-06-30 05:00:00,11.05,5.72,14.2323,1,1,1.18
2024-06-30 05:00:00,2024-06-30 05:30:00,9.64,5.09,14.316299999999998,1,1,1.18
2024-06-30 05:30:00,2024-06-30 06:00:00,9.24,4.92,14.398,1,1,1.18
2024-06-30 06:00:00,2024-06-30 06:30:00,8.48,4.58,14.4572,1,1,1.18
2024-06-30 06:30:00,2024-06-30 07:00:00,9.1,4.85,14.531,1,1,1.18
2024-06-30 07:00:00,2024-06-30 07:30:00,8.17,4.44,14.606,1,1,1.17
2024-06-30 07:30:00,2024-06-30 08:00:00,9.1,4.85,14.676400000000001,1,1,1.17
2024-06-30 08:00:00,2024-06-30 08:30:00,10.92,5.67,14.7478,1,1,1.17
2024-06-30 08:30:00,2024-06-30 09:00:00,12.18,6.23,14.786900000000001,1,1,1.17
2024-06-30 09:00:00,2024-06-30 09:30:00,14.86,7.43,14.883000000000003,1,1,1.17
2024-06-30 09:30:00,2024-06-30 10:00:00,15.75,7.83,14.946000000000002,1,1,1.17
2024-06-30 10:00:00,2024-06-30 10:30:00,16.38,8.11,15.0653,1,1,1.17
2024-06-30 10:30:00,2024-06-30 11:00:00,16.55,8.19,15.1854,1,1,1.17
2024-06-30 11:00:00,2024-06-30 11:30:00,16.38,8.11,15.328199999999999,1,1,1.17
2024-06-30 11:30:00,2024-06-30 12:00:00,16.38,8.11,15.482999999999999,1,1,1.17
2024-06-30 12:00:00,2024-06-30 12:30:00,17.2,8.48,15.652899999999999,1,1,1.16
2024-06-30 12:30:00,2024-06-30 13:00:00,16.38,8.11,15.8062,1,1,1.16
2024-06-30 13:00:00,2024-06-30 13:30:00,16.8,8.3,15.974200000000002,1,1,1.16
2024-06-30 13:30:00,2024-06-30 14:00:00,16.38,8.11,16.136699999999998,1,1,1.16
2024-06-30 14:00:00,2024-06-30 14:30:00,16.59,8.21,16.3005,1,1,1.16
2024-06-30 14:30:00,2024-06-30 15:00:00,16.38,8.11,16.4601,1,1,1.16
2024-06-30 15:00:00,2024-06-30 15:30:00,15.98,7.93,16.619500000000002,1,1,1.16
2024-06-30 15:30:00,2024-06-30 16:00:00,16.38,8.11,16.7833,1,1,1.16
2024-06-30 16:00:00,2024-06-30 16:30:00,30.53,14.14,17.0842,1,1,1.16
2024-06-30 16:30:00,2024-06-30 17:00:00,30.81,14.26,17.4028,1,1,1.16
2024-06-30 17:00:00,2024-06-30 17:30:00,32.23,14.9,17.7521,1,1,1.0
2024-06-30 17:30:00,2024-06-30 18:00:00,32.19,14.88,18.0646,1,1,1.0
2024-06-30 18:00:00,2024-06-30 18:30:00,31.92,14.76,18.238799999999998,1,1,1.0
2024-06-30 18:30:00,2024-06-30 19:00:00,32.66,15.09,18.3703,1,1,1.0
2024-06-30 19:00:00,2024-06-30 19:30:00,19.74,9.62,18.3556,1,1,1.0
2024-06-30 19:30:00,2024-06-30 20:00:00,19.05,9.31,18.304199999999998,1,1,1.0
2024-06-30 20:00:00,2024-06-30 20:30:00,19.72,9.61,18.214,1,1,1.0
2024-06-30 20:30:00,2024-06-30 21:00:00,18.48,9.05,18.0943,1,1,1.0
2024-06-30 21:00:00,2024-06-30 21:30:00,20.18,9.81,18.1231,1,1,1.0
2024-06-30 21:30:00,2024-06-30 22:00:00,19.74,9.62,18.139400000000002,1,1,1.0
2024-06-30 22:00:00,2024-06-30 22:30:00,19.53,9.52,18.1396,1,1,1.0
2024-06-30 22:30:00,2024-06-30 23:00:00,17.43,8.58,18.1157,1,1,1.0
2024-06-30 23:00:00,2024-06-30 23:30:00,16.59,8.21,18.0779,1,1,1.0
2024-06-30 23:30:00,2024-07-01 00:00:00,17.22,8.49,18.046400000000002,1,1,1.0
2024-07-01 00:00:00,2024-07-01 00:30:00,17.28,8.52,18.0155,1,1,1.0
2024-07-01 00:30:00,2024-07-01 01:00:00,16.25,8.06,17.989,1,1,1.0
2024-07-01 01:00:00,2024-07-01 01:30:00,14.86,7.43,17.9486,1,1,1.0
2024-07-01 01:30:00,2024-07-01 02:00:00,14.52,7.28,17.8974,1,1,1.0
2024-07-01 02:00:00,2024-07-01 02:30:00,14.29,7.18,17.8488,1,1,1.0
2024-07-01 02:30:00,2024-07-01 03:00:00,13.86,6.98,17.7879,1,1,1.0
2024-07-01 03:00:00,2024-07-01 03:30:00,14.64,7.33,17.741100000000003,1,1,1.0
2024-07-01 03:30:00,2024-07-01 04:00:00,14.18,7.12,17.686999999999998,1,1,1.0
2024-07-01 04:00:00,2024-07-01 04:30:00,14.11,7.1,17.6521,1,1,1.0
2024-07-01 04:30:00,2024-07-01 05:00:00,13.65,6.89,17.6248,1,1,1.0
2024-07-01 05:00:00,2024-07-01 05:30:00,15.75,7.83,17.608,1,1,1.0
2024-07-01 05:30:00,2024-07-01 06:00:00,16.91,8.35,17.6091,1,1,1.0
2024-07-01 06:00:00,2024-07-01 06:30:00,16.8,8.3,17.6045,1,1,1.0
2024-07-01 06:30:00,2024-07-01 07:00:00,18.69,9.14,17.638099999999998,1,1,1.0
2024-07-01 07:00:00,2024-07-01 07:30:00,18.9,9.24,17.6557,1,1,1.0
2024-07-01 07:30:00,2024-07-01 08:00:00,20.39,9.91,17.685299999999998,1,1,1.0
2024-07-01 08:00:00,2024-07-01 08:30:00,19.07,9.32,17.734399999999997,1,1,1.0
2024-07-01 08:30:00,2024-07-01 09:00:00,19.03,9.3,17.7483,1,1,1.0
2024-07-01 09:00:00,2024-07-01 09:30:00,18.98,9.28,17.793599999999998,1,1,1.0
2024-07-01 09:30:00,2024-07-01 10:00:00,18.77,9.18,17.8238,1,1,1.0
2024-07-01 10:00:00,2024-07-01 10:30:00,18.27,8.96,17.8322,1,1,1.0
2024-07-01 10:30:00,2024-07-01 11:00:00,16.97,8.38,17.8192,1,1,1.0
2024-07-01 11:00:00,2024-07-01 11:30:00,18.31,8.98,17.8143,1,1,1.0
2024-07-01 11:30:00,2024-07-01 12:00:00,18.0,8.84,17.8053,1,1,1.0
2024-07-01 12:00:00,2024-07-01 12:30:00,18.09,8.88,17.801399999999997,1,1,1.0
2024-07-01 12:30:00,2024-07-01 13:00:00,17.22,8.49,17.8045,1,1,1.0
2024-07-01 13:00:00,2024-07-01 13:30:00,15.54,7.74,17.7961,1,1,1.0
2024-07-01 13:30:00,2024-07-01 14:00:00,15.33,7.64,17.7898,1,1,1.0
2024-07-01 14:00:00,2024-07-01 14:30:00,15.04,7.51,17.7932,1,1,1.0
2024-07-01 14:30:00,2024-07-01 15:00:00,14.7,7.36,17.799699999999998,1,1,1.0
2024-07-01 15:00:00,2024-07-01 15:30:00,13.5,6.82,17.8003,1,1,1.0
2024-07-01 15:30:00,2024-07-01 16:00:00,14.07,7.08,17.8255,1,1,1.0
2024-07-01 16:00:00,2024-07-01 16:30:00,28.92,13.41,18.0013,1,1,1.0
2024-07-01 16:30:00,2024-07-01 17:00:00,30.28,14.02,18.1907,1,1,1.0
2024-07-01 17:00:00,2024-07-01 17:30:00,30.06,13.93,18.3613,1,1,1.0
2024-07-01 17:30:00,2024-07-01 18:00:00,31.02,14.35,18.5466,1,1,1.0
2024-07-01 18:00:00,2024-07-01 18:30:00,33.23,15.35,18.5828,1,1,1.0
2024-07-01 18:30:00,2024-07-01 19:00:00,33.15,15.31,18.6203,1,1,1.0
2024-07-01 19:00:00,2024-07-01 19:30:00,19.53,9.52,18.5048,1,1,1.0
2024-07-01 19:30:00,2024-07-01 20:00:00,18.92,9.25,18.3756,1,1,1.0
2024-07-01 20:00:00,2024-07-01 20:30:00,19.53,9.52,18.218899999999998,1,1,1.0
2024-07-01 20:30:00,2024-07-01 21:00:00,18.14,8.9,18.045,1,1,1.0
2024-07-01 21:00:00,2024-07-01 21:30:00,18.15,8.9,18.0102,1,1,1.0
2024-07-01 21:30:00,2024-07-01 22:00:00,17.26,8.51,17.9706,1,1,1.0
2024-07-01 22:00:00,2024-07-01 22:30:00,17.85,8.77,17.951700000000002,1,1,1.0
2024-07-01 22:30:00,2024-07-01 23:00:00,15.39,7.67,17.9048,1,1,1.0
