Period from,Period to,Agile Import price (p/kWh),Agile Export price (p/kWh)
02/06/2024 00:00,02/06/2024 00:30,14.91,7.45
02/06/2024 00:30,02/06/2024 01:00,14.91,7.45
02/06/2024 01:00,02/06/2024 01:30,14.91,7.45
02/06/2024 01:30,02/06/2024 02:00,14.91,7.45
02/06/2024 02:00,02/06/2024 02:30,14.91,7.45
02/06/2024 02:30,02/06/2024 03:00,14.70,7.36
02/06/2024 03:00,02/06/2024 03:30,12.81,6.51
02/06/2024 03:30,02/06/2024 04:00,12.81,6.51
02/06/2024 04:00,02/06/2024 04:30,12.81,6.51
02/06/2024 04:30,02/06/2024 05:00,12.60,6.42
02/06/2024 05:00,02/06/2024 05:30,11.97,6.14
02/06/2024 05:30,02/06/2024 06:00,10.52,5.49
02/06/2024 06:00,02/06/2024 06:30,10.08,5.29
02/06/2024 06:30,02/06/2024 07:00,12.10,6.19
02/06/2024 07:00,02/06/2024 07:30,10.92,5.67
02/06/2024 07:30,02/06/2024 08:00,13.02,6.61
02/06/2024 08:00,02/06/2024 08:30,12.26,6.27
02/06/2024 08:30,02/06/2024 09:00,13.02,6.61
02/06/2024 09:00,02/06/2024 09:30,11.97,6.14
02/06/2024 09:30,02/06/2024 10:00,11.97,6.14
02/06/2024 10:00,02/06/2024 10:30,11.97,6.14
02/06/2024 10:30,02/06/2024 11:00,11.97,6.14
02/06/2024 11:00,02/06/2024 11:30,11.97,6.14
02/06/2024 11:30,02/06/2024 12:00,10.50,5.48
02/06/2024 12:00,02/06/2024 12:30,10.92,5.67
02/06/2024 12:30,02/06/2024 13:00,10.50,5.48
02/06/2024 13:00,02/06/2024 13:30,13.02,6.61
02/06/2024 13:30,02/06/2024 14:00,10.52,5.49
02/06/2024 14:00,02/06/2024 14:30,10.50,5.48
02/06/2024 14:30,02/06/2024 15:00,10.50,5.48
02/06/2024 15:00,02/06/2024 15:30,10.50,5.48
02/06/2024 15:30,02/06/2024 16:00,10.52,5.49
02/06/2024 16:00,02/06/2024 16:30,25.20,11.75
02/06/2024 16:30,02/06/2024 17:00,27.72,12.88
02/06/2024 17:00,02/06/2024 17:30,31.84,14.72
02/06/2024 17:30,02/06/2024 18:00,33.47,15.45
02/06/2024 18:00,02/06/2024 18:30,32.76,15.13
02/06/2024 18:30,02/06/2024 19:00,33.89,15.64
02/06/2024 19:00,02/06/2024 19:30,18.92,9.25
02/06/2024 19:30,02/06/2024 20:00,19.45,9.48
02/06/2024 20:00,02/06/2024 20:30,19.17,9.36
02/06/2024 20:30,02/06/2024 21:00,18.06,8.86
02/06/2024 21:00,02/06/2024 21:30,19.34,9.44
02/06/2024 21:30,02/06/2024 22:00,18.48,9.05
02/06/2024 22:00,02/06/2024 22:30,18.48,9.05
02/06/2024 22:30,02/06/2024 23:00,17.75,8.72
02/06/2024 23:00,02/06/2024 23:30,17.22,8.49
02/06/2024 23:30,03/06/2024 00:00,16.80,8.30
03/06/2024 00:00,03/06/2024 00:30,15.88,7.89
03/06/2024 00:30,03/06/2024 01:00,15.46,7.70
03/06/2024 01:00,03/06/2024 01:30,14.45,7.25
03/06/2024 01:30,03/06/2024 02:00,14.45,7.25
03/06/2024 02:00,03/06/2024 02:30,13.44,6.80
03/06/2024 02:30,03/06/2024 03:00,13.44,6.80
03/06/2024 03:00,03/06/2024 03:30,13.44,6.80
03/06/2024 03:30,03/06/2024 04:00,12.83,6.52
03/06/2024 04:00,03/06/2024 04:30,13.88,6.99
03/06/2024 04:30,03/06/2024 05:00,13.10,6.65
03/06/2024 05:00,03/06/2024 05:30,14.07,7.08
03/06/2024 05:30,03/06/2024 06:00,14.89,7.44
03/06/2024 06:00,03/06/2024 06:30,16.80,8.30
03/06/2024 06:30,03/06/2024 07:00,18.88,9.23
03/06/2024 07:00,03/06/2024 07:30,20.68,10.04
03/06/2024 07:30,03/06/2024 08:00,24.57,11.78
03/06/2024 08:00,03/06/2024 08:30,19.74,9.62
03/06/2024 08:30,03/06/2024 09:00,20.16,9.80
03/06/2024 09:00,03/06/2024 09:30,18.27,8.96
03/06/2024 09:30,03/06/2024 10:00,17.14,8.45
03/06/2024 10:00,03/06/2024 10:30,18.14,8.90
03/06/2024 10:30,03/06/2024 11:00,18.06,8.86
03/06/2024 11:00,03/06/2024 11:30,17.22,8.49
03/06/2024 11:30,03/06/2024 12:00,16.53,8.18
03/06/2024 12:00,03/06/2024 12:30,16.51,8.17
03/06/2024 12:30,03/06/2024 13:00,15.75,7.83
03/06/2024 13:00,03/06/2024 13:30,15.33,7.64
03/06/2024 13:30,03/06/2024 14:00,15.12,7.55
03/06/2024 14:00,03/06/2024 14:30,15.12,7.55
03/06/2024 14:30,03/06/2024 15:00,14.53,7.28
03/06/2024 15:00,03/06/2024 15:30,15.09,7.53
03/06/2024 15:30,03/06/2024 16:00,15.98,7.93
03/06/2024 16:00,03/06/2024 16:30,30.20,13.99
03/06/2024 16:30,03/06/2024 17:00,31.96,14.78
03/06/2024 17:00,03/06/2024 17:30,34.92,16.10
03/06/2024 17:30,03/06/2024 18:00,33.60,15.51
03/06/2024 18:00,03/06/2024 18:30,36.71,16.90
03/06/2024 18:30,03/06/2024 19:00,35.91,16.54
03/06/2024 19:00,03/06/2024 19:30,24.78,11.87
03/06/2024 19:30,03/06/2024 20:00,23.52,11.31
03/06/2024 20:00,03/06/2024 20:30,23.31,11.21
03/06/2024 20:30,03/06/2024 21:00,22.87,11.02
03/06/2024 21:00,03/06/2024 21:30,21.63,10.46
03/06/2024 21:30,03/06/2024 22:00,19.80,9.64
03/06/2024 22:00,03/06/2024 22:30,19.49,9.50
03/06/2024 22:30,03/06/2024 23:00,17.64,8.68
03/06/2024 23:00,03/06/2024 23:30,18.69,9.15
03/06/2024 23:30,04/06/2024 00:00,20.16,9.80
04/06/2024 00:00,04/06/2024 00:30,17.91,8.80
04/06/2024 00:30,04/06/2024 01:00,17.60,8.66
04/06/2024 01:00,04/06/2024 01:30,17.30,8.53
04/06/2024 01:30,04/06/2024 02:00,16.97,8.38
04/06/2024 02:00,04/06/2024 02:30,15.64,7.78
04/06/2024 02:30,04/06/2024 03:00,14.28,7.17
04/06/2024 03:00,04/06/2024 03:30,13.27,6.72
04/06/2024 03:30,04/06/2024 04:00,11.97,6.14
04/06/2024 04:00,04/06/2024 04:30,14.74,7.38
04/06/2024 04:30,04/06/2024 05:00,13.65,6.89
04/06/2024 05:00,04/06/2024 05:30,15.12,7.55
04/06/2024 05:30,04/06/2024 06:00,15.60,7.76
04/06/2024 06:00,04/06/2024 06:30,20.18,9.81
04/06/2024 06:30,04/06/2024 07:00,23.10,11.12
04/06/2024 07:00,04/06/2024 07:30,22.89,11.03
04/06/2024 07:30,04/06/2024 08:00,25.43,12.16
04/06/2024 08:00,04/06/2024 08:30,18.90,9.24
04/06/2024 08:30,04/06/2024 09:00,17.77,8.73
04/06/2024 09:00,04/06/2024 09:30,15.75,7.83
04/06/2024 09:30,04/06/2024 10:00,14.38,7.22
04/06/2024 10:00,04/06/2024 10:30,13.15,6.66
04/06/2024 10:30,04/06/2024 11:00,11.78,6.05
04/06/2024 11:00,04/06/2024 11:30,11.34,5.86
04/06/2024 11:30,04/06/2024 12:00,10.71,5.57
04/06/2024 12:00,04/06/2024 12:30,8.65,4.65
04/06/2024 12:30,04/06/2024 13:00,7.46,4.12
04/06/2024 13:00,04/06/2024 13:30,6.57,3.72
04/06/2024 13:30,04/06/2024 14:00,4.67,2.87
04/06/2024 14:00,04/06/2024 14:30,8.40,4.54
04/06/2024 14:30,04/06/2024 15:00,6.93,3.88
04/06/2024 15:00,04/06/2024 15:30,6.87,3.85
04/06/2024 15:30,04/06/2024 16:00,8.19,4.45
04/06/2024 16:00,04/06/2024 16:30,24.25,11.33
04/06/2024 16:30,04/06/2024 17:00,27.51,12.78
04/06/2024 17:00,04/06/2024 17:30,29.61,13.72
04/06/2024 17:30,04/06/2024 18:00,31.06,14.37
04/06/2024 18:00,04/06/2024 18:30,35.20,16.22
04/06/2024 18:30,04/06/2024 19:00,35.07,16.17
04/06/2024 19:00,04/06/2024 19:30,21.42,10.37
04/06/2024 19:30,04/06/2024 20:00,20.83,10.10
04/06/2024 20:00,04/06/2024 20:30,21.90,10.58
04/06/2024 20:30,04/06/2024 21:00,22.51,10.86
04/06/2024 21:00,04/06/2024 21:30,20.79,10.09
04/06/2024 21:30,04/06/2024 22:00,18.63,9.12
04/06/2024 22:00,04/06/2024 22:30,15.83,7.87
04/06/2024 22:30,04/06/2024 23:00,12.39,6.33
04/06/2024 23:00,04/06/2024 23:30,9.53,5.05
04/06/2024 23:30,05/06/2024 00:00,5.04,3.04
05/06/2024 00:00,05/06/2024 00:30,6.59,3.73
05/06/2024 00:30,05/06/2024 01:00,3.25,2.24
05/06/2024 01:00,05/06/2024 01:30,6.85,3.84
05/06/2024 01:30,05/06/2024 02:00,7.56,4.16
05/06/2024 02:00,05/06/2024 02:30,6.93,3.88
05/06/2024 02:30,05/06/2024 03:00,5.25,3.13
05/06/2024 03:00,05/06/2024 03:30,7.56,4.16
05/06/2024 03:30,05/06/2024 04:00,7.31,4.05
05/06/2024 04:00,05/06/2024 04:30,6.89,3.86
05/06/2024 04:30,05/06/2024 05:00,5.67,3.32
05/06/2024 05:00,05/06/2024 05:30,8.82,4.73
05/06/2024 05:30,05/06/2024 06:00,10.29,5.39
05/06/2024 06:00,05/06/2024 06:30,13.65,6.89
05/06/2024 06:30,05/06/2024 07:00,19.07,9.32
05/06/2024 07:00,05/06/2024 07:30,16.44,8.14
05/06/2024 07:30,05/06/2024 08:00,18.42,9.02
05/06/2024 08:00,05/06/2024 08:30,18.88,9.23
05/06/2024 08:30,05/06/2024 09:00,18.48,9.05
05/06/2024 09:00,05/06/2024 09:30,16.57,8.20
05/06/2024 09:30,05/06/2024 10:00,15.75,7.83
05/06/2024 10:00,05/06/2024 10:30,12.26,6.27
05/06/2024 10:30,05/06/2024 11:00,10.77,5.60
05/06/2024 11:00,05/06/2024 11:30,10.49,5.48
05/06/2024 11:30,05/06/2024 12:00,10.08,5.29
05/06/2024 12:00,05/06/2024 12:30,9.91,5.22
05/06/2024 12:30,05/06/2024 13:00,8.90,4.77
05/06/2024 13:00,05/06/2024 13:30,7.14,3.98
05/06/2024 13:30,05/06/2024 14:00,5.61,3.29
05/06/2024 14:00,05/06/2024 14:30,5.46,3.22
05/06/2024 14:30,05/06/2024 15:00,4.62,2.85
05/06/2024 15:00,05/06/2024 15:30,6.72,3.79
05/06/2024 15:30,05/06/2024 16:00,8.23,4.46
05/06/2024 16:00,05/06/2024 16:30,23.94,11.19
05/06/2024 16:30,05/06/2024 17:00,25.62,11.94
05/06/2024 17:00,05/06/2024 17:30,29.40,13.63
05/06/2024 17:30,05/06/2024 18:00,30.24,14.01
05/06/2024 18:00,05/06/2024 18:30,34.02,15.70
05/06/2024 18:30,05/06/2024 19:00,33.18,15.32
05/06/2024 19:00,05/06/2024 19:30,22.18,10.71
05/06/2024 19:30,05/06/2024 20:00,22.18,10.71
05/06/2024 20:00,05/06/2024 20:30,22.05,10.65
05/06/2024 20:30,05/06/2024 21:00,21.84,10.56
05/06/2024 21:00,05/06/2024 21:30,21.97,10.61
05/06/2024 21:30,05/06/2024 22:00,20.58,9.99
05/06/2024 22:00,05/06/2024 22:30,20.16,9.80
05/06/2024 22:30,05/06/2024 23:00,16.57,8.20
05/06/2024 23:00,05/06/2024 23:30,16.00,7.94
05/06/2024 23:30,06/06/2024 00:00,15.54,7.74
06/06/2024 00:00,06/06/2024 00:30,13.65,6.89
06/06/2024 00:30,06/06/2024 01:00,13.57,6.85
06/06/2024 01:00,06/06/2024 01:30,13.88,6.99
06/06/2024 01:30,06/06/2024 02:00,15.27,7.61
06/06/2024 02:00,06/06/2024 02:30,13.65,6.89
06/06/2024 02:30,06/06/2024 03:00,13.65,6.89
06/06/2024 03:00,06/06/2024 03:30,13.63,6.88
06/06/2024 03:30,06/06/2024 04:00,13.65,6.89
06/06/2024 04:00,06/06/2024 04:30,16.38,8.11
06/06/2024 04:30,06/06/2024 05:00,14.76,7.39
06/06/2024 05:00,06/06/2024 05:30,18.48,9.05
06/06/2024 05:30,06/06/2024 06:00,19.64,9.57
06/06/2024 06:00,06/06/2024 06:30,19.82,9.65
06/06/2024 06:30,06/06/2024 07:00,22.05,10.65
06/06/2024 07:00,06/06/2024 07:30,18.90,9.24
06/06/2024 07:30,06/06/2024 08:00,20.50,9.95
06/06/2024 08:00,06/06/2024 08:30,19.93,9.70
06/06/2024 08:30,06/06/2024 09:00,19.36,9.45
06/06/2024 09:00,06/06/2024 09:30,18.52,9.07
06/06/2024 09:30,06/06/2024 10:00,17.47,8.60
06/06/2024 10:00,06/06/2024 10:30,15.64,7.78
06/06/2024 10:30,06/06/2024 11:00,15.64,7.78
06/06/2024 11:00,06/06/2024 11:30,15.64,7.78
06/06/2024 11:30,06/06/2024 12:00,15.64,7.78
06/06/2024 12:00,06/06/2024 12:30,14.72,7.37
06/06/2024 12:30,06/06/2024 13:00,13.84,6.97
06/06/2024 13:00,06/06/2024 13:30,12.89,6.55
06/06/2024 13:30,06/06/2024 14:00,11.74,6.03
06/06/2024 14:00,06/06/2024 14:30,11.13,5.76
06/06/2024 14:30,06/06/2024 15:00,10.42,5.44
06/06/2024 15:00,06/06/2024 15:30,10.92,5.67
06/06/2024 15:30,06/06/2024 16:00,11.13,5.76
06/06/2024 16:00,06/06/2024 16:30,28.14,13.07
06/06/2024 16:30,06/06/2024 17:00,28.98,13.44
06/06/2024 17:00,06/06/2024 17:30,31.79,14.70
06/06/2024 17:30,06/06/2024 18:00,31.08,14.38
06/06/2024 18:00,06/06/2024 18:30,33.94,15.66
06/06/2024 18:30,06/06/2024 19:00,34.36,15.85
06/06/2024 19:00,06/06/2024 19:30,23.65,11.36
06/06/2024 19:30,06/06/2024 20:00,23.02,11.08
06/06/2024 20:00,06/06/2024 20:30,23.88,11.47
06/06/2024 20:30,06/06/2024 21:00,23.88,11.47
06/06/2024 21:00,06/06/2024 21:30,21.84,10.56
06/06/2024 21:30,06/06/2024 22:00,20.16,9.80
06/06/2024 22:00,06/06/2024 22:30,18.90,9.24
06/06/2024 22:30,06/06/2024 23:00,16.70,8.25
06/06/2024 23:00,06/06/2024 23:30,18.06,8.86
06/06/2024 23:30,07/06/2024 00:00,17.85,8.77
07/06/2024 00:00,07/06/2024 00:30,16.48,8.16
07/06/2024 00:30,07/06/2024 01:00,17.20,8.48
07/06/2024 01:00,07/06/2024 01:30,15.64,7.78
07/06/2024 01:30,07/06/2024 02:00,17.90,8.80
07/06/2024 02:00,07/06/2024 02:30,17.64,8.68
07/06/2024 02:30,07/06/2024 03:00,15.56,7.75
07/06/2024 03:00,07/06/2024 03:30,15.56,7.75
07/06/2024 03:30,07/06/2024 04:00,15.12,7.55
07/06/2024 04:00,07/06/2024 04:30,15.56,7.75
07/06/2024 04:30,07/06/2024 05:00,14.28,7.17
07/06/2024 05:00,07/06/2024 05:30,15.56,7.75
07/06/2024 05:30,07/06/2024 06:00,16.13,8.00
07/06/2024 06:00,07/06/2024 06:30,16.02,7.95
07/06/2024 06:30,07/06/2024 07:00,21.19,10.26
07/06/2024 07:00,07/06/2024 07:30,15.79,7.85
07/06/2024 07:30,07/06/2024 08:00,18.57,9.10
07/06/2024 08:00,07/06/2024 08:30,15.56,7.75
07/06/2024 08:30,07/06/2024 09:00,14.93,7.46
07/06/2024 09:00,07/06/2024 09:30,14.20,7.13
07/06/2024 09:30,07/06/2024 10:00,12.43,6.34
07/06/2024 10:00,07/06/2024 10:30,10.50,5.48
07/06/2024 10:30,07/06/2024 11:00,9.51,5.04
07/06/2024 11:00,07/06/2024 11:30,8.40,4.54
07/06/2024 11:30,07/06/2024 12:00,8.61,4.63
07/06/2024 12:00,07/06/2024 12:30,8.36,4.52
07/06/2024 12:30,07/06/2024 13:00,7.35,4.07
07/06/2024 13:00,07/06/2024 13:30,5.88,3.41
07/06/2024 13:30,07/06/2024 14:00,4.01,2.58
07/06/2024 14:00,07/06/2024 14:30,4.20,2.66
07/06/2024 14:30,07/06/2024 15:00,4.20,2.66
07/06/2024 15:00,07/06/2024 15:30,5.46,3.22
07/06/2024 15:30,07/06/2024 16:00,7.35,4.07
07/06/2024 16:00,07/06/2024 16:30,23.08,10.80
07/06/2024 16:30,07/06/2024 17:00,26.25,12.22
07/06/2024 17:00,07/06/2024 17:30,27.66,12.85
07/06/2024 17:30,07/06/2024 18:00,29.46,13.66
07/06/2024 18:00,07/06/2024 18:30,32.11,14.84
07/06/2024 18:30,07/06/2024 19:00,32.93,15.21
07/06/2024 19:00,07/06/2024 19:30,19.95,9.71
07/06/2024 19:30,07/06/2024 20:00,20.03,9.75
07/06/2024 20:00,07/06/2024 20:30,20.87,10.12
07/06/2024 20:30,07/06/2024 21:00,20.50,9.95
07/06/2024 21:00,07/06/2024 21:30,19.82,9.65
07/06/2024 21:30,07/06/2024 22:00,19.74,9.62
07/06/2024 22:00,07/06/2024 22:30,18.90,9.24
07/06/2024 22:30,07/06/2024 23:00,14.77,7.39
07/06/2024 23:00,07/06/2024 23:30,18.27,8.96
07/06/2024 23:30,08/06/2024 00:00,15.02,7.50
08/06/2024 00:00,08/06/2024 00:30,13.61,6.87
08/06/2024 00:30,08/06/2024 01:00,9.61,5.08
08/06/2024 01:00,08/06/2024 01:30,7.31,4.05
08/06/2024 01:30,08/06/2024 02:00,7.67,4.21
08/06/2024 02:00,08/06/2024 02:30,8.74,4.69
08/06/2024 02:30,08/06/2024 03:00,5.92,3.43
08/06/2024 03:00,08/06/2024 03:30,6.30,3.60
08/06/2024 03:30,08/06/2024 04:00,7.35,4.07
08/06/2024 04:00,08/06/2024 04:30,7.33,4.06
08/06/2024 04:30,08/06/2024 05:00,7.35,4.07
08/06/2024 05:00,08/06/2024 05:30,7.25,4.02
08/06/2024 05:30,08/06/2024 06:00,7.14,3.98
08/06/2024 06:00,08/06/2024 06:30,7.39,4.09
08/06/2024 06:30,08/06/2024 07:00,9.87,5.20
08/06/2024 07:00,08/06/2024 07:30,5.50,3.24
08/06/2024 07:30,08/06/2024 08:00,5.67,3.32
08/06/2024 08:00,08/06/2024 08:30,3.04,2.14
08/06/2024 08:30,08/06/2024 09:00,3.15,2.19
08/06/2024 09:00,08/06/2024 09:30,1.16,1.30
08/06/2024 09:30,08/06/2024 10:00,1.64,1.51
08/06/2024 10:00,08/06/2024 10:30,0.78,1.13
08/06/2024 10:30,08/06/2024 11:00,0.34,0.93
08/06/2024 11:00,08/06/2024 11:30,-0.84,0.40
08/06/2024 11:30,08/06/2024 12:00,-1.93,0.00
08/06/2024 12:00,08/06/2024 12:30,-1.89,0.00
08/06/2024 12:30,08/06/2024 13:00,-5.78,0.00
08/06/2024 13:00,08/06/2024 13:30,-6.51,0.00
08/06/2024 13:30,08/06/2024 14:00,-8.40,0.00
08/06/2024 14:00,08/06/2024 14:30,-6.09,0.00
08/06/2024 14:30,08/06/2024 15:00,-6.30,0.00
08/06/2024 15:00,08/06/2024 15:30,-1.76,0.00
08/06/2024 15:30,08/06/2024 16:00,0.84,1.16
08/06/2024 16:00,08/06/2024 16:30,11.63,5.68
08/06/2024 16:30,08/06/2024 17:00,16.97,8.07
08/06/2024 17:00,08/06/2024 17:30,16.80,7.99
08/06/2024 17:30,08/06/2024 18:00,26.46,12.31
08/06/2024 18:00,08/06/2024 18:30,28.77,13.35
08/06/2024 18:30,08/06/2024 19:00,31.50,14.57
08/06/2024 19:00,08/06/2024 19:30,17.85,8.77
08/06/2024 19:30,08/06/2024 20:00,17.85,8.77
08/06/2024 20:00,08/06/2024 20:30,20.02,9.74
08/06/2024 20:30,08/06/2024 21:00,19.32,9.43
08/06/2024 21:00,08/06/2024 21:30,19.95,9.71
08/06/2024 21:30,08/06/2024 22:00,18.29,8.97
08/06/2024 22:00,08/06/2024 22:30,17.75,8.72
08/06/2024 22:30,08/06/2024 23:00,14.93,7.46
08/06/2024 23:00,08/06/2024 23:30,12.54,6.39
08/06/2024 23:30,09/06/2024 00:00,8.71,4.68
09/06/2024 00:00,09/06/2024 00:30,7.06,3.94
09/06/2024 00:30,09/06/2024 01:00,3.72,2.44
09/06/2024 01:00,09/06/2024 01:30,2.50,1.90
09/06/2024 01:30,09/06/2024 02:00,2.50,1.90
09/06/2024 02:00,09/06/2024 02:30,2.90,2.08
09/06/2024 02:30,09/06/2024 03:00,0.13,0.84
09/06/2024 03:00,09/06/2024 03:30,2.06,1.70
09/06/2024 03:30,09/06/2024 04:00,2.10,1.72
09/06/2024 04:00,09/06/2024 04:30,3.78,2.47
09/06/2024 04:30,09/06/2024 05:00,2.21,1.77
09/06/2024 05:00,09/06/2024 05:30,2.21,1.77
09/06/2024 05:30,09/06/2024 06:00,2.21,1.77
09/06/2024 06:00,09/06/2024 06:30,1.34,1.38
09/06/2024 06:30,09/06/2024 07:00,4.56,2.82
09/06/2024 07:00,09/06/2024 07:30,0.00,0.78
09/06/2024 07:30,09/06/2024 08:00,0.00,0.78
09/06/2024 08:00,09/06/2024 08:30,-0.32,0.64
09/06/2024 08:30,09/06/2024 09:00,2.10,1.72
09/06/2024 09:00,09/06/2024 09:30,-1.34,0.18
09/06/2024 09:30,09/06/2024 10:00,2.04,1.69
09/06/2024 10:00,09/06/2024 10:30,-2.00,0.00
09/06/2024 10:30,09/06/2024 11:00,-1.47,0.12
09/06/2024 11:00,09/06/2024 11:30,-1.11,0.28
09/06/2024 11:30,09/06/2024 12:00,0.42,0.97
09/06/2024 12:00,09/06/2024 12:30,2.52,1.91
09/06/2024 12:30,09/06/2024 13:00,1.01,1.23
09/06/2024 13:00,09/06/2024 13:30,1.95,1.65
09/06/2024 13:30,09/06/2024 14:00,2.10,1.72
09/06/2024 14:00,09/06/2024 14:30,-0.21,0.69
09/06/2024 14:30,09/06/2024 15:00,0.21,0.87
09/06/2024 15:00,09/06/2024 15:30,3.04,2.14
09/06/2024 15:30,09/06/2024 16:00,7.18,3.99
09/06/2024 16:00,09/06/2024 16:30,26.25,12.22
09/06/2024 16:30,09/06/2024 17:00,30.24,14.01
09/06/2024 17:00,09/06/2024 17:30,31.92,14.76
09/06/2024 17:30,09/06/2024 18:00,33.01,15.25
09/06/2024 18:00,09/06/2024 18:30,32.82,15.16
09/06/2024 18:30,09/06/2024 19:00,33.56,15.49
09/06/2024 19:00,09/06/2024 19:30,19.24,9.39
09/06/2024 19:30,09/06/2024 20:00,19.53,9.52
09/06/2024 20:00,09/06/2024 20:30,22.25,10.74
09/06/2024 20:30,09/06/2024 21:00,20.50,9.95
09/06/2024 21:00,09/06/2024 21:30,21.25,10.29
09/06/2024 21:30,09/06/2024 22:00,19.95,9.71
09/06/2024 22:00,09/06/2024 22:30,18.06,8.86
09/06/2024 22:30,09/06/2024 23:00,13.65,6.89
09/06/2024 23:00,09/06/2024 23:30,18.27,8.96
09/06/2024 23:30,10/06/2024 00:00,16.80,8.30
10/06/2024 00:00,10/06/2024 00:30,14.28,7.17
10/06/2024 00:30,10/06/2024 01:00,11.76,6.04
10/06/2024 01:00,10/06/2024 01:30,11.55,5.95
10/06/2024 01:30,10/06/2024 02:00,10.50,5.48
10/06/2024 02:00,10/06/2024 02:30,12.18,6.23
10/06/2024 02:30,10/06/2024 03:00,9.45,5.01
10/06/2024 03:00,10/06/2024 03:30,10.42,5.44
10/06/2024 03:30,10/06/2024 04:00,10.88,5.65
10/06/2024 04:00,10/06/2024 04:30,13.65,6.89
10/06/2024 04:30,10/06/2024 05:00,13.65,6.89
10/06/2024 05:00,10/06/2024 05:30,13.65,6.89
10/06/2024 05:30,10/06/2024 06:00,11.76,6.04
10/06/2024 06:00,10/06/2024 06:30,16.11,7.99
10/06/2024 06:30,10/06/2024 07:00,21.17,10.26
10/06/2024 07:00,10/06/2024 07:30,20.16,9.80
10/06/2024 07:30,10/06/2024 08:00,23.10,11.12
10/06/2024 08:00,10/06/2024 08:30,22.18,10.71
10/06/2024 08:30,10/06/2024 09:00,19.78,9.63
10/06/2024 09:00,10/06/2024 09:30,18.50,9.06
10/06/2024 09:30,10/06/2024 10:00,16.80,8.30
10/06/2024 10:00,10/06/2024 10:30,15.44,7.69
10/06/2024 10:30,10/06/2024 11:00,15.60,7.76
10/06/2024 11:00,10/06/2024 11:30,13.50,6.82
10/06/2024 11:30,10/06/2024 12:00,12.60,6.42
10/06/2024 12:00,10/06/2024 12:30,11.40,5.88
10/06/2024 12:30,10/06/2024 13:00,10.88,5.65
10/06/2024 13:00,10/06/2024 13:30,11.13,5.76
10/06/2024 13:30,10/06/2024 14:00,11.13,5.76
10/06/2024 14:00,10/06/2024 14:30,10.08,5.29
10/06/2024 14:30,10/06/2024 15:00,10.50,5.48
10/06/2024 15:00,10/06/2024 15:30,10.12,5.31
10/06/2024 15:30,10/06/2024 16:00,11.97,6.14
10/06/2024 16:00,10/06/2024 16:30,24.15,11.28
10/06/2024 16:30,10/06/2024 17:00,27.30,12.69
10/06/2024 17:00,10/06/2024 17:30,29.40,13.63
10/06/2024 17:30,10/06/2024 18:00,30.07,13.93
10/06/2024 18:00,10/06/2024 18:30,33.60,15.51
10/06/2024 18:30,10/06/2024 19:00,34.23,15.79
10/06/2024 19:00,10/06/2024 19:30,20.16,9.80
10/06/2024 19:30,10/06/2024 20:00,19.91,9.69
10/06/2024 20:00,10/06/2024 20:30,18.90,9.24
10/06/2024 20:30,10/06/2024 21:00,18.48,9.05
10/06/2024 21:00,10/06/2024 21:30,18.06,8.86
10/06/2024 21:30,10/06/2024 22:00,16.80,8.30
10/06/2024 22:00,10/06/2024 22:30,15.60,7.76
10/06/2024 22:30,10/06/2024 23:00,12.47,6.36
10/06/2024 23:00,10/06/2024 23:30,13.99,7.04
10/06/2024 23:30,11/06/2024 00:00,11.55,5.95
11/06/2024 00:00,11/06/2024 00:30,12.54,6.39
11/06/2024 00:30,11/06/2024 01:00,11.76,6.04
11/06/2024 01:00,11/06/2024 01:30,11.49,5.92
11/06/2024 01:30,11/06/2024 02:00,11.34,5.86
11/06/2024 02:00,11/06/2024 02:30,10.19,5.34
11/06/2024 02:30,11/06/2024 03:00,10.08,5.29
11/06/2024 03:00,11/06/2024 03:30,10.88,5.65
11/06/2024 03:30,11/06/2024 04:00,9.77,5.15
11/06/2024 04:00,11/06/2024 04:30,10.92,5.67
11/06/2024 04:30,11/06/2024 05:00,10.08,5.29
11/06/2024 05:00,11/06/2024 05:30,12.18,6.23
11/06/2024 05:30,11/06/2024 06:00,13.59,6.86
11/06/2024 06:00,11/06/2024 06:30,13.65,6.89
11/06/2024 06:30,11/06/2024 07:00,16.30,8.07
11/06/2024 07:00,11/06/2024 07:30,14.70,7.36
11/06/2024 07:30,11/06/2024 08:00,17.35,8.54
11/06/2024 08:00,11/06/2024 08:30,16.46,8.15
11/06/2024 08:30,11/06/2024 09:00,15.97,7.93
11/06/2024 09:00,11/06/2024 09:30,15.86,7.88
11/06/2024 09:30,11/06/2024 10:00,15.33,7.64
11/06/2024 10:00,11/06/2024 10:30,15.50,7.72
11/06/2024 10:30,11/06/2024 11:00,15.33,7.64
11/06/2024 11:00,11/06/2024 11:30,16.17,8.02
11/06/2024 11:30,11/06/2024 12:00,16.38,8.11
11/06/2024 12:00,11/06/2024 12:30,17.89,8.79
11/06/2024 12:30,11/06/2024 13:00,18.06,8.86
11/06/2024 13:00,11/06/2024 13:30,17.89,8.79
11/06/2024 13:30,11/06/2024 14:00,17.22,8.49
11/06/2024 14:00,11/06/2024 14:30,16.38,8.11
11/06/2024 14:30,11/06/2024 15:00,14.90,7.45
11/06/2024 15:00,11/06/2024 15:30,14.49,7.27
11/06/2024 15:30,11/06/2024 16:00,15.29,7.62
11/06/2024 16:00,11/06/2024 16:30,30.53,14.14
11/06/2024 16:30,11/06/2024 17:00,31.65,14.64
11/06/2024 17:00,11/06/2024 17:30,31.50,14.57
11/06/2024 17:30,11/06/2024 18:00,32.70,15.11
11/06/2024 18:00,11/06/2024 18:30,33.39,15.42
11/06/2024 18:30,11/06/2024 19:00,33.60,15.51
11/06/2024 19:00,11/06/2024 19:30,21.71,10.50
11/06/2024 19:30,11/06/2024 20:00,21.27,10.30
11/06/2024 20:00,11/06/2024 20:30,21.99,10.62
11/06/2024 20:30,11/06/2024 21:00,21.71,10.50
11/06/2024 21:00,11/06/2024 21:30,22.05,10.65
11/06/2024 21:30,11/06/2024 22:00,19.57,9.54
11/06/2024 22:00,11/06/2024 22:30,19.43,9.48
11/06/2024 22:30,11/06/2024 23:00,15.75,7.83
11/06/2024 23:00,11/06/2024 23:30,16.80,8.30
11/06/2024 23:30,12/06/2024 00:00,17.11,8.44
12/06/2024 00:00,12/06/2024 00:30,15.60,7.76
12/06/2024 00:30,12/06/2024 01:00,14.93,7.46
12/06/2024 01:00,12/06/2024 01:30,14.97,7.48
12/06/2024 01:30,12/06/2024 02:00,14.95,7.47
12/06/2024 02:00,12/06/2024 02:30,14.91,7.45
12/06/2024 02:30,12/06/2024 03:00,14.85,7.43
12/06/2024 03:00,12/06/2024 03:30,14.62,7.32
12/06/2024 03:30,12/06/2024 04:00,14.51,7.28
12/06/2024 04:00,12/06/2024 04:30,15.75,7.83
12/06/2024 04:30,12/06/2024 05:00,15.37,7.66
12/06/2024 05:00,12/06/2024 05:30,20.12,9.79
12/06/2024 05:30,12/06/2024 06:00,20.54,9.97
12/06/2024 06:00,12/06/2024 06:30,19.74,9.62
12/06/2024 06:30,12/06/2024 07:00,18.48,9.05
12/06/2024 07:00,12/06/2024 07:30,17.20,8.48
12/06/2024 07:30,12/06/2024 08:00,19.74,9.62
12/06/2024 08:00,12/06/2024 08:30,17.85,8.77
12/06/2024 08:30,12/06/2024 09:00,17.95,8.82
12/06/2024 09:00,12/06/2024 09:30,18.40,9.01
12/06/2024 09:30,12/06/2024 10:00,18.12,8.89
12/06/2024 10:00,12/06/2024 10:30,18.12,8.89
12/06/2024 10:30,12/06/2024 11:00,18.04,8.85
12/06/2024 11:00,12/06/2024 11:30,19.49,9.50
12/06/2024 11:30,12/06/2024 12:00,18.98,9.28
12/06/2024 12:00,12/06/2024 12:30,19.82,9.65
12/06/2024 12:30,12/06/2024 13:00,19.32,9.43
12/06/2024 13:00,12/06/2024 13:30,19.80,9.64
12/06/2024 13:30,12/06/2024 14:00,17.64,8.68
12/06/2024 14:00,12/06/2024 14:30,16.84,8.32
12/06/2024 14:30,12/06/2024 15:00,17.01,8.39
12/06/2024 15:00,12/06/2024 15:30,16.14,8.00
12/06/2024 15:30,12/06/2024 16:00,18.12,8.89
12/06/2024 16:00,12/06/2024 16:30,31.33,14.49
12/06/2024 16:30,12/06/2024 17:00,33.60,15.51
12/06/2024 17:00,12/06/2024 17:30,31.84,14.72
12/06/2024 17:30,12/06/2024 18:00,33.14,15.30
12/06/2024 18:00,12/06/2024 18:30,35.70,16.45
12/06/2024 18:30,12/06/2024 19:00,35.70,16.45
12/06/2024 19:00,12/06/2024 19:30,25.20,12.06
12/06/2024 19:30,12/06/2024 20:00,24.89,11.92
12/06/2024 20:00,12/06/2024 20:30,24.15,11.59
12/06/2024 20:30,12/06/2024 21:00,23.44,11.27
12/06/2024 21:00,12/06/2024 21:30,23.14,11.14
12/06/2024 21:30,12/06/2024 22:00,21.19,10.26
12/06/2024 22:00,12/06/2024 22:30,19.30,9.42
12/06/2024 22:30,12/06/2024 23:00,17.43,8.58
12/06/2024 23:00,12/06/2024 23:30,17.85,8.77
12/06/2024 23:30,13/06/2024 00:00,18.90,9.24
13/06/2024 00:00,13/06/2024 00:30,16.70,8.25
13/06/2024 00:30,13/06/2024 01:00,16.09,7.98
13/06/2024 01:00,13/06/2024 01:30,16.04,7.96
13/06/2024 01:30,13/06/2024 02:00,15.96,7.92
13/06/2024 02:00,13/06/2024 02:30,15.75,7.83
13/06/2024 02:30,13/06/2024 03:00,15.20,7.59
13/06/2024 03:00,13/06/2024 03:30,15.31,7.63
13/06/2024 03:30,13/06/2024 04:00,14.28,7.17
13/06/2024 04:00,13/06/2024 04:30,16.07,7.97
13/06/2024 04:30,13/06/2024 05:00,15.54,7.74
13/06/2024 05:00,13/06/2024 05:30,14.76,7.39
13/06/2024 05:30,13/06/2024 06:00,15.60,7.76
13/06/2024 06:00,13/06/2024 06:30,18.90,9.24
13/06/2024 06:30,13/06/2024 07:00,20.50,9.95
13/06/2024 07:00,13/06/2024 07:30,18.73,9.16
13/06/2024 07:30,13/06/2024 08:00,20.58,9.99
13/06/2024 08:00,13/06/2024 08:30,19.47,9.49
13/06/2024 08:30,13/06/2024 09:00,18.94,9.26
13/06/2024 09:00,13/06/2024 09:30,19.36,9.45
13/06/2024 09:30,13/06/2024 10:00,18.90,9.24
13/06/2024 10:00,13/06/2024 10:30,17.64,8.68
13/06/2024 10:30,13/06/2024 11:00,17.01,8.39
13/06/2024 11:00,13/06/2024 11:30,17.68,8.69
13/06/2024 11:30,13/06/2024 12:00,17.79,8.74
13/06/2024 12:00,13/06/2024 12:30,16.38,8.11
13/06/2024 12:30,13/06/2024 13:00,16.34,8.09
13/06/2024 13:00,13/06/2024 13:30,15.50,7.72
13/06/2024 13:30,13/06/2024 14:00,14.74,7.38
13/06/2024 14:00,13/06/2024 14:30,13.78,6.95
13/06/2024 14:30,13/06/2024 15:00,13.61,6.87
13/06/2024 15:00,13/06/2024 15:30,13.27,6.72
13/06/2024 15:30,13/06/2024 16:00,14.07,7.08
13/06/2024 16:00,13/06/2024 16:30,28.14,13.07
13/06/2024 16:30,13/06/2024 17:00,29.30,13.58
13/06/2024 17:00,13/06/2024 17:30,33.39,15.42
13/06/2024 17:30,13/06/2024 18:00,33.39,15.42
13/06/2024 18:00,13/06/2024 18:30,35.72,16.46
13/06/2024 18:30,13/06/2024 19:00,34.92,16.10
13/06/2024 19:00,13/06/2024 19:30,20.18,9.81
13/06/2024 19:30,13/06/2024 20:00,18.90,9.24
13/06/2024 20:00,13/06/2024 20:30,20.33,9.88
13/06/2024 20:30,13/06/2024 21:00,17.66,8.69
13/06/2024 21:00,13/06/2024 21:30,17.24,8.50
13/06/2024 21:30,13/06/2024 22:00,15.81,7.86
13/06/2024 22:00,13/06/2024 22:30,14.47,7.26
13/06/2024 22:30,13/06/2024 23:00,9.28,4.93
13/06/2024 23:00,13/06/2024 23:30,11.76,6.04
13/06/2024 23:30,14/06/2024 00:00,8.55,4.61
14/06/2024 00:00,14/06/2024 00:30,8.19,4.45
14/06/2024 00:30,14/06/2024 01:00,8.19,4.45
14/06/2024 01:00,14/06/2024 01:30,6.72,3.79
14/06/2024 01:30,14/06/2024 02:00,7.83,4.29
14/06/2024 02:00,14/06/2024 02:30,7.77,4.26
14/06/2024 02:30,14/06/2024 03:00,7.18,3.99
14/06/2024 03:00,14/06/2024 03:30,7.50,4.14
14/06/2024 03:30,14/06/2024 04:00,7.67,4.21
14/06/2024 04:00,14/06/2024 04:30,8.22,4.46
14/06/2024 04:30,14/06/2024 05:00,8.29,4.49
14/06/2024 05:00,14/06/2024 05:30,9.24,4.92
14/06/2024 05:30,14/06/2024 06:00,10.85,5.64
14/06/2024 06:00,14/06/2024 06:30,10.78,5.61
14/06/2024 06:30,14/06/2024 07:00,18.69,9.15
14/06/2024 07:00,14/06/2024 07:30,18.27,8.96
14/06/2024 07:30,14/06/2024 08:00,19.95,9.71
14/06/2024 08:00,14/06/2024 08:30,18.27,8.96
14/06/2024 08:30,14/06/2024 09:00,18.82,9.20
14/06/2024 09:00,14/06/2024 09:30,19.32,9.43
14/06/2024 09:30,14/06/2024 10:00,18.82,9.20
14/06/2024 10:00,14/06/2024 10:30,19.28,9.41
14/06/2024 10:30,14/06/2024 11:00,18.90,9.24
14/06/2024 11:00,14/06/2024 11:30,18.90,9.24
14/06/2024 11:30,14/06/2024 12:00,18.90,9.24
14/06/2024 12:00,14/06/2024 12:30,18.48,9.05
14/06/2024 12:30,14/06/2024 13:00,17.51,8.62
14/06/2024 13:00,14/06/2024 13:30,17.01,8.39
14/06/2024 13:30,14/06/2024 14:00,15.81,7.86
14/06/2024 14:00,14/06/2024 14:30,13.65,6.89
14/06/2024 14:30,14/06/2024 15:00,13.96,7.03
14/06/2024 15:00,14/06/2024 15:30,12.39,6.33
14/06/2024 15:30,14/06/2024 16:00,13.44,6.80
14/06/2024 16:00,14/06/2024 16:30,27.22,12.65
14/06/2024 16:30,14/06/2024 17:00,29.61,13.72
14/06/2024 17:00,14/06/2024 17:30,29.82,13.82
14/06/2024 17:30,14/06/2024 18:00,31.92,14.76
14/06/2024 18:00,14/06/2024 18:30,33.60,15.51
14/06/2024 18:30,14/06/2024 19:00,33.60,15.51
14/06/2024 19:00,14/06/2024 19:30,22.30,10.76
14/06/2024 19:30,14/06/2024 20:00,22.05,10.65
14/06/2024 20:00,14/06/2024 20:30,21.08,10.22
14/06/2024 20:30,14/06/2024 21:00,21.00,10.18
14/06/2024 21:00,14/06/2024 21:30,19.95,9.71
14/06/2024 21:30,14/06/2024 22:00,18.90,9.24
14/06/2024 22:00,14/06/2024 22:30,18.05,8.86
14/06/2024 22:30,14/06/2024 23:00,16.80,8.30
14/06/2024 23:00,14/06/2024 23:30,21.95,10.60
14/06/2024 23:30,15/06/2024 00:00,20.50,9.95
15/06/2024 00:00,15/06/2024 00:30,18.86,9.22
15/06/2024 00:30,15/06/2024 01:00,17.18,8.47
15/06/2024 01:00,15/06/2024 01:30,15.58,7.75
15/06/2024 01:30,15/06/2024 02:00,15.90,7.90
15/06/2024 02:00,15/06/2024 02:30,14.99,7.49
15/06/2024 02:30,15/06/2024 03:00,13.88,6.99
15/06/2024 03:00,15/06/2024 03:30,13.44,6.80
15/06/2024 03:30,15/06/2024 04:00,12.83,6.52
15/06/2024 04:00,15/06/2024 04:30,13.96,7.03
15/06/2024 04:30,15/06/2024 05:00,13.44,6.80
15/06/2024 05:00,15/06/2024 05:30,13.44,6.80
15/06/2024 05:30,15/06/2024 06:00,13.10,6.65
15/06/2024 06:00,15/06/2024 06:30,14.07,7.08
15/06/2024 06:30,15/06/2024 07:00,16.23,8.05
15/06/2024 07:00,15/06/2024 07:30,16.17,8.02
15/06/2024 07:30,15/06/2024 08:00,17.22,8.49
15/06/2024 08:00,15/06/2024 08:30,18.87,9.23
15/06/2024 08:30,15/06/2024 09:00,19.32,9.43
15/06/2024 09:00,15/06/2024 09:30,19.95,9.71
15/06/2024 09:30,15/06/2024 10:00,19.99,9.73
15/06/2024 10:00,15/06/2024 10:30,19.82,9.65
15/06/2024 10:30,15/06/2024 11:00,19.47,9.49
15/06/2024 11:00,15/06/2024 11:30,16.80,8.30
15/06/2024 11:30,15/06/2024 12:00,16.38,8.11
15/06/2024 12:00,15/06/2024 12:30,15.75,7.83
15/06/2024 12:30,15/06/2024 13:00,14.83,7.42
15/06/2024 13:00,15/06/2024 13:30,13.65,6.89
15/06/2024 13:30,15/06/2024 14:00,12.66,6.45
15/06/2024 14:00,15/06/2024 14:30,12.18,6.23
15/06/2024 14:30,15/06/2024 15:00,11.97,6.14
15/06/2024 15:00,15/06/2024 15:30,12.60,6.42
15/06/2024 15:30,15/06/2024 16:00,12.66,6.45
15/06/2024 16:00,15/06/2024 16:30,28.56,13.25
15/06/2024 16:30,15/06/2024 17:00,30.93,14.32
15/06/2024 17:00,15/06/2024 17:30,32.59,15.06
15/06/2024 17:30,15/06/2024 18:00,34.44,15.89
15/06/2024 18:00,15/06/2024 18:30,34.06,15.72
15/06/2024 18:30,15/06/2024 19:00,34.17,15.76
15/06/2024 19:00,15/06/2024 19:30,20.33,9.88
15/06/2024 19:30,15/06/2024 20:00,20.37,9.90
15/06/2024 20:00,15/06/2024 20:30,19.24,9.39
15/06/2024 20:30,15/06/2024 21:00,18.94,9.26
15/06/2024 21:00,15/06/2024 21:30,21.00,10.18
15/06/2024 21:30,15/06/2024 22:00,18.90,9.24
15/06/2024 22:00,15/06/2024 22:30,17.39,8.56
15/06/2024 22:30,15/06/2024 23:00,14.18,7.12
15/06/2024 23:00,15/06/2024 23:30,17.75,8.72
15/06/2024 23:30,16/06/2024 00:00,17.22,8.49
16/06/2024 00:00,16/06/2024 00:30,14.28,7.17
16/06/2024 00:30,16/06/2024 01:00,10.75,5.59
16/06/2024 01:00,16/06/2024 01:30,9.03,4.82
16/06/2024 01:30,16/06/2024 02:00,11.84,6.08
16/06/2024 02:00,16/06/2024 02:30,10.08,5.29
16/06/2024 02:30,16/06/2024 03:00,6.30,3.60
16/06/2024 03:00,16/06/2024 03:30,4.47,2.78
16/06/2024 03:30,16/06/2024 04:00,4.07,2.60
16/06/2024 04:00,16/06/2024 04:30,4.20,2.66
16/06/2024 04:30,16/06/2024 05:00,2.10,1.72
16/06/2024 05:00,16/06/2024 05:30,1.68,1.53
16/06/2024 05:30,16/06/2024 06:00,1.47,1.44
16/06/2024 06:00,16/06/2024 06:30,1.87,1.62
16/06/2024 06:30,16/06/2024 07:00,2.46,1.88
16/06/2024 07:00,16/06/2024 07:30,5.04,3.04
16/06/2024 07:30,16/06/2024 08:00,9.39,4.98
16/06/2024 08:00,16/06/2024 08:30,9.45,5.01
16/06/2024 08:30,16/06/2024 09:00,10.92,5.67
16/06/2024 09:00,16/06/2024 09:30,11.13,5.76
16/06/2024 09:30,16/06/2024 10:00,12.39,6.33
16/06/2024 10:00,16/06/2024 10:30,13.86,6.98
16/06/2024 10:30,16/06/2024 11:00,13.84,6.97
16/06/2024 11:00,16/06/2024 11:30,14.51,7.28
16/06/2024 11:30,16/06/2024 12:00,14.38,7.22
16/06/2024 12:00,16/06/2024 12:30,15.54,7.74
16/06/2024 12:30,16/06/2024 13:00,14.15,7.12
16/06/2024 13:00,16/06/2024 13:30,13.02,6.61
16/06/2024 13:30,16/06/2024 14:00,11.55,5.95
16/06/2024 14:00,16/06/2024 14:30,10.71,5.57
16/06/2024 14:30,16/06/2024 15:00,11.55,5.95
16/06/2024 15:00,16/06/2024 15:30,11.55,5.95
16/06/2024 15:30,16/06/2024 16:00,13.84,6.97
16/06/2024 16:00,16/06/2024 16:30,28.58,13.26
16/06/2024 16:30,16/06/2024 17:00,30.49,14.12
16/06/2024 17:00,16/06/2024 17:30,31.23,14.45
16/06/2024 17:30,16/06/2024 18:00,32.66,15.09
16/06/2024 18:00,16/06/2024 18:30,32.30,14.93
16/06/2024 18:30,16/06/2024 19:00,32.13,14.85
16/06/2024 19:00,16/06/2024 19:30,20.31,9.87
16/06/2024 19:30,16/06/2024 20:00,20.75,10.07
16/06/2024 20:00,16/06/2024 20:30,22.50,10.85
16/06/2024 20:30,16/06/2024 21:00,20.79,10.09
16/06/2024 21:00,16/06/2024 21:30,21.21,10.27
16/06/2024 21:30,16/06/2024 22:00,20.37,9.90
16/06/2024 22:00,16/06/2024 22:30,17.95,8.82
16/06/2024 22:30,16/06/2024 23:00,16.27,8.06
16/06/2024 23:00,16/06/2024 23:30,16.72,8.26
16/06/2024 23:30,17/06/2024 00:00,16.80,8.30
17/06/2024 00:00,17/06/2024 00:30,15.20,7.59
17/06/2024 00:30,17/06/2024 01:00,14.53,7.28
17/06/2024 01:00,17/06/2024 01:30,14.24,7.15
17/06/2024 01:30,17/06/2024 02:00,14.28,7.17
17/06/2024 02:00,17/06/2024 02:30,15.12,7.55
17/06/2024 02:30,17/06/2024 03:00,14.57,7.30
17/06/2024 03:00,17/06/2024 03:30,15.54,7.74
17/06/2024 03:30,17/06/2024 04:00,14.87,7.44
17/06/2024 04:00,17/06/2024 04:30,14.91,7.45
17/06/2024 04:30,17/06/2024 05:00,14.91,7.45
17/06/2024 05:00,17/06/2024 05:30,17.64,8.68
17/06/2024 05:30,17/06/2024 06:00,18.10,8.88
17/06/2024 06:00,17/06/2024 06:30,19.95,9.71
17/06/2024 06:30,17/06/2024 07:00,21.63,10.46
17/06/2024 07:00,17/06/2024 07:30,18.48,9.05
17/06/2024 07:30,17/06/2024 08:00,22.05,10.65
17/06/2024 08:00,17/06/2024 08:30,18.56,9.09
17/06/2024 08:30,17/06/2024 09:00,18.02,8.85
17/06/2024 09:00,17/06/2024 09:30,18.21,8.93
17/06/2024 09:30,17/06/2024 10:00,17.72,8.71
17/06/2024 10:00,17/06/2024 10:30,17.22,8.49
17/06/2024 10:30,17/06/2024 11:00,15.75,7.83
17/06/2024 11:00,17/06/2024 11:30,17.64,8.68
17/06/2024 11:30,17/06/2024 12:00,17.30,8.53
17/06/2024 12:00,17/06/2024 12:30,18.69,9.15
17/06/2024 12:30,17/06/2024 13:00,18.27,8.96
17/06/2024 13:00,17/06/2024 13:30,18.06,8.86
17/06/2024 13:30,17/06/2024 14:00,16.59,8.21
17/06/2024 14:00,17/06/2024 14:30,16.72,8.26
17/06/2024 14:30,17/06/2024 15:00,16.17,8.02
17/06/2024 15:00,17/06/2024 15:30,16.40,8.12
17/06/2024 15:30,17/06/2024 16:00,16.59,8.21
17/06/2024 16:00,17/06/2024 16:30,29.48,13.67
17/06/2024 16:30,17/06/2024 17:00,31.29,14.48
17/06/2024 17:00,17/06/2024 17:30,32.47,15.00
17/06/2024 17:30,17/06/2024 18:00,33.75,15.58
17/06/2024 18:00,17/06/2024 18:30,37.38,17.20
17/06/2024 18:30,17/06/2024 19:00,37.80,17.39
17/06/2024 19:00,17/06/2024 19:30,25.28,12.10
17/06/2024 19:30,17/06/2024 20:00,25.03,11.98
17/06/2024 20:00,17/06/2024 20:30,23.60,11.35
17/06/2024 20:30,17/06/2024 21:00,23.33,11.22
17/06/2024 21:00,17/06/2024 21:30,22.05,10.65
17/06/2024 21:30,17/06/2024 22:00,21.21,10.27
17/06/2024 22:00,17/06/2024 22:30,19.26,9.40
17/06/2024 22:30,17/06/2024 23:00,18.27,8.96
17/06/2024 23:00,17/06/2024 23:30,16.76,8.28
17/06/2024 23:30,18/06/2024 00:00,16.38,8.11
18/06/2024 00:00,18/06/2024 00:30,16.04,7.96
18/06/2024 00:30,18/06/2024 01:00,15.96,7.92
18/06/2024 01:00,18/06/2024 01:30,15.22,7.60
18/06/2024 01:30,18/06/2024 02:00,15.71,7.81
18/06/2024 02:00,18/06/2024 02:30,15.75,7.83
18/06/2024 02:30,18/06/2024 03:00,15.52,7.73
18/06/2024 03:00,18/06/2024 03:30,15.67,7.79
18/06/2024 03:30,18/06/2024 04:00,15.54,7.74
18/06/2024 04:00,18/06/2024 04:30,15.79,7.85
18/06/2024 04:30,18/06/2024 05:00,15.04,7.51
18/06/2024 05:00,18/06/2024 05:30,17.11,8.44
18/06/2024 05:30,18/06/2024 06:00,16.30,8.07
18/06/2024 06:00,18/06/2024 06:30,18.48,9.05
18/06/2024 06:30,18/06/2024 07:00,20.16,9.80
18/06/2024 07:00,18/06/2024 07:30,16.53,8.18
18/06/2024 07:30,18/06/2024 08:00,20.87,10.12
18/06/2024 08:00,18/06/2024 08:30,21.63,10.46
18/06/2024 08:30,18/06/2024 09:00,21.42,10.37
18/06/2024 09:00,18/06/2024 09:30,21.11,10.23
18/06/2024 09:30,18/06/2024 10:00,20.79,10.09
18/06/2024 10:00,18/06/2024 10:30,19.78,9.63
18/06/2024 10:30,18/06/2024 11:00,19.49,9.50
18/06/2024 11:00,18/06/2024 11:30,18.91,9.24
18/06/2024 11:30,18/06/2024 12:00,18.82,9.20
18/06/2024 12:00,18/06/2024 12:30,18.48,9.05
18/06/2024 12:30,18/06/2024 13:00,17.83,8.76
18/06/2024 13:00,18/06/2024 13:30,16.51,8.17
18/06/2024 13:30,18/06/2024 14:00,15.82,7.86
18/06/2024 14:00,18/06/2024 14:30,15.41,7.68
18/06/2024 14:30,18/06/2024 15:00,15.37,7.66
18/06/2024 15:00,18/06/2024 15:30,15.33,7.64
18/06/2024 15:30,18/06/2024 16:00,15.75,7.83
18/06/2024 16:00,18/06/2024 16:30,30.51,14.13
18/06/2024 16:30,18/06/2024 17:00,32.36,14.96
18/06/2024 17:00,18/06/2024 17:30,33.62,15.52
18/06/2024 17:30,18/06/2024 18:00,35.07,16.17
18/06/2024 18:00,18/06/2024 18:30,34.92,16.10
18/06/2024 18:30,18/06/2024 19:00,35.28,16.26
18/06/2024 19:00,18/06/2024 19:30,23.18,11.16
18/06/2024 19:30,18/06/2024 20:00,23.18,11.16
18/06/2024 20:00,18/06/2024 20:30,21.13,10.24
18/06/2024 20:30,18/06/2024 21:00,20.84,10.11
18/06/2024 21:00,18/06/2024 21:30,19.05,9.31
18/06/2024 21:30,18/06/2024 22:00,18.08,8.87
18/06/2024 22:00,18/06/2024 22:30,16.91,8.35
18/06/2024 22:30,18/06/2024 23:00,15.39,7.67
18/06/2024 23:00,18/06/2024 23:30,16.48,8.16
18/06/2024 23:30,19/06/2024 00:00,17.85,8.77
19/06/2024 00:00,19/06/2024 00:30,15.83,7.87
19/06/2024 00:30,19/06/2024 01:00,15.69,7.80
19/06/2024 01:00,19/06/2024 01:30,14.91,7.45
19/06/2024 01:30,19/06/2024 02:00,15.05,7.52
19/06/2024 02:00,19/06/2024 02:30,14.66,7.34
19/06/2024 02:30,19/06/2024 03:00,14.34,7.20
19/06/2024 03:00,19/06/2024 03:30,14.30,7.18
19/06/2024 03:30,19/06/2024 04:00,14.27,7.17
19/06/2024 04:00,19/06/2024 04:30,14.28,7.17
19/06/2024 04:30,19/06/2024 05:00,13.41,6.78
19/06/2024 05:00,19/06/2024 05:30,15.69,7.80
19/06/2024 05:30,19/06/2024 06:00,15.79,7.85
19/06/2024 06:00,19/06/2024 06:30,17.85,8.77
19/06/2024 06:30,19/06/2024 07:00,18.82,9.20
19/06/2024 07:00,19/06/2024 07:30,16.91,8.35
19/06/2024 07:30,19/06/2024 08:00,20.58,9.99
19/06/2024 08:00,19/06/2024 08:30,21.84,10.56
19/06/2024 08:30,19/06/2024 09:00,21.21,10.27
19/06/2024 09:00,19/06/2024 09:30,20.54,9.97
19/06/2024 09:30,19/06/2024 10:00,19.15,9.35
19/06/2024 10:00,19/06/2024 10:30,18.82,9.20
19/06/2024 10:30,19/06/2024 11:00,18.48,9.05
19/06/2024 11:00,19/06/2024 11:30,18.27,8.96
19/06/2024 11:30,19/06/2024 12:00,17.85,8.77
19/06/2024 12:00,19/06/2024 12:30,17.54,8.63
19/06/2024 12:30,19/06/2024 13:00,16.36,8.10
19/06/2024 13:00,19/06/2024 13:30,15.33,7.64
19/06/2024 13:30,19/06/2024 14:00,14.38,7.22
19/06/2024 14:00,19/06/2024 14:30,14.28,7.17
19/06/2024 14:30,19/06/2024 15:00,13.65,6.89
19/06/2024 15:00,19/06/2024 15:30,13.65,6.89
19/06/2024 15:30,19/06/2024 16:00,14.38,7.22
19/06/2024 16:00,19/06/2024 16:30,27.72,12.88
19/06/2024 16:30,19/06/2024 17:00,29.67,13.75
19/06/2024 17:00,19/06/2024 17:30,30.16,13.97
19/06/2024 17:30,19/06/2024 18:00,31.92,14.76
19/06/2024 18:00,19/06/2024 18:30,32.97,15.23
19/06/2024 18:30,19/06/2024 19:00,33.52,15.47
19/06/2024 19:00,19/06/2024 19:30,21.42,10.37
19/06/2024 19:30,19/06/2024 20:00,21.42,10.37
19/06/2024 20:00,19/06/2024 20:30,20.83,10.10
19/06/2024 20:30,19/06/2024 21:00,20.16,9.80
19/06/2024 21:00,19/06/2024 21:30,20.20,9.82
19/06/2024 21:30,19/06/2024 22:00,17.81,8.75
19/06/2024 22:00,19/06/2024 22:30,17.45,8.59
19/06/2024 22:30,19/06/2024 23:00,15.69,7.80
19/06/2024 23:00,19/06/2024 23:30,16.11,7.99
19/06/2024 23:30,20/06/2024 00:00,15.81,7.86
20/06/2024 00:00,20/06/2024 00:30,15.54,7.74
20/06/2024 00:30,20/06/2024 01:00,14.91,7.45
20/06/2024 01:00,20/06/2024 01:30,14.18,7.12
20/06/2024 01:30,20/06/2024 02:00,14.87,7.44
20/06/2024 02:00,20/06/2024 02:30,15.22,7.60
20/06/2024 02:30,20/06/2024 03:00,15.46,7.70
20/06/2024 03:00,20/06/2024 03:30,15.46,7.70
20/06/2024 03:30,20/06/2024 04:00,15.41,7.68
20/06/2024 04:00,20/06/2024 04:30,15.94,7.91
20/06/2024 04:30,20/06/2024 05:00,15.81,7.86
20/06/2024 05:00,20/06/2024 05:30,18.98,9.28
20/06/2024 05:30,20/06/2024 06:00,19.11,9.33
20/06/2024 06:00,20/06/2024 06:30,19.11,9.33
20/06/2024 06:30,20/06/2024 07:00,19.84,9.66
20/06/2024 07:00,20/06/2024 07:30,17.81,8.75
20/06/2024 07:30,20/06/2024 08:00,21.12,10.23
20/06/2024 08:00,20/06/2024 08:30,19.87,9.67
20/06/2024 08:30,20/06/2024 09:00,18.90,9.24
20/06/2024 09:00,20/06/2024 09:30,19.30,9.42
20/06/2024 09:30,20/06/2024 10:00,17.70,8.70
20/06/2024 10:00,20/06/2024 10:30,16.48,8.16
20/06/2024 10:30,20/06/2024 11:00,15.81,7.86
20/06/2024 11:00,20/06/2024 11:30,15.90,7.90
20/06/2024 11:30,20/06/2024 12:00,15.69,7.80
20/06/2024 12:00,20/06/2024 12:30,15.22,7.60
20/06/2024 12:30,20/06/2024 13:00,14.51,7.28
20/06/2024 13:00,20/06/2024 13:30,15.12,7.55
20/06/2024 13:30,20/06/2024 14:00,14.52,7.28
20/06/2024 14:00,20/06/2024 14:30,14.68,7.35
20/06/2024 14:30,20/06/2024 15:00,14.28,7.17
20/06/2024 15:00,20/06/2024 15:30,14.28,7.17
20/06/2024 15:30,20/06/2024 16:00,15.31,7.63
20/06/2024 16:00,20/06/2024 16:30,30.45,14.10
20/06/2024 16:30,20/06/2024 17:00,31.08,14.38
20/06/2024 17:00,20/06/2024 17:30,33.13,15.30
20/06/2024 17:30,20/06/2024 18:00,34.44,15.89
20/06/2024 18:00,20/06/2024 18:30,36.71,16.90
20/06/2024 18:30,20/06/2024 19:00,37.15,17.10
20/06/2024 19:00,20/06/2024 19:30,22.83,11.00
20/06/2024 19:30,20/06/2024 20:00,22.51,10.86
20/06/2024 20:00,20/06/2024 20:30,22.68,10.93
20/06/2024 20:30,20/06/2024 21:00,22.03,10.64
20/06/2024 21:00,20/06/2024 21:30,21.13,10.24
20/06/2024 21:30,20/06/2024 22:00,19.61,9.56
20/06/2024 22:00,20/06/2024 22:30,19.91,9.69
20/06/2024 22:30,20/06/2024 23:00,17.22,8.49
20/06/2024 23:00,20/06/2024 23:30,16.59,8.21
20/06/2024 23:30,21/06/2024 00:00,18.63,9.12
21/06/2024 00:00,21/06/2024 00:30,17.89,8.79
21/06/2024 00:30,21/06/2024 01:00,17.26,8.51
21/06/2024 01:00,21/06/2024 01:30,16.57,8.20
21/06/2024 01:30,21/06/2024 02:00,17.22,8.49
21/06/2024 02:00,21/06/2024 02:30,15.31,7.63
21/06/2024 02:30,21/06/2024 03:00,14.95,7.47
21/06/2024 03:00,21/06/2024 03:30,14.80,7.41
21/06/2024 03:30,21/06/2024 04:00,14.89,7.44
21/06/2024 04:00,21/06/2024 04:30,15.18,7.58
21/06/2024 04:30,21/06/2024 05:00,14.60,7.31
21/06/2024 05:00,21/06/2024 05:30,16.34,8.09
21/06/2024 05:30,21/06/2024 06:00,16.95,8.37
21/06/2024 06:00,21/06/2024 06:30,19.59,9.55
21/06/2024 06:30,21/06/2024 07:00,21.00,10.18
21/06/2024 07:00,21/06/2024 07:30,19.82,9.65
21/06/2024 07:30,21/06/2024 08:00,21.32,10.32
21/06/2024 08:00,21/06/2024 08:30,19.82,9.65
21/06/2024 08:30,21/06/2024 09:00,19.08,9.32
21/06/2024 09:00,21/06/2024 09:30,18.23,8.94
21/06/2024 09:30,21/06/2024 10:00,16.38,8.11
21/06/2024 10:00,21/06/2024 10:30,14.70,7.36
21/06/2024 10:30,21/06/2024 11:00,15.20,7.59
21/06/2024 11:00,21/06/2024 11:30,15.12,7.55
21/06/2024 11:30,21/06/2024 12:00,14.38,7.22
21/06/2024 12:00,21/06/2024 12:30,13.86,6.98
21/06/2024 12:30,21/06/2024 13:00,13.23,6.70
21/06/2024 13:00,21/06/2024 13:30,13.10,6.65
21/06/2024 13:30,21/06/2024 14:00,12.73,6.48
21/06/2024 14:00,21/06/2024 14:30,12.77,6.50
21/06/2024 14:30,21/06/2024 15:00,12.60,6.42
21/06/2024 15:00,21/06/2024 15:30,13.23,6.70
21/06/2024 15:30,21/06/2024 16:00,14.70,7.36
21/06/2024 16:00,21/06/2024 16:30,29.71,13.77
21/06/2024 16:30,21/06/2024 17:00,31.82,14.71
21/06/2024 17:00,21/06/2024 17:30,31.50,14.57
21/06/2024 17:30,21/06/2024 18:00,31.84,14.72
21/06/2024 18:00,21/06/2024 18:30,33.10,15.28
21/06/2024 18:30,21/06/2024 19:00,33.31,15.38
21/06/2024 19:00,21/06/2024 19:30,19.95,9.71
21/06/2024 19:30,21/06/2024 20:00,19.74,9.62
21/06/2024 20:00,21/06/2024 20:30,19.15,9.35
21/06/2024 20:30,21/06/2024 21:00,18.59,9.10
21/06/2024 21:00,21/06/2024 21:30,19.74,9.62
21/06/2024 21:30,21/06/2024 22:00,18.14,8.90
21/06/2024 22:00,21/06/2024 22:30,18.48,9.05
21/06/2024 22:30,21/06/2024 23:00,15.96,7.92
21/06/2024 23:00,21/06/2024 23:30,16.80,8.30
21/06/2024 23:30,22/06/2024 00:00,16.80,8.30
22/06/2024 00:00,22/06/2024 00:30,15.75,7.83
22/06/2024 00:30,22/06/2024 01:00,15.12,7.55
22/06/2024 01:00,22/06/2024 01:30,15.52,7.73
22/06/2024 01:30,22/06/2024 02:00,16.76,8.28
22/06/2024 02:00,22/06/2024 02:30,15.96,7.92
22/06/2024 02:30,22/06/2024 03:00,14.70,7.36
22/06/2024 03:00,22/06/2024 03:30,15.20,7.59
22/06/2024 03:30,22/06/2024 04:00,14.38,7.22
22/06/2024 04:00,22/06/2024 04:30,16.11,7.99
22/06/2024 04:30,22/06/2024 05:00,15.22,7.60
22/06/2024 05:00,22/06/2024 05:30,16.04,7.96
22/06/2024 05:30,22/06/2024 06:00,16.80,8.30
22/06/2024 06:00,22/06/2024 06:30,15.54,7.74
22/06/2024 06:30,22/06/2024 07:00,14.70,7.36
22/06/2024 07:00,22/06/2024 07:30,14.49,7.27
22/06/2024 07:30,22/06/2024 08:00,17.24,8.50
22/06/2024 08:00,22/06/2024 08:30,19.95,9.71
22/06/2024 08:30,22/06/2024 09:00,19.95,9.71
22/06/2024 09:00,22/06/2024 09:30,20.27,9.85
22/06/2024 09:30,22/06/2024 10:00,18.67,9.14
22/06/2024 10:00,22/06/2024 10:30,19.95,9.71
22/06/2024 10:30,22/06/2024 11:00,19.32,9.43
22/06/2024 11:00,22/06/2024 11:30,19.13,9.34
22/06/2024 11:30,22/06/2024 12:00,18.88,9.23
22/06/2024 12:00,22/06/2024 12:30,17.70,8.70
22/06/2024 12:30,22/06/2024 13:00,16.59,8.21
22/06/2024 13:00,22/06/2024 13:30,14.88,7.44
22/06/2024 13:30,22/06/2024 14:00,13.57,6.85
22/06/2024 14:00,22/06/2024 14:30,12.60,6.42
22/06/2024 14:30,22/06/2024 15:00,12.60,6.42
22/06/2024 15:00,22/06/2024 15:30,12.60,6.42
22/06/2024 15:30,22/06/2024 16:00,12.60,6.42
22/06/2024 16:00,22/06/2024 16:30,27.30,12.69
22/06/2024 16:30,22/06/2024 17:00,28.66,13.30
22/06/2024 17:00,22/06/2024 17:30,27.72,12.88
22/06/2024 17:30,22/06/2024 18:00,32.13,14.85
22/06/2024 18:00,22/06/2024 18:30,33.60,15.51
22/06/2024 18:30,22/06/2024 19:00,33.60,15.51
22/06/2024 19:00,22/06/2024 19:30,19.74,9.62
22/06/2024 19:30,22/06/2024 20:00,19.74,9.62
22/06/2024 20:00,22/06/2024 20:30,19.40,9.46
22/06/2024 20:30,22/06/2024 21:00,18.69,9.15
22/06/2024 21:00,22/06/2024 21:30,18.86,9.22
22/06/2024 21:30,22/06/2024 22:00,17.91,8.80
22/06/2024 22:00,22/06/2024 22:30,16.13,8.00
22/06/2024 22:30,22/06/2024 23:00,14.70,7.36
22/06/2024 23:00,22/06/2024 23:30,17.22,8.49
22/06/2024 23:30,23/06/2024 00:00,18.06,8.86
23/06/2024 00:00,23/06/2024 00:30,14.70,7.36
23/06/2024 00:30,23/06/2024 01:00,14.70,7.36
23/06/2024 01:00,23/06/2024 01:30,15.79,7.85
23/06/2024 01:30,23/06/2024 02:00,15.67,7.79
23/06/2024 02:00,23/06/2024 02:30,15.44,7.69
23/06/2024 02:30,23/06/2024 03:00,13.86,6.98
23/06/2024 03:00,23/06/2024 03:30,14.28,7.17
23/06/2024 03:30,23/06/2024 04:00,14.80,7.41
23/06/2024 04:00,23/06/2024 04:30,15.75,7.83
23/06/2024 04:30,23/06/2024 05:00,14.57,7.30
23/06/2024 05:00,23/06/2024 05:30,14.95,7.47
23/06/2024 05:30,23/06/2024 06:00,15.44,7.69
23/06/2024 06:00,23/06/2024 06:30,13.94,7.02
23/06/2024 06:30,23/06/2024 07:00,13.65,6.89
23/06/2024 07:00,23/06/2024 07:30,12.16,6.22
23/06/2024 07:30,23/06/2024 08:00,13.65,6.89
23/06/2024 08:00,23/06/2024 08:30,13.86,6.98
23/06/2024 08:30,23/06/2024 09:00,15.12,7.55
23/06/2024 09:00,23/06/2024 09:30,15.75,7.83
23/06/2024 09:30,23/06/2024 10:00,14.09,7.09
23/06/2024 10:00,23/06/2024 10:30,15.44,7.69
23/06/2024 10:30,23/06/2024 11:00,16.55,8.19
23/06/2024 11:00,23/06/2024 11:30,17.64,8.68
23/06/2024 11:30,23/06/2024 12:00,17.43,8.58
23/06/2024 12:00,23/06/2024 12:30,18.46,9.04
23/06/2024 12:30,23/06/2024 13:00,18.08,8.87
23/06/2024 13:00,23/06/2024 13:30,17.32,8.54
23/06/2024 13:30,23/06/2024 14:00,15.86,7.88
23/06/2024 14:00,23/06/2024 14:30,15.41,7.68
23/06/2024 14:30,23/06/2024 15:00,15.96,7.92
23/06/2024 15:00,23/06/2024 15:30,15.96,7.92
23/06/2024 15:30,23/06/2024 16:00,16.07,7.97
23/06/2024 16:00,23/06/2024 16:30,31.56,14.60
23/06/2024 16:30,23/06/2024 17:00,31.08,14.38
23/06/2024 17:00,23/06/2024 17:30,32.09,14.83
23/06/2024 17:30,23/06/2024 18:00,32.76,15.13
23/06/2024 18:00,23/06/2024 18:30,32.00,14.80
23/06/2024 18:30,23/06/2024 19:00,31.92,14.76
23/06/2024 19:00,23/06/2024 19:30,19.84,9.66
23/06/2024 19:30,23/06/2024 20:00,18.67,9.14
23/06/2024 20:00,23/06/2024 20:30,21.00,10.18
23/06/2024 20:30,23/06/2024 21:00,20.50,9.95
23/06/2024 21:00,23/06/2024 21:30,20.83,10.10
23/06/2024 21:30,23/06/2024 22:00,19.95,9.71
23/06/2024 22:00,23/06/2024 22:30,19.13,9.34
23/06/2024 22:30,23/06/2024 23:00,15.48,7.71
23/06/2024 23:00,23/06/2024 23:30,16.80,8.30
23/06/2024 23:30,24/06/2024 00:00,17.81,8.75
24/06/2024 00:00,24/06/2024 00:30,16.80,8.30
24/06/2024 00:30,24/06/2024 01:00,15.86,7.88
24/06/2024 01:00,24/06/2024 01:30,15.33,7.64
24/06/2024 01:30,24/06/2024 02:00,15.17,7.57
24/06/2024 02:00,24/06/2024 02:30,14.70,7.36
24/06/2024 02:30,24/06/2024 03:00,14.70,7.36
24/06/2024 03:00,24/06/2024 03:30,15.31,7.63
24/06/2024 03:30,24/06/2024 04:00,14.55,7.29
24/06/2024 04:00,24/06/2024 04:30,15.67,7.79
24/06/2024 04:30,24/06/2024 05:00,15.39,7.67
24/06/2024 05:00,24/06/2024 05:30,16.80,8.30
24/06/2024 05:30,24/06/2024 06:00,17.64,8.68
24/06/2024 06:00,24/06/2024 06:30,18.80,9.19
24/06/2024 06:30,24/06/2024 07:00,19.68,9.59
24/06/2024 07:00,24/06/2024 07:30,16.80,8.30
24/06/2024 07:30,24/06/2024 08:00,19.57,9.54
24/06/2024 08:00,24/06/2024 08:30,19.11,9.33
24/06/2024 08:30,24/06/2024 09:00,18.78,9.19
24/06/2024 09:00,24/06/2024 09:30,18.48,9.05
24/06/2024 09:30,24/06/2024 10:00,16.74,8.27
24/06/2024 10:00,24/06/2024 10:30,15.98,7.93
24/06/2024 10:30,24/06/2024 11:00,16.38,8.11
24/06/2024 11:00,24/06/2024 11:30,16.88,8.34
24/06/2024 11:30,24/06/2024 12:00,16.13,8.00
24/06/2024 12:00,24/06/2024 12:30,16.80,8.30
24/06/2024 12:30,24/06/2024 13:00,16.34,8.09
24/06/2024 13:00,24/06/2024 13:30,15.54,7.74
24/06/2024 13:30,24/06/2024 14:00,15.46,7.70
24/06/2024 14:00,24/06/2024 14:30,14.68,7.35
24/06/2024 14:30,24/06/2024 15:00,14.47,7.26
24/06/2024 15:00,24/06/2024 15:30,15.12,7.55
24/06/2024 15:30,24/06/2024 16:00,15.12,7.55
24/06/2024 16:00,24/06/2024 16:30,29.65,13.74
24/06/2024 16:30,24/06/2024 17:00,30.16,13.97
24/06/2024 17:00,24/06/2024 17:30,31.21,14.44
24/06/2024 17:30,24/06/2024 18:00,31.84,14.72
24/06/2024 18:00,24/06/2024 18:30,37.38,17.20
24/06/2024 18:30,24/06/2024 19:00,36.96,17.01
24/06/2024 19:00,24/06/2024 19:30,23.10,11.12
24/06/2024 19:30,24/06/2024 20:00,22.51,10.86
24/06/2024 20:00,24/06/2024 20:30,22.47,10.84
24/06/2024 20:30,24/06/2024 21:00,22.01,10.63
24/06/2024 21:00,24/06/2024 21:30,21.00,10.18
24/06/2024 21:30,24/06/2024 22:00,20.00,9.73
24/06/2024 22:00,24/06/2024 22:30,16.97,8.38
24/06/2024 22:30,24/06/2024 23:00,15.46,7.70
24/06/2024 23:00,24/06/2024 23:30,16.09,7.98
24/06/2024 23:30,25/06/2024 00:00,15.75,7.83
25/06/2024 00:00,25/06/2024 00:30,14.18,7.12
25/06/2024 00:30,25/06/2024 01:00,13.86,6.98
25/06/2024 01:00,25/06/2024 01:30,14.18,7.12
25/06/2024 01:30,25/06/2024 02:00,14.53,7.28
25/06/2024 02:00,25/06/2024 02:30,14.18,7.12
25/06/2024 02:30,25/06/2024 03:00,14.07,7.08
25/06/2024 03:00,25/06/2024 03:30,13.23,6.70
25/06/2024 03:30,25/06/2024 04:00,12.68,6.46
25/06/2024 04:00,25/06/2024 04:30,16.44,8.14
25/06/2024 04:30,25/06/2024 05:00,15.22,7.60
25/06/2024 05:00,25/06/2024 05:30,17.86,8.77
25/06/2024 05:30,25/06/2024 06:00,16.80,8.30
25/06/2024 06:00,25/06/2024 06:30,19.95,9.71
25/06/2024 06:30,25/06/2024 07:00,22.07,10.66
25/06/2024 07:00,25/06/2024 07:30,18.67,9.14
25/06/2024 07:30,25/06/2024 08:00,22.68,10.93
25/06/2024 08:00,25/06/2024 08:30,19.32,9.43
25/06/2024 08:30,25/06/2024 09:00,18.21,8.93
25/06/2024 09:00,25/06/2024 09:30,18.40,9.01
25/06/2024 09:30,25/06/2024 10:00,16.80,8.30
25/06/2024 10:00,25/06/2024 10:30,15.18,7.58
25/06/2024 10:30,25/06/2024 11:00,14.91,7.45
25/06/2024 11:00,25/06/2024 11:30,15.44,7.69
25/06/2024 11:30,25/06/2024 12:00,15.39,7.67
25/06/2024 12:00,25/06/2024 12:30,15.64,7.78
25/06/2024 12:30,25/06/2024 13:00,15.46,7.70
25/06/2024 13:00,25/06/2024 13:30,15.29,7.62
25/06/2024 13:30,25/06/2024 14:00,15.18,7.58
25/06/2024 14:00,25/06/2024 14:30,15.10,7.54
25/06/2024 14:30,25/06/2024 15:00,15.14,7.56
25/06/2024 15:00,25/06/2024 15:30,15.18,7.58
25/06/2024 15:30,25/06/2024 16:00,15.88,7.89
25/06/2024 16:00,25/06/2024 16:30,30.81,14.26
25/06/2024 16:30,25/06/2024 17:00,32.93,15.21
25/06/2024 17:00,25/06/2024 17:30,32.55,15.04
25/06/2024 17:30,25/06/2024 18:00,34.29,15.82
25/06/2024 18:00,25/06/2024 18:30,36.94,17.00
25/06/2024 18:30,25/06/2024 19:00,36.69,16.89
25/06/2024 19:00,25/06/2024 19:30,24.28,11.65
25/06/2024 19:30,25/06/2024 20:00,23.65,11.36
25/06/2024 20:00,25/06/2024 20:30,22.18,10.71
25/06/2024 20:30,25/06/2024 21:00,21.23,10.28
25/06/2024 21:00,25/06/2024 21:30,19.89,9.68
25/06/2024 21:30,25/06/2024 22:00,18.90,9.24
25/06/2024 22:00,25/06/2024 22:30,17.85,8.77
25/06/2024 22:30,25/06/2024 23:00,15.73,7.82
25/06/2024 23:00,25/06/2024 23:30,18.69,9.15
25/06/2024 23:30,26/06/2024 00:00,18.90,9.24
26/06/2024 00:00,26/06/2024 00:30,17.22,8.49
26/06/2024 00:30,26/06/2024 01:00,16.79,8.30
26/06/2024 01:00,26/06/2024 01:30,16.43,8.14
26/06/2024 01:30,26/06/2024 02:00,16.75,8.28
26/06/2024 02:00,26/06/2024 02:30,17.18,8.47
26/06/2024 02:30,26/06/2024 03:00,15.96,7.92
26/06/2024 03:00,26/06/2024 03:30,16.80,8.30
26/06/2024 03:30,26/06/2024 04:00,15.96,7.92
26/06/2024 04:00,26/06/2024 04:30,17.35,8.54
26/06/2024 04:30,26/06/2024 05:00,15.79,7.85
26/06/2024 05:00,26/06/2024 05:30,17.81,8.75
26/06/2024 05:30,26/06/2024 06:00,18.48,9.05
26/06/2024 06:00,26/06/2024 06:30,20.37,9.90
26/06/2024 06:30,26/06/2024 07:00,22.87,11.02
26/06/2024 07:00,26/06/2024 07:30,20.16,9.80
26/06/2024 07:30,26/06/2024 08:00,22.51,10.86
26/06/2024 08:00,26/06/2024 08:30,19.95,9.71
26/06/2024 08:30,26/06/2024 09:00,19.32,9.43
26/06/2024 09:00,26/06/2024 09:30,18.48,9.05
26/06/2024 09:30,26/06/2024 10:00,16.91,8.35
26/06/2024 10:00,26/06/2024 10:30,16.19,8.03
26/06/2024 10:30,26/06/2024 11:00,15.54,7.74
26/06/2024 11:00,26/06/2024 11:30,15.12,7.55
26/06/2024 11:30,26/06/2024 12:00,14.36,7.21
26/06/2024 12:00,26/06/2024 12:30,14.76,7.39
26/06/2024 12:30,26/06/2024 13:00,13.76,6.94
26/06/2024 13:00,26/06/2024 13:30,14.28,7.17
26/06/2024 13:30,26/06/2024 14:00,13.90,7.00
26/06/2024 14:00,26/06/2024 14:30,14.44,7.24
26/06/2024 14:30,26/06/2024 15:00,13.96,7.03
26/06/2024 15:00,26/06/2024 15:30,14.18,7.12
26/06/2024 15:30,26/06/2024 16:00,14.62,7.32
26/06/2024 16:00,26/06/2024 16:30,30.45,14.10
26/06/2024 16:30,26/06/2024 17:00,31.63,14.63
26/06/2024 17:00,26/06/2024 17:30,32.87,15.18
26/06/2024 17:30,26/06/2024 18:00,33.08,15.28
26/06/2024 18:00,26/06/2024 18:30,37.27,17.16
26/06/2024 18:30,26/06/2024 19:00,37.17,17.11
26/06/2024 19:00,26/06/2024 19:30,24.02,11.53
26/06/2024 19:30,26/06/2024 20:00,23.10,11.12
26/06/2024 20:00,26/06/2024 20:30,22.68,10.93
26/06/2024 20:30,26/06/2024 21:00,20.92,10.14
26/06/2024 21:00,26/06/2024 21:30,20.53,9.97
26/06/2024 21:30,26/06/2024 22:00,18.96,9.27
26/06/2024 22:00,26/06/2024 22:30,19.15,9.35
26/06/2024 22:30,26/06/2024 23:00,15.28,7.62
26/06/2024 23:00,26/06/2024 23:30,16.76,8.28
26/06/2024 23:30,27/06/2024 00:00,17.92,8.80
27/06/2024 00:00,27/06/2024 00:30,15.96,7.92
27/06/2024 00:30,27/06/2024 01:00,16.55,8.19
27/06/2024 01:00,27/06/2024 01:30,14.74,7.38
27/06/2024 01:30,27/06/2024 02:00,14.49,7.27
27/06/2024 02:00,27/06/2024 02:30,13.42,6.79
27/06/2024 02:30,27/06/2024 03:00,11.78,6.05
27/06/2024 03:00,27/06/2024 03:30,11.87,6.09
27/06/2024 03:30,27/06/2024 04:00,12.26,6.27
27/06/2024 04:00,27/06/2024 04:30,12.81,6.51
27/06/2024 04:30,27/06/2024 05:00,11.55,5.95
27/06/2024 05:00,27/06/2024 05:30,11.42,5.89
27/06/2024 05:30,27/06/2024 06:00,13.48,6.81
27/06/2024 06:00,27/06/2024 06:30,18.08,8.87
27/06/2024 06:30,27/06/2024 07:00,20.50,9.95
27/06/2024 07:00,27/06/2024 07:30,18.06,8.86
27/06/2024 07:30,27/06/2024 08:00,20.16,9.80
27/06/2024 08:00,27/06/2024 08:30,16.65,8.23
27/06/2024 08:30,27/06/2024 09:00,15.33,7.64
27/06/2024 09:00,27/06/2024 09:30,13.23,6.70
27/06/2024 09:30,27/06/2024 10:00,10.50,5.48
27/06/2024 10:00,27/06/2024 10:30,9.45,5.01
27/06/2024 10:30,27/06/2024 11:00,8.40,4.54
27/06/2024 11:00,27/06/2024 11:30,7.17,3.99
27/06/2024 11:30,27/06/2024 12:00,5.88,3.41
27/06/2024 12:00,27/06/2024 12:30,4.20,2.66
27/06/2024 12:30,27/06/2024 13:00,3.15,2.19
27/06/2024 13:00,27/06/2024 13:30,2.52,1.91
27/06/2024 13:30,27/06/2024 14:00,1.68,1.53
27/06/2024 14:00,27/06/2024 14:30,2.52,1.91
27/06/2024 14:30,27/06/2024 15:00,1.68,1.53
27/06/2024 15:00,27/06/2024 15:30,1.61,1.50
27/06/2024 15:30,27/06/2024 16:00,3.46,2.33
27/06/2024 16:00,27/06/2024 16:30,19.53,9.21
27/06/2024 16:30,27/06/2024 17:00,23.10,10.81
27/06/2024 17:00,27/06/2024 17:30,25.12,11.71
27/06/2024 17:30,27/06/2024 18:00,26.98,12.55
27/06/2024 18:00,27/06/2024 18:30,29.24,13.56
27/06/2024 18:30,27/06/2024 19:00,29.59,13.71
27/06/2024 19:00,27/06/2024 19:30,17.47,8.60
27/06/2024 19:30,27/06/2024 20:00,17.22,8.49
27/06/2024 20:00,27/06/2024 20:30,17.64,8.68
27/06/2024 20:30,27/06/2024 21:00,15.96,7.92
27/06/2024 21:00,27/06/2024 21:30,16.84,8.32
27/06/2024 21:30,27/06/2024 22:00,15.75,7.83
27/06/2024 22:00,27/06/2024 22:30,15.22,7.60
27/06/2024 22:30,27/06/2024 23:00,11.76,6.04
27/06/2024 23:00,27/06/2024 23:30,6.41,3.65
27/06/2024 23:30,28/06/2024 00:00,4.16,2.64
28/06/2024 00:00,28/06/2024 00:30,3.49,2.34
28/06/2024 00:30,28/06/2024 01:00,1.95,1.65
28/06/2024 01:00,28/06/2024 01:30,1.16,1.30
28/06/2024 01:30,28/06/2024 02:00,1.47,1.44
28/06/2024 02:00,28/06/2024 02:30,1.85,1.61
28/06/2024 02:30,28/06/2024 03:00,1.01,1.23
28/06/2024 03:00,28/06/2024 03:30,1.24,1.33
28/06/2024 03:30,28/06/2024 04:00,1.07,1.26
28/06/2024 04:00,28/06/2024 04:30,2.56,1.93
28/06/2024 04:30,28/06/2024 05:00,1.72,1.55
28/06/2024 05:00,28/06/2024 05:30,0.67,1.08
28/06/2024 05:30,28/06/2024 06:00,2.06,1.70
28/06/2024 06:00,28/06/2024 06:30,3.78,2.47
28/06/2024 06:30,28/06/2024 07:00,8.27,4.48
28/06/2024 07:00,28/06/2024 07:30,5.25,3.13
28/06/2024 07:30,28/06/2024 08:00,9.45,5.01
28/06/2024 08:00,28/06/2024 08:30,4.45,2.77
28/06/2024 08:30,28/06/2024 09:00,4.54,2.81
28/06/2024 09:00,28/06/2024 09:30,2.10,1.72
28/06/2024 09:30,28/06/2024 10:00,0.90,1.18
28/06/2024 10:00,28/06/2024 10:30,0.21,0.88
28/06/2024 10:30,28/06/2024 11:00,1.05,1.25
28/06/2024 11:00,28/06/2024 11:30,0.00,0.78
28/06/2024 11:30,28/06/2024 12:00,0.13,0.84
28/06/2024 12:00,28/06/2024 12:30,0.21,0.87
28/06/2024 12:30,28/06/2024 13:00,0.42,0.97
28/06/2024 13:00,28/06/2024 13:30,0.04,0.80
28/06/2024 13:30,28/06/2024 14:00,0.00,0.78
28/06/2024 14:00,28/06/2024 14:30,0.44,0.98
28/06/2024 14:30,28/06/2024 15:00,-1.05,0.31
28/06/2024 15:00,28/06/2024 15:30,-2.70,0.00
28/06/2024 15:30,28/06/2024 16:00,0.94,1.20
28/06/2024 16:00,28/06/2024 16:30,14.50,6.96
28/06/2024 16:30,28/06/2024 17:00,19.51,9.20
28/06/2024 17:00,28/06/2024 17:30,21.21,9.96
28/06/2024 17:30,28/06/2024 18:00,24.19,11.30
28/06/2024 18:00,28/06/2024 18:30,28.74,13.33
28/06/2024 18:30,28/06/2024 19:00,30.45,14.10
28/06/2024 19:00,28/06/2024 19:30,17.30,8.53
28/06/2024 19:30,28/06/2024 20:00,18.11,8.89
28/06/2024 20:00,28/06/2024 20:30,19.51,9.51
28/06/2024 20:30,28/06/2024 21:00,19.82,9.65
28/06/2024 21:00,28/06/2024 21:30,20.37,9.90
28/06/2024 21:30,28/06/2024 22:00,20.37,9.90
28/06/2024 22:00,28/06/2024 22:30,20.37,9.90
28/06/2024 22:30,28/06/2024 23:00,18.90,9.24
28/06/2024 23:00,28/06/2024 23:30,18.90,9.24
28/06/2024 23:30,29/06/2024 00:00,19.64,9.57
29/06/2024 00:00,29/06/2024 00:30,19.15,9.35
29/06/2024 00:30,29/06/2024 01:00,19.95,9.71
29/06/2024 01:00,29/06/2024 01:30,19.32,9.43
29/06/2024 01:30,29/06/2024 02:00,19.59,9.55
29/06/2024 02:00,29/06/2024 02:30,17.60,8.66
29/06/2024 02:30,29/06/2024 03:00,16.38,8.11
29/06/2024 03:00,29/06/2024 03:30,17.43,8.58
29/06/2024 03:30,29/06/2024 04:00,16.80,8.30
29/06/2024 04:00,29/06/2024 04:30,17.26,8.51
29/06/2024 04:30,29/06/2024 05:00,15.33,7.64
29/06/2024 05:00,29/06/2024 05:30,17.14,8.45
29/06/2024 05:30,29/06/2024 06:00,17.43,8.58
29/06/2024 06:00,29/06/2024 06:30,14.16,7.12
29/06/2024 06:30,29/06/2024 07:00,17.64,8.68
29/06/2024 07:00,29/06/2024 07:30,14.45,7.25
29/06/2024 07:30,29/06/2024 08:00,15.75,7.83
29/06/2024 08:00,29/06/2024 08:30,17.43,8.58
29/06/2024 08:30,29/06/2024 09:00,18.27,8.96
29/06/2024 09:00,29/06/2024 09:30,18.80,9.19
29/06/2024 09:30,29/06/2024 10:00,18.90,9.24
29/06/2024 10:00,29/06/2024 10:30,18.48,9.05
29/06/2024 10:30,29/06/2024 11:00,16.91,8.35
29/06/2024 11:00,29/06/2024 11:30,16.38,8.11
29/06/2024 11:30,29/06/2024 12:00,15.96,7.92
29/06/2024 12:00,29/06/2024 12:30,14.70,7.36
29/06/2024 12:30,29/06/2024 13:00,14.05,7.07
29/06/2024 13:00,29/06/2024 13:30,13.44,6.80
29/06/2024 13:30,29/06/2024 14:00,11.55,5.95
29/06/2024 14:00,29/06/2024 14:30,11.34,5.86
29/06/2024 14:30,29/06/2024 15:00,11.34,5.86
29/06/2024 15:00,29/06/2024 15:30,13.00,6.60
29/06/2024 15:30,29/06/2024 16:00,12.49,6.37
29/06/2024 16:00,29/06/2024 16:30,29.61,13.72
29/06/2024 16:30,29/06/2024 17:00,29.40,13.63
29/06/2024 17:00,29/06/2024 17:30,31.08,14.38
29/06/2024 17:30,29/06/2024 18:00,31.84,14.72
29/06/2024 18:00,29/06/2024 18:30,35.20,16.22
29/06/2024 18:30,29/06/2024 19:00,35.53,16.37
29/06/2024 19:00,29/06/2024 19:30,21.63,10.46
29/06/2024 19:30,29/06/2024 20:00,21.22,10.28
29/06/2024 20:00,29/06/2024 20:30,19.74,9.62
29/06/2024 20:30,29/06/2024 21:00,20.08,9.77
29/06/2024 21:00,29/06/2024 21:30,19.26,9.40
29/06/2024 21:30,29/06/2024 22:00,18.27,8.96
29/06/2024 22:00,29/06/2024 22:30,17.59,8.65
29/06/2024 22:30,29/06/2024 23:00,15.96,7.92
29/06/2024 23:00,29/06/2024 23:30,16.59,8.21
29/06/2024 23:30,30/06/2024 00:00,16.65,8.23
30/06/2024 00:00,30/06/2024 00:30,16.15,8.01
30/06/2024 00:30,30/06/2024 01:00,16.38,8.11
30/06/2024 01:00,30/06/2024 01:30,16.36,8.10
30/06/2024 01:30,30/06/2024 02:00,16.17,8.02
30/06/2024 02:00,30/06/2024 02:30,15.54,7.74
30/06/2024 02:30,30/06/2024 03:00,14.47,7.26
30/06/2024 03:00,30/06/2024 03:30,13.65,6.89
30/06/2024 03:30,30/06/2024 04:00,13.02,6.61
30/06/2024 04:00,30/06/2024 04:30,12.73,6.48
30/06/2024 04:30,30/06/2024 05:00,11.05,5.72
30/06/2024 05:00,30/06/2024 05:30,9.64,5.09
30/06/2024 05:30,30/06/2024 06:00,9.24,4.92
30/06/2024 06:00,30/06/2024 06:30,8.48,4.58
30/06/2024 06:30,30/06/2024 07:00,9.10,4.85
30/06/2024 07:00,30/06/2024 07:30,8.17,4.44
30/06/2024 07:30,30/06/2024 08:00,9.10,4.85
30/06/2024 08:00,30/06/2024 08:30,10.92,5.67
30/06/2024 08:30,30/06/2024 09:00,12.18,6.23
30/06/2024 09:00,30/06/2024 09:30,14.86,7.43
30/06/2024 09:30,30/06/2024 10:00,15.75,7.83
30/06/2024 10:00,30/06/2024 10:30,16.38,8.11
30/06/2024 10:30,30/06/2024 11:00,16.55,8.19
30/06/2024 11:00,30/06/2024 11:30,16.38,8.11
30/06/2024 11:30,30/06/2024 12:00,16.38,8.11
30/06/2024 12:00,30/06/2024 12:30,17.20,8.48
30/06/2024 12:30,30/06/2024 13:00,16.38,8.11
30/06/2024 13:00,30/06/2024 13:30,16.80,8.30
30/06/2024 13:30,30/06/2024 14:00,16.38,8.11
30/06/2024 14:00,30/06/2024 14:30,16.59,8.21
30/06/2024 14:30,30/06/2024 15:00,16.38,8.11
30/06/2024 15:00,30/06/2024 15:30,15.98,7.93
30/06/2024 15:30,30/06/2024 16:00,16.38,8.11
30/06/2024 16:00,30/06/2024 16:30,30.53,14.14
30/06/2024 16:30,30/06/2024 17:00,30.81,14.26
30/06/2024 17:00,30/06/2024 17:30,32.23,14.90
30/06/2024 17:30,30/06/2024 18:00,32.19,14.88
30/06/2024 18:00,30/06/2024 18:30,31.92,14.76
30/06/2024 18:30,30/06/2024 19:00,32.66,15.09
30/06/2024 19:00,30/06/2024 19:30,19.74,9.62
30/06/2024 19:30,30/06/2024 20:00,19.05,9.31
30/06/2024 20:00,30/06/2024 20:30,19.72,9.61
30/06/2024 20:30,30/06/2024 21:00,18.48,9.05
30/06/2024 21:00,30/06/2024 21:30,20.18,9.81
30/06/2024 21:30,30/06/2024 22:00,19.74,9.62
30/06/2024 22:00,30/06/2024 22:30,19.53,9.52
30/06/2024 22:30,30/06/2024 23:00,17.43,8.58
30/06/2024 23:00,30/06/2024 23:30,16.59,8.21
30/06/2024 23:30,01/07/2024 00:00,17.22,8.49
01/07/2024 00:00,01/07/2024 00:30,17.28,8.52
01/07/2024 00:30,01/07/2024 01:00,16.25,8.06
01/07/2024 01:00,01/07/2024 01:30,14.86,7.43
01/07/2024 01:30,01/07/2024 02:00,14.52,7.28
01/07/2024 02:00,01/07/2024 02:30,14.29,7.18
01/07/2024 02:30,01/07/2024 03:00,13.86,6.98
01/07/2024 03:00,01/07/2024 03:30,14.64,7.33
01/07/2024 03:30,01/07/2024 04:00,14.18,7.12
01/07/2024 04:00,01/07/2024 04:30,14.11,7.10
01/07/2024 04:30,01/07/2024 05:00,13.65,6.89
01/07/2024 05:00,01/07/2024 05:30,15.75,7.83
01/07/2024 05:30,01/07/2024 06:00,16.91,8.35
01/07/2024 06:00,01/07/2024 06:30,16.80,8.30
01/07/2024 06:30,01/07/2024 07:00,18.69,9.14
01/07/2024 07:00,01/07/2024 07:30,18.90,9.24
01/07/2024 07:30,01/07/2024 08:00,20.39,9.91
01/07/2024 08:00,01/07/2024 08:30,19.07,9.32
01/07/2024 08:30,01/07/2024 09:00,19.03,9.30
01/07/2024 09:00,01/07/2024 09:30,18.98,9.28
01/07/2024 09:30,01/07/2024 10:00,18.77,9.18
01/07/2024 10:00,01/07/2024 10:30,18.27,8.96
01/07/2024 10:30,01/07/2024 11:00,16.97,8.38
01/07/2024 11:00,01/07/2024 11:30,18.31,8.98
01/07/2024 11:30,01/07/2024 12:00,18.00,8.84
01/07/2024 12:00,01/07/2024 12:30,18.09,8.88
01/07/2024 12:30,01/07/2024 13:00,17.22,8.49
01/07/2024 13:00,01/07/2024 13:30,15.54,7.74
01/07/2024 13:30,01/07/2024 14:00,15.33,7.64
01/07/2024 14:00,01/07/2024 14:30,15.04,7.51
01/07/2024 14:30,01/07/2024 15:00,14.70,7.36
01/07/2024 15:00,01/07/2024 15:30,13.50,6.82
01/07/2024 15:30,01/07/2024 16:00,14.07,7.08
01/07/2024 16:00,01/07/2024 16:30,28.92,13.41
01/07/2024 16:30,01/07/2024 17:00,30.28,14.02
01/07/2024 17:00,01/07/2024 17:30,30.06,13.93
01/07/2024 17:30,01/07/2024 18:00,31.02,14.35
01/07/2024 18:00,01/07/2024 18:30,33.23,15.35
01/07/2024 18:30,01/07/2024 19:00,33.15,15.31
01/07/2024 19:00,01/07/2024 19:30,19.53,9.52
01/07/2024 19:30,01/07/2024 20:00,18.92,9.25
01/07/2024 20:00,01/07/2024 20:30,19.53,9.52
01/07/2024 20:30,01/07/2024 21:00,18.14,8.90
01/07/2024 21:00,01/07/2024 21:30,18.15,8.90
01/07/2024 21:30,01/07/2024 22:00,17.26,8.51
01/07/2024 22:00,01/07/2024 22:30,17.85,8.77
01/07/2024 22:30,01/07/2024 23:00,15.39,7.67
