PeriodFrom,PeriodTo,CarbonIntensity
2024-06-01T23:30Z,2024-06-02T00:00Z,159
2024-06-02T00:00Z,2024-06-02T00:30Z,163
2024-06-02T00:30Z,2024-06-02T01:00Z,160
2024-06-02T01:00Z,2024-06-02T01:30Z,151
2024-06-02T01:30Z,2024-06-02T02:00Z,129
2024-06-02T02:00Z,2024-06-02T02:30Z,114
2024-06-02T02:30Z,2024-06-02T03:00Z,120
2024-06-02T03:00Z,2024-06-02T03:30Z,117
2024-06-02T03:30Z,2024-06-02T04:00Z,127
2024-06-02T04:00Z,2024-06-02T04:30Z,140
2024-06-02T04:30Z,2024-06-02T05:00Z,144
2024-06-02T05:00Z,2024-06-02T05:30Z,149
2024-06-02T05:30Z,2024-06-02T06:00Z,135
2024-06-02T06:00Z,2024-06-02T06:30Z,133
2024-06-02T06:30Z,2024-06-02T07:00Z,133
2024-06-02T07:00Z,2024-06-02T07:30Z,131
2024-06-02T07:30Z,2024-06-02T08:00Z,122
2024-06-02T08:00Z,2024-06-02T08:30Z,112
2024-06-02T08:30Z,2024-06-02T09:00Z,98
2024-06-02T09:00Z,2024-06-02T09:30Z,93
2024-06-02T09:30Z,2024-06-02T10:00Z,92
2024-06-02T10:00Z,2024-06-02T10:30Z,75
2024-06-02T10:30Z,2024-06-02T11:00Z,64
2024-06-02T11:00Z,2024-06-02T11:30Z,63
2024-06-02T11:30Z,2024-06-02T12:00Z,69
2024-06-02T12:00Z,2024-06-02T12:30Z,104
2024-06-02T12:30Z,2024-06-02T13:00Z,102
2024-06-02T13:00Z,2024-06-02T13:30Z,103
2024-06-02T13:30Z,2024-06-02T14:00Z,112
2024-06-02T14:00Z,2024-06-02T14:30Z,118
2024-06-02T14:30Z,2024-06-02T15:00Z,144
2024-06-02T15:00Z,2024-06-02T15:30Z,160
2024-06-02T15:30Z,2024-06-02T16:00Z,182
2024-06-02T16:00Z,2024-06-02T16:30Z,213
2024-06-02T16:30Z,2024-06-02T17:00Z,234
2024-06-02T17:00Z,2024-06-02T17:30Z,245
2024-06-02T17:30Z,2024-06-02T18:00Z,248
2024-06-02T18:00Z,2024-06-02T18:30Z,250
2024-06-02T18:30Z,2024-06-02T19:00Z,252
2024-06-02T19:00Z,2024-06-02T19:30Z,255
2024-06-02T19:30Z,2024-06-02T20:00Z,260
2024-06-02T20:00Z,2024-06-02T20:30Z,260
2024-06-02T20:30Z,2024-06-02T21:00Z,258
2024-06-02T21:00Z,2024-06-02T21:30Z,251
2024-06-02T21:30Z,2024-06-02T22:00Z,235
2024-06-02T22:00Z,2024-06-02T22:30Z,215
2024-06-02T22:30Z,2024-06-02T23:00Z,200
2024-06-02T23:00Z,2024-06-02T23:30Z,194
2024-06-02T23:30Z,2024-06-03T00:00Z,199
2024-06-03T00:00Z,2024-06-03T00:30Z,187
2024-06-03T00:30Z,2024-06-03T01:00Z,178
2024-06-03T01:00Z,2024-06-03T01:30Z,166
2024-06-03T01:30Z,2024-06-03T02:00Z,161
2024-06-03T02:00Z,2024-06-03T02:30Z,183
2024-06-03T02:30Z,2024-06-03T03:00Z,170
2024-06-03T03:00Z,2024-06-03T03:30Z,177
2024-06-03T03:30Z,2024-06-03T04:00Z,185
2024-06-03T04:00Z,2024-06-03T04:30Z,192
2024-06-03T04:30Z,2024-06-03T05:00Z,204
2024-06-03T05:00Z,2024-06-03T05:30Z,220
2024-06-03T05:30Z,2024-06-03T06:00Z,215
2024-06-03T06:00Z,2024-06-03T06:30Z,210
2024-06-03T06:30Z,2024-06-03T07:00Z,207
2024-06-03T07:00Z,2024-06-03T07:30Z,194
2024-06-03T07:30Z,2024-06-03T08:00Z,182
2024-06-03T08:00Z,2024-06-03T08:30Z,189
2024-06-03T08:30Z,2024-06-03T09:00Z,187
2024-06-03T09:00Z,2024-06-03T09:30Z,174
2024-06-03T09:30Z,2024-06-03T10:00Z,177
2024-06-03T10:00Z,2024-06-03T10:30Z,187
2024-06-03T10:30Z,2024-06-03T11:00Z,193
2024-06-03T11:00Z,2024-06-03T11:30Z,186
2024-06-03T11:30Z,2024-06-03T12:00Z,196
2024-06-03T12:00Z,2024-06-03T12:30Z,200
2024-06-03T12:30Z,2024-06-03T13:00Z,199
2024-06-03T13:00Z,2024-06-03T13:30Z,204
2024-06-03T13:30Z,2024-06-03T14:00Z,204
2024-06-03T14:00Z,2024-06-03T14:30Z,221
2024-06-03T14:30Z,2024-06-03T15:00Z,241
2024-06-03T15:00Z,2024-06-03T15:30Z,256
2024-06-03T15:30Z,2024-06-03T16:00Z,267
2024-06-03T16:00Z,2024-06-03T16:30Z,285
2024-06-03T16:30Z,2024-06-03T17:00Z,282
2024-06-03T17:00Z,2024-06-03T17:30Z,292
2024-06-03T17:30Z,2024-06-03T18:00Z,299
2024-06-03T18:00Z,2024-06-03T18:30Z,309
2024-06-03T18:30Z,2024-06-03T19:00Z,308
2024-06-03T19:00Z,2024-06-03T19:30Z,289
2024-06-03T19:30Z,2024-06-03T20:00Z,293
2024-06-03T20:00Z,2024-06-03T20:30Z,295
2024-06-03T20:30Z,2024-06-03T21:00Z,289
2024-06-03T21:00Z,2024-06-03T21:30Z,277
2024-06-03T21:30Z,2024-06-03T22:00Z,248
2024-06-03T22:00Z,2024-06-03T22:30Z,225
2024-06-03T22:30Z,2024-06-03T23:00Z,219
2024-06-03T23:00Z,2024-06-03T23:30Z,210
2024-06-03T23:30Z,2024-06-04T00:00Z,188
2024-06-04T00:00Z,2024-06-04T00:30Z,174
2024-06-04T00:30Z,2024-06-04T01:00Z,176
2024-06-04T01:00Z,2024-06-04T01:30Z,169
2024-06-04T01:30Z,2024-06-04T02:00Z,165
2024-06-04T02:00Z,2024-06-04T02:30Z,169
2024-06-04T02:30Z,2024-06-04T03:00Z,179
2024-06-04T03:00Z,2024-06-04T03:30Z,177
2024-06-04T03:30Z,2024-06-04T04:00Z,179
2024-06-04T04:00Z,2024-06-04T04:30Z,183
2024-06-04T04:30Z,2024-06-04T05:00Z,167
2024-06-04T05:00Z,2024-06-04T05:30Z,169
2024-06-04T05:30Z,2024-06-04T06:00Z,176
2024-06-04T06:00Z,2024-06-04T06:30Z,171
2024-06-04T06:30Z,2024-06-04T07:00Z,171
2024-06-04T07:00Z,2024-06-04T07:30Z,160
2024-06-04T07:30Z,2024-06-04T08:00Z,137
2024-06-04T08:00Z,2024-06-04T08:30Z,122
2024-06-04T08:30Z,2024-06-04T09:00Z,125
2024-06-04T09:00Z,2024-06-04T09:30Z,123
2024-06-04T09:30Z,2024-06-04T10:00Z,103
2024-06-04T10:00Z,2024-06-04T10:30Z,97
2024-06-04T10:30Z,2024-06-04T11:00Z,95
2024-06-04T11:00Z,2024-06-04T11:30Z,89
2024-06-04T11:30Z,2024-06-04T12:00Z,80
2024-06-04T12:00Z,2024-06-04T12:30Z,28
2024-06-04T12:30Z,2024-06-04T13:00Z,60
2024-06-04T13:00Z,2024-06-04T13:30Z,68
2024-06-04T13:30Z,2024-06-04T14:00Z,71
2024-06-04T14:00Z,2024-06-04T14:30Z,76
2024-06-04T14:30Z,2024-06-04T15:00Z,78
2024-06-04T15:00Z,2024-06-04T15:30Z,85
2024-06-04T15:30Z,2024-06-04T16:00Z,88
2024-06-04T16:00Z,2024-06-04T16:30Z,100
2024-06-04T16:30Z,2024-06-04T17:00Z,111
2024-06-04T17:00Z,2024-06-04T17:30Z,118
2024-06-04T17:30Z,2024-06-04T18:00Z,113
2024-06-04T18:00Z,2024-06-04T18:30Z,125
2024-06-04T18:30Z,2024-06-04T19:00Z,124
2024-06-04T19:00Z,2024-06-04T19:30Z,122
2024-06-04T19:30Z,2024-06-04T20:00Z,124
2024-06-04T20:00Z,2024-06-04T20:30Z,126
2024-06-04T20:30Z,2024-06-04T21:00Z,121
2024-06-04T21:00Z,2024-06-04T21:30Z,85
2024-06-04T21:30Z,2024-06-04T22:00Z,75
2024-06-04T22:00Z,2024-06-04T22:30Z,74
2024-06-04T22:30Z,2024-06-04T23:00Z,89
2024-06-04T23:00Z,2024-06-04T23:30Z,119
2024-06-04T23:30Z,2024-06-05T00:00Z,112
2024-06-05T00:00Z,2024-06-05T00:30Z,101
2024-06-05T00:30Z,2024-06-05T01:00Z,96
2024-06-05T01:00Z,2024-06-05T01:30Z,99
2024-06-05T01:30Z,2024-06-05T02:00Z,104
2024-06-05T02:00Z,2024-06-05T02:30Z,108
2024-06-05T02:30Z,2024-06-05T03:00Z,109
2024-06-05T03:00Z,2024-06-05T03:30Z,115
2024-06-05T03:30Z,2024-06-05T04:00Z,116
2024-06-05T04:00Z,2024-06-05T04:30Z,121
2024-06-05T04:30Z,2024-06-05T05:00Z,114
2024-06-05T05:00Z,2024-06-05T05:30Z,116
2024-06-05T05:30Z,2024-06-05T06:00Z,111
2024-06-05T06:00Z,2024-06-05T06:30Z,105
2024-06-05T06:30Z,2024-06-05T07:00Z,95
2024-06-05T07:00Z,2024-06-05T07:30Z,86
2024-06-05T07:30Z,2024-06-05T08:00Z,90
2024-06-05T08:00Z,2024-06-05T08:30Z,82
2024-06-05T08:30Z,2024-06-05T09:00Z,64
2024-06-05T09:00Z,2024-06-05T09:30Z,54
2024-06-05T09:30Z,2024-06-05T10:00Z,57
2024-06-05T10:00Z,2024-06-05T10:30Z,57
2024-06-05T10:30Z,2024-06-05T11:00Z,56
2024-06-05T11:00Z,2024-06-05T11:30Z,49
2024-06-05T11:30Z,2024-06-05T12:00Z,54
2024-06-05T12:00Z,2024-06-05T12:30Z,48
2024-06-05T12:30Z,2024-06-05T13:00Z,52
2024-06-05T13:00Z,2024-06-05T13:30Z,53
2024-06-05T13:30Z,2024-06-05T14:00Z,60
2024-06-05T14:00Z,2024-06-05T14:30Z,74
2024-06-05T14:30Z,2024-06-05T15:00Z,71
2024-06-05T15:00Z,2024-06-05T15:30Z,75
2024-06-05T15:30Z,2024-06-05T16:00Z,86
2024-06-05T16:00Z,2024-06-05T16:30Z,100
2024-06-05T16:30Z,2024-06-05T17:00Z,137
2024-06-05T17:00Z,2024-06-05T17:30Z,157
2024-06-05T17:30Z,2024-06-05T18:00Z,174
2024-06-05T18:00Z,2024-06-05T18:30Z,187
2024-06-05T18:30Z,2024-06-05T19:00Z,199
2024-06-05T19:00Z,2024-06-05T19:30Z,206
2024-06-05T19:30Z,2024-06-05T20:00Z,204
2024-06-05T20:00Z,2024-06-05T20:30Z,201
2024-06-05T20:30Z,2024-06-05T21:00Z,196
2024-06-05T21:00Z,2024-06-05T21:30Z,182
2024-06-05T21:30Z,2024-06-05T22:00Z,157
2024-06-05T22:00Z,2024-06-05T22:30Z,140
2024-06-05T22:30Z,2024-06-05T23:00Z,138
2024-06-05T23:00Z,2024-06-05T23:30Z,133
2024-06-05T23:30Z,2024-06-06T00:00Z,111
2024-06-06T00:00Z,2024-06-06T00:30Z,117
2024-06-06T00:30Z,2024-06-06T01:00Z,117
2024-06-06T01:00Z,2024-06-06T01:30Z,121
2024-06-06T01:30Z,2024-06-06T02:00Z,124
2024-06-06T02:00Z,2024-06-06T02:30Z,132
2024-06-06T02:30Z,2024-06-06T03:00Z,130
2024-06-06T03:00Z,2024-06-06T03:30Z,131
2024-06-06T03:30Z,2024-06-06T04:00Z,141
2024-06-06T04:00Z,2024-06-06T04:30Z,158
2024-06-06T04:30Z,2024-06-06T05:00Z,177
2024-06-06T05:00Z,2024-06-06T05:30Z,198
2024-06-06T05:30Z,2024-06-06T06:00Z,209
2024-06-06T06:00Z,2024-06-06T06:30Z,199
2024-06-06T06:30Z,2024-06-06T07:00Z,207
2024-06-06T07:00Z,2024-06-06T07:30Z,196
2024-06-06T07:30Z,2024-06-06T08:00Z,170
2024-06-06T08:00Z,2024-06-06T08:30Z,156
2024-06-06T08:30Z,2024-06-06T09:00Z,136
2024-06-06T09:00Z,2024-06-06T09:30Z,122
2024-06-06T09:30Z,2024-06-06T10:00Z,113
2024-06-06T10:00Z,2024-06-06T10:30Z,109
2024-06-06T10:30Z,2024-06-06T11:00Z,102
2024-06-06T11:00Z,2024-06-06T11:30Z,107
2024-06-06T11:30Z,2024-06-06T12:00Z,98
2024-06-06T12:00Z,2024-06-06T12:30Z,96
2024-06-06T12:30Z,2024-06-06T13:00Z,91
2024-06-06T13:00Z,2024-06-06T13:30Z,94
2024-06-06T13:30Z,2024-06-06T14:00Z,97
2024-06-06T14:00Z,2024-06-06T14:30Z,112
2024-06-06T14:30Z,2024-06-06T15:00Z,119
2024-06-06T15:00Z,2024-06-06T15:30Z,130
2024-06-06T15:30Z,2024-06-06T16:00Z,202
2024-06-06T16:00Z,2024-06-06T16:30Z,220
2024-06-06T16:30Z,2024-06-06T17:00Z,247
2024-06-06T17:00Z,2024-06-06T17:30Z,260
2024-06-06T17:30Z,2024-06-06T18:00Z,273
2024-06-06T18:00Z,2024-06-06T18:30Z,275
2024-06-06T18:30Z,2024-06-06T19:00Z,262
2024-06-06T19:00Z,2024-06-06T19:30Z,263
2024-06-06T19:30Z,2024-06-06T20:00Z,246
2024-06-06T20:00Z,2024-06-06T20:30Z,231
2024-06-06T20:30Z,2024-06-06T21:00Z,234
2024-06-06T21:00Z,2024-06-06T21:30Z,234
2024-06-06T21:30Z,2024-06-06T22:00Z,206
2024-06-06T22:00Z,2024-06-06T22:30Z,179
2024-06-06T22:30Z,2024-06-06T23:00Z,173
2024-06-06T23:00Z,2024-06-06T23:30Z,170
2024-06-06T23:30Z,2024-06-07T00:00Z,187
2024-06-07T00:00Z,2024-06-07T00:30Z,186
2024-06-07T00:30Z,2024-06-07T01:00Z,185
2024-06-07T01:00Z,2024-06-07T01:30Z,181
2024-06-07T01:30Z,2024-06-07T02:00Z,178
2024-06-07T02:00Z,2024-06-07T02:30Z,182
2024-06-07T02:30Z,2024-06-07T03:00Z,183
2024-06-07T03:00Z,2024-06-07T03:30Z,178
2024-06-07T03:30Z,2024-06-07T04:00Z,184
2024-06-07T04:00Z,2024-06-07T04:30Z,182
2024-06-07T04:30Z,2024-06-07T05:00Z,182
2024-06-07T05:00Z,2024-06-07T05:30Z,177
2024-06-07T05:30Z,2024-06-07T06:00Z,175
2024-06-07T06:00Z,2024-06-07T06:30Z,157
2024-06-07T06:30Z,2024-06-07T07:00Z,123
2024-06-07T07:00Z,2024-06-07T07:30Z,104
2024-06-07T07:30Z,2024-06-07T08:00Z,87
2024-06-07T08:00Z,2024-06-07T08:30Z,67
2024-06-07T08:30Z,2024-06-07T09:00Z,56
2024-06-07T09:00Z,2024-06-07T09:30Z,50
2024-06-07T09:30Z,2024-06-07T10:00Z,56
2024-06-07T10:00Z,2024-06-07T10:30Z,66
2024-06-07T10:30Z,2024-06-07T11:00Z,62
2024-06-07T11:00Z,2024-06-07T11:30Z,62
2024-06-07T11:30Z,2024-06-07T12:00Z,65
2024-06-07T12:00Z,2024-06-07T12:30Z,66
2024-06-07T12:30Z,2024-06-07T13:00Z,73
2024-06-07T13:00Z,2024-06-07T13:30Z,71
2024-06-07T13:30Z,2024-06-07T14:00Z,74
2024-06-07T14:00Z,2024-06-07T14:30Z,76
2024-06-07T14:30Z,2024-06-07T15:00Z,86
2024-06-07T15:00Z,2024-06-07T15:30Z,114
2024-06-07T15:30Z,2024-06-07T16:00Z,134
2024-06-07T16:00Z,2024-06-07T16:30Z,161
2024-06-07T16:30Z,2024-06-07T17:00Z,187
2024-06-07T17:00Z,2024-06-07T17:30Z,207
2024-06-07T17:30Z,2024-06-07T18:00Z,228
2024-06-07T18:00Z,2024-06-07T18:30Z,236
2024-06-07T18:30Z,2024-06-07T19:00Z,238
2024-06-07T19:00Z,2024-06-07T19:30Z,240
2024-06-07T19:30Z,2024-06-07T20:00Z,247
2024-06-07T20:00Z,2024-06-07T20:30Z,249
2024-06-07T20:30Z,2024-06-07T21:00Z,241
2024-06-07T21:00Z,2024-06-07T21:30Z,226
2024-06-07T21:30Z,2024-06-07T22:00Z,189
2024-06-07T22:00Z,2024-06-07T22:30Z,153
2024-06-07T22:30Z,2024-06-07T23:00Z,156
2024-06-07T23:00Z,2024-06-07T23:30Z,170
2024-06-07T23:30Z,2024-06-08T00:00Z,169
2024-06-08T00:00Z,2024-06-08T00:30Z,168
2024-06-08T00:30Z,2024-06-08T01:00Z,167
2024-06-08T01:00Z,2024-06-08T01:30Z,159
2024-06-08T01:30Z,2024-06-08T02:00Z,165
2024-06-08T02:00Z,2024-06-08T02:30Z,174
2024-06-08T02:30Z,2024-06-08T03:00Z,163
2024-06-08T03:00Z,2024-06-08T03:30Z,166
2024-06-08T03:30Z,2024-06-08T04:00Z,72
2024-06-08T04:00Z,2024-06-08T04:30Z,30
2024-06-08T04:30Z,2024-06-08T05:00Z,137
2024-06-08T05:00Z,2024-06-08T05:30Z,141
2024-06-08T05:30Z,2024-06-08T06:00Z,148
2024-06-08T06:00Z,2024-06-08T06:30Z,137
2024-06-08T06:30Z,2024-06-08T07:00Z,125
2024-06-08T07:00Z,2024-06-08T07:30Z,134
2024-06-08T07:30Z,2024-06-08T08:00Z,136
2024-06-08T08:00Z,2024-06-08T08:30Z,134
2024-06-08T08:30Z,2024-06-08T09:00Z,128
2024-06-08T09:00Z,2024-06-08T09:30Z,123
2024-06-08T09:30Z,2024-06-08T10:00Z,121
2024-06-08T10:00Z,2024-06-08T10:30Z,119
2024-06-08T10:30Z,2024-06-08T11:00Z,111
2024-06-08T11:00Z,2024-06-08T11:30Z,102
2024-06-08T11:30Z,2024-06-08T12:00Z,89
2024-06-08T12:00Z,2024-06-08T12:30Z,83
2024-06-08T12:30Z,2024-06-08T13:00Z,83
2024-06-08T13:00Z,2024-06-08T13:30Z,85
2024-06-08T13:30Z,2024-06-08T14:00Z,93
2024-06-08T14:00Z,2024-06-08T14:30Z,93
2024-06-08T14:30Z,2024-06-08T15:00Z,94
2024-06-08T15:00Z,2024-06-08T15:30Z,108
2024-06-08T15:30Z,2024-06-08T16:00Z,118
2024-06-08T16:00Z,2024-06-08T16:30Z,147
2024-06-08T16:30Z,2024-06-08T17:00Z,155
2024-06-08T17:00Z,2024-06-08T17:30Z,158
2024-06-08T17:30Z,2024-06-08T18:00Z,170
2024-06-08T18:00Z,2024-06-08T18:30Z,175
2024-06-08T18:30Z,2024-06-08T19:00Z,174
2024-06-08T19:00Z,2024-06-08T19:30Z,167
2024-06-08T19:30Z,2024-06-08T20:00Z,140
2024-06-08T20:00Z,2024-06-08T20:30Z,121
2024-06-08T20:30Z,2024-06-08T21:00Z,120
2024-06-08T21:00Z,2024-06-08T21:30Z,112
2024-06-08T21:30Z,2024-06-08T22:00Z,110
2024-06-08T22:00Z,2024-06-08T22:30Z,99
2024-06-08T22:30Z,2024-06-08T23:00Z,97
2024-06-08T23:00Z,2024-06-08T23:30Z,88
2024-06-08T23:30Z,2024-06-09T00:00Z,87
2024-06-09T00:00Z,2024-06-09T00:30Z,93
2024-06-09T00:30Z,2024-06-09T01:00Z,102
2024-06-09T01:00Z,2024-06-09T01:30Z,111
2024-06-09T01:30Z,2024-06-09T02:00Z,113
2024-06-09T02:00Z,2024-06-09T02:30Z,108
2024-06-09T02:30Z,2024-06-09T03:00Z,110
2024-06-09T03:00Z,2024-06-09T03:30Z,109
2024-06-09T03:30Z,2024-06-09T04:00Z,112
2024-06-09T04:00Z,2024-06-09T04:30Z,109
2024-06-09T04:30Z,2024-06-09T05:00Z,115
2024-06-09T05:00Z,2024-06-09T05:30Z,119
2024-06-09T05:30Z,2024-06-09T06:00Z,118
2024-06-09T06:00Z,2024-06-09T06:30Z,114
2024-06-09T06:30Z,2024-06-09T07:00Z,99
2024-06-09T07:00Z,2024-06-09T07:30Z,111
2024-06-09T07:30Z,2024-06-09T08:00Z,97
2024-06-09T08:00Z,2024-06-09T08:30Z,90
2024-06-09T08:30Z,2024-06-09T09:00Z,85
2024-06-09T09:00Z,2024-06-09T09:30Z,88
2024-06-09T09:30Z,2024-06-09T10:00Z,95
2024-06-09T10:00Z,2024-06-09T10:30Z,105
2024-06-09T10:30Z,2024-06-09T11:00Z,126
2024-06-09T11:00Z,2024-06-09T11:30Z,129
2024-06-09T11:30Z,2024-06-09T12:00Z,101
2024-06-09T12:00Z,2024-06-09T12:30Z,108
2024-06-09T12:30Z,2024-06-09T13:00Z,117
2024-06-09T13:00Z,2024-06-09T13:30Z,122
2024-06-09T13:30Z,2024-06-09T14:00Z,132
2024-06-09T14:00Z,2024-06-09T14:30Z,154
2024-06-09T14:30Z,2024-06-09T15:00Z,175
2024-06-09T15:00Z,2024-06-09T15:30Z,212
2024-06-09T15:30Z,2024-06-09T16:00Z,235
2024-06-09T16:00Z,2024-06-09T16:30Z,262
2024-06-09T16:30Z,2024-06-09T17:00Z,269
2024-06-09T17:00Z,2024-06-09T17:30Z,270
2024-06-09T17:30Z,2024-06-09T18:00Z,281
2024-06-09T18:00Z,2024-06-09T18:30Z,288
2024-06-09T18:30Z,2024-06-09T19:00Z,288
2024-06-09T19:00Z,2024-06-09T19:30Z,295
2024-06-09T19:30Z,2024-06-09T20:00Z,288
2024-06-09T20:00Z,2024-06-09T20:30Z,273
2024-06-09T20:30Z,2024-06-09T21:00Z,237
2024-06-09T21:00Z,2024-06-09T21:30Z,223
2024-06-09T21:30Z,2024-06-09T22:00Z,200
2024-06-09T22:00Z,2024-06-09T22:30Z,188
2024-06-09T22:30Z,2024-06-09T23:00Z,186
2024-06-09T23:00Z,2024-06-09T23:30Z,179
2024-06-09T23:30Z,2024-06-10T00:00Z,175
2024-06-10T00:00Z,2024-06-10T00:30Z,179
2024-06-10T00:30Z,2024-06-10T01:00Z,175
2024-06-10T01:00Z,2024-06-10T01:30Z,175
2024-06-10T01:30Z,2024-06-10T02:00Z,175
2024-06-10T02:00Z,2024-06-10T02:30Z,168
2024-06-10T02:30Z,2024-06-10T03:00Z,163
2024-06-10T03:00Z,2024-06-10T03:30Z,163
2024-06-10T03:30Z,2024-06-10T04:00Z,156
2024-06-10T04:00Z,2024-06-10T04:30Z,155
2024-06-10T04:30Z,2024-06-10T05:00Z,153
2024-06-10T05:00Z,2024-06-10T05:30Z,144
2024-06-10T05:30Z,2024-06-10T06:00Z,129
2024-06-10T06:00Z,2024-06-10T06:30Z,125
2024-06-10T06:30Z,2024-06-10T07:00Z,119
2024-06-10T07:00Z,2024-06-10T07:30Z,113
2024-06-10T07:30Z,2024-06-10T08:00Z,105
2024-06-10T08:00Z,2024-06-10T08:30Z,95
2024-06-10T08:30Z,2024-06-10T09:00Z,77
2024-06-10T09:00Z,2024-06-10T09:30Z,64
2024-06-10T09:30Z,2024-06-10T10:00Z,63
2024-06-10T10:00Z,2024-06-10T10:30Z,59
2024-06-10T10:30Z,2024-06-10T11:00Z,60
2024-06-10T11:00Z,2024-06-10T11:30Z,55
2024-06-10T11:30Z,2024-06-10T12:00Z,59
2024-06-10T12:00Z,2024-06-10T12:30Z,56
2024-06-10T12:30Z,2024-06-10T13:00Z,58
2024-06-10T13:00Z,2024-06-10T13:30Z,59
2024-06-10T13:30Z,2024-06-10T14:00Z,58
2024-06-10T14:00Z,2024-06-10T14:30Z,67
2024-06-10T14:30Z,2024-06-10T15:00Z,65
2024-06-10T15:00Z,2024-06-10T15:30Z,64
2024-06-10T15:30Z,2024-06-10T16:00Z,79
2024-06-10T16:00Z,2024-06-10T16:30Z,88
2024-06-10T16:30Z,2024-06-10T17:00Z,96
2024-06-10T17:00Z,2024-06-10T17:30Z,107
2024-06-10T17:30Z,2024-06-10T18:00Z,120
2024-06-10T18:00Z,2024-06-10T18:30Z,129
2024-06-10T18:30Z,2024-06-10T19:00Z,124
2024-06-10T19:00Z,2024-06-10T19:30Z,131
2024-06-10T19:30Z,2024-06-10T20:00Z,142
2024-06-10T20:00Z,2024-06-10T20:30Z,137
2024-06-10T20:30Z,2024-06-10T21:00Z,144
2024-06-10T21:00Z,2024-06-10T21:30Z,151
2024-06-10T21:30Z,2024-06-10T22:00Z,147
2024-06-10T22:00Z,2024-06-10T22:30Z,145
2024-06-10T22:30Z,2024-06-10T23:00Z,145
2024-06-10T23:00Z,2024-06-10T23:30Z,141
2024-06-10T23:30Z,2024-06-11T00:00Z,138
2024-06-11T00:00Z,2024-06-11T00:30Z,137
2024-06-11T00:30Z,2024-06-11T01:00Z,140
2024-06-11T01:00Z,2024-06-11T01:30Z,140
2024-06-11T01:30Z,2024-06-11T02:00Z,147
2024-06-11T02:00Z,2024-06-11T02:30Z,150
2024-06-11T02:30Z,2024-06-11T03:00Z,152
2024-06-11T03:00Z,2024-06-11T03:30Z,151
2024-06-11T03:30Z,2024-06-11T04:00Z,152
2024-06-11T04:00Z,2024-06-11T04:30Z,153
2024-06-11T04:30Z,2024-06-11T05:00Z,153
2024-06-11T05:00Z,2024-06-11T05:30Z,138
2024-06-11T05:30Z,2024-06-11T06:00Z,134
2024-06-11T06:00Z,2024-06-11T06:30Z,130
2024-06-11T06:30Z,2024-06-11T07:00Z,121
2024-06-11T07:00Z,2024-06-11T07:30Z,107
2024-06-11T07:30Z,2024-06-11T08:00Z,93
2024-06-11T08:00Z,2024-06-11T08:30Z,79
2024-06-11T08:30Z,2024-06-11T09:00Z,77
2024-06-11T09:00Z,2024-06-11T09:30Z,76
2024-06-11T09:30Z,2024-06-11T10:00Z,72
2024-06-11T10:00Z,2024-06-11T10:30Z,75
2024-06-11T10:30Z,2024-06-11T11:00Z,78
2024-06-11T11:00Z,2024-06-11T11:30Z,75
2024-06-11T11:30Z,2024-06-11T12:00Z,69
2024-06-11T12:00Z,2024-06-11T12:30Z,75
2024-06-11T12:30Z,2024-06-11T13:00Z,68
2024-06-11T13:00Z,2024-06-11T13:30Z,69
2024-06-11T13:30Z,2024-06-11T14:00Z,73
2024-06-11T14:00Z,2024-06-11T14:30Z,81
2024-06-11T14:30Z,2024-06-11T15:00Z,89
2024-06-11T15:00Z,2024-06-11T15:30Z,107
2024-06-11T15:30Z,2024-06-11T16:00Z,125
2024-06-11T16:00Z,2024-06-11T16:30Z,158
2024-06-11T16:30Z,2024-06-11T17:00Z,180
2024-06-11T17:00Z,2024-06-11T17:30Z,168
2024-06-11T17:30Z,2024-06-11T18:00Z,175
2024-06-11T18:00Z,2024-06-11T18:30Z,180
2024-06-11T18:30Z,2024-06-11T19:00Z,186
2024-06-11T19:00Z,2024-06-11T19:30Z,190
2024-06-11T19:30Z,2024-06-11T20:00Z,208
2024-06-11T20:00Z,2024-06-11T20:30Z,211
2024-06-11T20:30Z,2024-06-11T21:00Z,208
2024-06-11T21:00Z,2024-06-11T21:30Z,219
2024-06-11T21:30Z,2024-06-11T22:00Z,213
2024-06-11T22:00Z,2024-06-11T22:30Z,198
2024-06-11T22:30Z,2024-06-11T23:00Z,264
2024-06-12T10:00Z,2024-06-12T10:30Z,295
2024-06-12T10:30Z,2024-06-12T11:00Z,295
2024-06-12T11:00Z,2024-06-12T11:30Z,304
2024-06-12T11:30Z,2024-06-12T12:00Z,300
2024-06-12T12:00Z,2024-06-12T12:30Z,301
2024-06-12T12:30Z,2024-06-12T13:00Z,281
2024-06-12T13:00Z,2024-06-12T13:30Z,288
2024-06-12T13:30Z,2024-06-12T14:00Z,292
2024-06-12T14:00Z,2024-06-12T14:30Z,300
2024-06-12T14:30Z,2024-06-12T15:00Z,315
2024-06-12T15:00Z,2024-06-12T15:30Z,317
2024-06-12T15:30Z,2024-06-12T16:00Z,323
2024-06-12T16:00Z,2024-06-12T16:30Z,316
2024-06-12T16:30Z,2024-06-12T17:00Z,318
2024-06-12T17:00Z,2024-06-12T17:30Z,319
2024-06-12T17:30Z,2024-06-12T18:00Z,325
2024-06-12T18:00Z,2024-06-12T18:30Z,327
2024-06-12T18:30Z,2024-06-12T19:00Z,331
2024-06-12T19:00Z,2024-06-12T19:30Z,336
2024-06-12T19:30Z,2024-06-12T20:00Z,340
2024-06-12T20:00Z,2024-06-12T20:30Z,336
2024-06-12T20:30Z,2024-06-12T21:00Z,343
2024-06-12T21:00Z,2024-06-12T21:30Z,339
2024-06-12T21:30Z,2024-06-12T22:00Z,331
2024-06-12T22:00Z,2024-06-12T22:30Z,326
2024-06-12T22:30Z,2024-06-12T23:00Z,322
2024-06-12T23:00Z,2024-06-12T23:30Z,316
2024-06-12T23:30Z,2024-06-13T00:00Z,294
2024-06-13T00:00Z,2024-06-13T00:30Z,293
2024-06-13T00:30Z,2024-06-13T01:00Z,297
2024-06-13T01:00Z,2024-06-13T01:30Z,271
2024-06-13T01:30Z,2024-06-13T02:00Z,293
2024-06-13T02:00Z,2024-06-13T02:30Z,296
2024-06-13T02:30Z,2024-06-13T03:00Z,302
2024-06-13T03:00Z,2024-06-13T03:30Z,299
2024-06-13T03:30Z,2024-06-13T04:00Z,298
2024-06-13T04:00Z,2024-06-13T04:30Z,302
2024-06-13T04:30Z,2024-06-13T05:00Z,278
2024-06-13T05:00Z,2024-06-13T05:30Z,300
2024-06-13T05:30Z,2024-06-13T06:00Z,302
2024-06-13T06:00Z,2024-06-13T06:30Z,289
2024-06-13T06:30Z,2024-06-13T07:00Z,267
2024-06-13T07:00Z,2024-06-13T07:30Z,239
2024-06-13T07:30Z,2024-06-13T08:00Z,225
2024-06-13T08:00Z,2024-06-13T08:30Z,208
2024-06-13T08:30Z,2024-06-13T09:00Z,200
2024-06-13T09:00Z,2024-06-13T09:30Z,179
2024-06-13T09:30Z,2024-06-13T10:00Z,160
2024-06-13T10:00Z,2024-06-13T10:30Z,124
2024-06-13T10:30Z,2024-06-13T11:00Z,99
2024-06-13T11:00Z,2024-06-13T11:30Z,96
2024-06-13T11:30Z,2024-06-13T12:00Z,94
2024-06-13T12:00Z,2024-06-13T12:30Z,158
2024-06-13T12:30Z,2024-06-13T13:00Z,147
2024-06-13T13:00Z,2024-06-13T13:30Z,142
2024-06-13T13:30Z,2024-06-13T14:00Z,95
2024-06-13T14:00Z,2024-06-13T14:30Z,99
2024-06-13T14:30Z,2024-06-13T15:00Z,99
2024-06-13T15:00Z,2024-06-13T15:30Z,103
2024-06-13T15:30Z,2024-06-13T16:00Z,146
2024-06-13T16:00Z,2024-06-13T16:30Z,156
2024-06-13T16:30Z,2024-06-13T17:00Z,159
2024-06-13T17:00Z,2024-06-13T17:30Z,148
2024-06-13T17:30Z,2024-06-13T18:00Z,145
2024-06-13T18:00Z,2024-06-13T18:30Z,137
2024-06-13T18:30Z,2024-06-13T19:00Z,140
2024-06-13T19:00Z,2024-06-13T19:30Z,136
2024-06-13T19:30Z,2024-06-13T20:00Z,128
2024-06-13T20:00Z,2024-06-13T20:30Z,106
2024-06-13T20:30Z,2024-06-13T21:00Z,111
2024-06-13T21:00Z,2024-06-13T21:30Z,95
2024-06-13T21:30Z,2024-06-13T22:00Z,73
2024-06-13T22:00Z,2024-06-13T22:30Z,67
2024-06-13T22:30Z,2024-06-13T23:00Z,70
2024-06-13T23:00Z,2024-06-13T23:30Z,69
2024-06-13T23:30Z,2024-06-14T00:00Z,80
2024-06-14T00:00Z,2024-06-14T00:30Z,85
2024-06-14T00:30Z,2024-06-14T01:00Z,96
2024-06-14T01:00Z,2024-06-14T01:30Z,94
2024-06-14T01:30Z,2024-06-14T02:00Z,90
2024-06-14T02:00Z,2024-06-14T02:30Z,89
2024-06-14T02:30Z,2024-06-14T03:00Z,88
2024-06-14T03:00Z,2024-06-14T03:30Z,90
2024-06-14T03:30Z,2024-06-14T04:00Z,89
2024-06-14T04:00Z,2024-06-14T04:30Z,95
2024-06-14T04:30Z,2024-06-14T05:00Z,102
2024-06-14T05:00Z,2024-06-14T05:30Z,126
2024-06-14T05:30Z,2024-06-14T06:00Z,121
2024-06-14T06:00Z,2024-06-14T06:30Z,124
2024-06-14T06:30Z,2024-06-14T07:00Z,113
2024-06-14T07:00Z,2024-06-14T07:30Z,123
2024-06-14T07:30Z,2024-06-14T08:00Z,125
2024-06-14T08:00Z,2024-06-14T08:30Z,126
2024-06-14T08:30Z,2024-06-14T09:00Z,122
2024-06-14T09:00Z,2024-06-14T09:30Z,118
2024-06-14T09:30Z,2024-06-14T10:00Z,126
2024-06-14T10:00Z,2024-06-14T10:30Z,129
2024-06-14T10:30Z,2024-06-14T11:00Z,118
2024-06-14T11:00Z,2024-06-14T11:30Z,102
2024-06-14T11:30Z,2024-06-14T12:00Z,87
2024-06-14T12:00Z,2024-06-14T12:30Z,89
2024-06-14T12:30Z,2024-06-14T13:00Z,90
2024-06-14T13:00Z,2024-06-14T13:30Z,83
2024-06-14T13:30Z,2024-06-14T14:00Z,87
2024-06-14T14:00Z,2024-06-14T14:30Z,98
2024-06-14T14:30Z,2024-06-14T15:00Z,103
2024-06-14T15:00Z,2024-06-14T15:30Z,115
2024-06-14T15:30Z,2024-06-14T16:00Z,134
2024-06-14T16:00Z,2024-06-14T16:30Z,157
2024-06-14T16:30Z,2024-06-14T17:00Z,187
2024-06-14T17:00Z,2024-06-14T17:30Z,213
2024-06-14T17:30Z,2024-06-14T18:00Z,225
2024-06-14T18:00Z,2024-06-14T18:30Z,222
2024-06-14T18:30Z,2024-06-14T19:00Z,239
2024-06-14T19:00Z,2024-06-14T19:30Z,251
2024-06-14T19:30Z,2024-06-14T20:00Z,249
2024-06-14T20:00Z,2024-06-14T20:30Z,267
2024-06-14T20:30Z,2024-06-14T21:00Z,259
2024-06-14T21:00Z,2024-06-14T21:30Z,250
2024-06-14T21:30Z,2024-06-14T22:00Z,229
2024-06-14T22:00Z,2024-06-14T22:30Z,217
2024-06-14T22:30Z,2024-06-14T23:00Z,198
2024-06-14T23:00Z,2024-06-14T23:30Z,184
2024-06-14T23:30Z,2024-06-15T00:00Z,162
2024-06-14T23:30Z,2024-06-15T00:00Z,162
2024-06-15T00:00Z,2024-06-15T00:30Z,151
2024-06-15T00:30Z,2024-06-15T01:00Z,150
2024-06-15T01:00Z,2024-06-15T01:30Z,160
2024-06-15T01:30Z,2024-06-15T02:00Z,156
2024-06-15T02:00Z,2024-06-15T02:30Z,164
2024-06-15T02:30Z,2024-06-15T03:00Z,171
2024-06-15T03:00Z,2024-06-15T03:30Z,167
2024-06-15T03:30Z,2024-06-15T04:00Z,163
2024-06-15T04:00Z,2024-06-15T04:30Z,166
2024-06-15T04:30Z,2024-06-15T05:00Z,164
2024-06-15T05:00Z,2024-06-15T05:30Z,148
2024-06-15T05:30Z,2024-06-15T06:00Z,127
2024-06-15T06:00Z,2024-06-15T06:30Z,120
2024-06-15T06:30Z,2024-06-15T07:00Z,117
2024-06-15T07:00Z,2024-06-15T07:30Z,104
2024-06-15T07:30Z,2024-06-15T08:00Z,108
2024-06-15T08:00Z,2024-06-15T08:30Z,107
2024-06-15T08:30Z,2024-06-15T09:00Z,106
2024-06-15T09:00Z,2024-06-15T09:30Z,107
2024-06-15T09:30Z,2024-06-15T10:00Z,139
2024-06-15T10:00Z,2024-06-15T10:30Z,138
2024-06-15T10:30Z,2024-06-15T11:00Z,165
2024-06-15T11:00Z,2024-06-15T11:30Z,176
2024-06-15T11:30Z,2024-06-15T12:00Z,210
2024-06-15T12:00Z,2024-06-15T12:30Z,201
2024-06-15T12:30Z,2024-06-15T13:00Z,178
2024-06-15T13:00Z,2024-06-15T13:30Z,177
2024-06-15T13:30Z,2024-06-15T14:00Z,168
2024-06-15T14:00Z,2024-06-15T14:30Z,177
2024-06-15T14:30Z,2024-06-15T15:00Z,188
2024-06-15T15:00Z,2024-06-15T15:30Z,197
2024-06-15T15:30Z,2024-06-15T16:00Z,202
2024-06-15T16:00Z,2024-06-15T16:30Z,211
2024-06-15T16:30Z,2024-06-15T17:00Z,211
2024-06-15T17:00Z,2024-06-15T17:30Z,211
2024-06-15T17:30Z,2024-06-15T18:00Z,205
2024-06-15T18:00Z,2024-06-15T18:30Z,213
2024-06-15T18:30Z,2024-06-15T19:00Z,221
2024-06-15T19:00Z,2024-06-15T19:30Z,232
2024-06-15T19:30Z,2024-06-15T20:00Z,240
2024-06-15T20:00Z,2024-06-15T20:30Z,239
2024-06-15T20:30Z,2024-06-15T21:00Z,231
2024-06-15T21:00Z,2024-06-15T21:30Z,202
2024-06-15T21:30Z,2024-06-15T22:00Z,174
2024-06-15T22:00Z,2024-06-15T22:30Z,144
2024-06-15T22:30Z,2024-06-15T23:00Z,134
2024-06-15T23:00Z,2024-06-15T23:30Z,137
2024-06-15T23:30Z,2024-06-16T00:00Z,117
2024-06-16T00:00Z,2024-06-16T00:30Z,120
2024-06-16T00:30Z,2024-06-16T01:00Z,125
2024-06-16T01:00Z,2024-06-16T01:30Z,123
2024-06-16T01:30Z,2024-06-16T02:00Z,110
2024-06-16T02:00Z,2024-06-16T02:30Z,107
2024-06-16T02:30Z,2024-06-16T03:00Z,106
2024-06-16T03:00Z,2024-06-16T03:30Z,106
2024-06-16T03:30Z,2024-06-16T04:00Z,104
2024-06-16T04:00Z,2024-06-16T04:30Z,112
2024-06-16T04:30Z,2024-06-16T05:00Z,110
2024-06-16T05:00Z,2024-06-16T05:30Z,107
2024-06-16T05:30Z,2024-06-16T06:00Z,111
2024-06-16T06:00Z,2024-06-16T06:30Z,113
2024-06-16T06:30Z,2024-06-16T07:00Z,110
2024-06-16T07:00Z,2024-06-16T07:30Z,109
2024-06-16T07:30Z,2024-06-16T08:00Z,100
2024-06-16T08:00Z,2024-06-16T08:30Z,93
2024-06-16T08:30Z,2024-06-16T09:00Z,91
2024-06-16T09:00Z,2024-06-16T09:30Z,91
2024-06-16T09:30Z,2024-06-16T10:00Z,94
2024-06-16T10:00Z,2024-06-16T10:30Z,92
2024-06-16T10:30Z,2024-06-16T11:00Z,91
2024-06-16T11:00Z,2024-06-16T11:30Z,87
2024-06-16T11:30Z,2024-06-16T12:00Z,83
2024-06-16T12:00Z,2024-06-16T12:30Z,76
2024-06-16T12:30Z,2024-06-16T13:00Z,81
2024-06-16T13:00Z,2024-06-16T13:30Z,74
2024-06-16T13:30Z,2024-06-16T14:00Z,75
2024-06-16T14:00Z,2024-06-16T14:30Z,75
2024-06-16T14:30Z,2024-06-16T15:00Z,81
2024-06-16T15:00Z,2024-06-16T15:30Z,93
2024-06-16T15:30Z,2024-06-16T16:00Z,103
2024-06-16T16:00Z,2024-06-16T16:30Z,122
2024-06-16T16:30Z,2024-06-16T17:00Z,154
2024-06-16T17:00Z,2024-06-16T17:30Z,162
2024-06-16T17:30Z,2024-06-16T18:00Z,182
2024-06-16T18:00Z,2024-06-16T18:30Z,186
2024-06-16T18:30Z,2024-06-16T19:00Z,191
2024-06-16T19:00Z,2024-06-16T19:30Z,207
2024-06-16T19:30Z,2024-06-16T20:00Z,212
2024-06-16T20:00Z,2024-06-16T20:30Z,211
2024-06-16T20:30Z,2024-06-16T21:00Z,193
2024-06-16T21:00Z,2024-06-16T21:30Z,188
2024-06-16T21:30Z,2024-06-16T22:00Z,154
2024-06-16T22:00Z,2024-06-16T22:30Z,143
2024-06-16T22:30Z,2024-06-16T23:00Z,135
2024-06-16T23:00Z,2024-06-16T23:30Z,130
2024-06-16T23:30Z,2024-06-17T00:00Z,131
2024-06-17T00:00Z,2024-06-17T00:30Z,128
2024-06-17T00:30Z,2024-06-17T01:00Z,137
2024-06-17T01:00Z,2024-06-17T01:30Z,134
2024-06-17T01:30Z,2024-06-17T02:00Z,141
2024-06-17T02:00Z,2024-06-17T02:30Z,139
2024-06-17T02:30Z,2024-06-17T03:00Z,130
2024-06-17T03:00Z,2024-06-17T03:30Z,134
2024-06-17T03:30Z,2024-06-17T04:00Z,141
2024-06-17T04:00Z,2024-06-17T04:30Z,160
2024-06-17T04:30Z,2024-06-17T05:00Z,171
2024-06-17T05:00Z,2024-06-17T05:30Z,200
2024-06-17T05:30Z,2024-06-17T06:00Z,199
2024-06-17T06:00Z,2024-06-17T06:30Z,191
2024-06-17T06:30Z,2024-06-17T07:00Z,198
2024-06-17T07:00Z,2024-06-17T07:30Z,195
2024-06-17T07:30Z,2024-06-17T08:00Z,195
2024-06-17T08:00Z,2024-06-17T08:30Z,187
2024-06-17T08:30Z,2024-06-17T09:00Z,177
2024-06-17T09:00Z,2024-06-17T09:30Z,178
2024-06-17T09:30Z,2024-06-17T10:00Z,173
2024-06-17T10:00Z,2024-06-17T10:30Z,172
2024-06-17T10:30Z,2024-06-17T11:00Z,181
2024-06-17T11:00Z,2024-06-17T11:30Z,179
2024-06-17T11:30Z,2024-06-17T12:00Z,177
2024-06-17T12:00Z,2024-06-17T12:30Z,172
2024-06-17T12:30Z,2024-06-17T13:00Z,181
2024-06-17T13:00Z,2024-06-17T13:30Z,184
2024-06-17T13:30Z,2024-06-17T14:00Z,182
2024-06-17T14:00Z,2024-06-17T14:30Z,184
2024-06-17T14:30Z,2024-06-17T15:00Z,197
2024-06-17T15:00Z,2024-06-17T15:30Z,223
2024-06-17T15:30Z,2024-06-17T16:00Z,237
2024-06-17T16:00Z,2024-06-17T16:30Z,243
2024-06-17T16:30Z,2024-06-17T17:00Z,241
2024-06-17T17:00Z,2024-06-17T17:30Z,250
2024-06-17T17:30Z,2024-06-17T18:00Z,266
2024-06-17T18:00Z,2024-06-17T18:30Z,272
2024-06-17T18:30Z,2024-06-17T19:00Z,273
2024-06-17T19:00Z,2024-06-17T19:30Z,276
2024-06-17T19:30Z,2024-06-17T20:00Z,270
2024-06-17T20:00Z,2024-06-17T20:30Z,278
2024-06-17T20:30Z,2024-06-17T21:00Z,274
2024-06-17T21:00Z,2024-06-17T21:30Z,266
2024-06-17T21:30Z,2024-06-17T22:00Z,254
2024-06-17T22:00Z,2024-06-17T22:30Z,249
2024-06-17T22:30Z,2024-06-17T23:00Z,240
2024-06-17T23:00Z,2024-06-17T23:30Z,228
2024-06-17T23:30Z,2024-06-18T00:00Z,226
2024-06-18T00:00Z,2024-06-18T00:30Z,220
2024-06-18T00:30Z,2024-06-18T01:00Z,212
2024-06-18T01:00Z,2024-06-18T01:30Z,212
2024-06-18T01:30Z,2024-06-18T02:00Z,216
2024-06-18T02:00Z,2024-06-18T02:30Z,230
2024-06-18T02:30Z,2024-06-18T03:00Z,230
2024-06-18T03:00Z,2024-06-18T03:30Z,225
2024-06-18T03:30Z,2024-06-18T04:00Z,227
2024-06-18T04:00Z,2024-06-18T04:30Z,225
2024-06-18T04:30Z,2024-06-18T05:00Z,229
2024-06-18T05:00Z,2024-06-18T05:30Z,220
2024-06-18T05:30Z,2024-06-18T06:00Z,216
2024-06-18T06:00Z,2024-06-18T06:30Z,205
2024-06-18T06:30Z,2024-06-18T07:00Z,199
2024-06-18T07:00Z,2024-06-18T07:30Z,195
2024-06-18T07:30Z,2024-06-18T08:00Z,185
2024-06-18T08:00Z,2024-06-18T08:30Z,252
2024-06-18T08:30Z,2024-06-18T09:00Z,250
2024-06-18T09:00Z,2024-06-18T09:30Z,244
2024-06-18T09:30Z,2024-06-18T10:00Z,241
2024-06-18T10:00Z,2024-06-18T10:30Z,248
2024-06-18T10:30Z,2024-06-18T11:00Z,246
2024-06-18T11:00Z,2024-06-18T11:30Z,250
2024-06-18T11:30Z,2024-06-18T12:00Z,228
2024-06-18T12:00Z,2024-06-18T12:30Z,236
2024-06-18T12:30Z,2024-06-18T13:00Z,243
2024-06-18T13:00Z,2024-06-18T13:30Z,243
2024-06-18T13:30Z,2024-06-18T14:00Z,239
2024-06-18T14:00Z,2024-06-18T14:30Z,239
2024-06-18T14:30Z,2024-06-18T15:00Z,241
2024-06-18T15:00Z,2024-06-18T15:30Z,239
2024-06-18T15:30Z,2024-06-18T16:00Z,243
2024-06-18T16:00Z,2024-06-18T16:30Z,233
2024-06-18T16:30Z,2024-06-18T17:00Z,237
2024-06-18T17:00Z,2024-06-18T17:30Z,226
2024-06-18T17:30Z,2024-06-18T18:00Z,237
2024-06-18T18:00Z,2024-06-18T18:30Z,244
2024-06-18T18:30Z,2024-06-18T19:00Z,257
2024-06-18T19:00Z,2024-06-18T19:30Z,252
2024-06-18T19:30Z,2024-06-18T20:00Z,245
2024-06-18T20:00Z,2024-06-18T20:30Z,245
2024-06-18T20:30Z,2024-06-18T21:00Z,236
2024-06-18T21:00Z,2024-06-18T21:30Z,232
2024-06-18T21:30Z,2024-06-18T22:00Z,216
2024-06-18T22:00Z,2024-06-18T22:30Z,214
2024-06-18T22:30Z,2024-06-18T23:00Z,194
2024-06-18T23:00Z,2024-06-18T23:30Z,177
2024-06-18T23:30Z,2024-06-19T00:00Z,164
2024-06-19T00:00Z,2024-06-19T00:30Z,162
2024-06-19T00:30Z,2024-06-19T01:00Z,172
2024-06-19T01:00Z,2024-06-19T01:30Z,164
2024-06-19T01:30Z,2024-06-19T02:00Z,169
2024-06-19T02:00Z,2024-06-19T02:30Z,178
2024-06-19T02:30Z,2024-06-19T03:00Z,176
2024-06-19T03:00Z,2024-06-19T03:30Z,178
2024-06-19T03:30Z,2024-06-19T04:00Z,182
2024-06-19T04:00Z,2024-06-19T04:30Z,169
2024-06-19T04:30Z,2024-06-19T05:00Z,181
2024-06-19T05:00Z,2024-06-19T05:30Z,192
2024-06-19T05:30Z,2024-06-19T06:00Z,202
2024-06-19T06:00Z,2024-06-19T06:30Z,199
2024-06-19T06:30Z,2024-06-19T07:00Z,213
2024-06-19T07:00Z,2024-06-19T07:30Z,212
2024-06-19T07:30Z,2024-06-19T08:00Z,205
2024-06-19T08:00Z,2024-06-19T08:30Z,209
2024-06-19T08:30Z,2024-06-19T09:00Z,208
2024-06-19T09:00Z,2024-06-19T09:30Z,206
2024-06-19T09:30Z,2024-06-19T10:00Z,207
2024-06-19T10:00Z,2024-06-19T10:30Z,209
2024-06-19T10:30Z,2024-06-19T11:00Z,203
2024-06-19T11:00Z,2024-06-19T11:30Z,208
2024-06-19T11:30Z,2024-06-19T12:00Z,198
2024-06-19T12:00Z,2024-06-19T12:30Z,189
2024-06-19T12:30Z,2024-06-19T13:00Z,177
2024-06-19T13:00Z,2024-06-19T13:30Z,178
2024-06-19T13:30Z,2024-06-19T14:00Z,179
2024-06-19T14:00Z,2024-06-19T14:30Z,187
2024-06-19T14:30Z,2024-06-19T15:00Z,190
2024-06-19T15:00Z,2024-06-19T15:30Z,207
2024-06-19T15:30Z,2024-06-19T16:00Z,223
2024-06-19T16:00Z,2024-06-19T16:30Z,245
2024-06-19T16:30Z,2024-06-19T17:00Z,257
2024-06-19T17:00Z,2024-06-19T17:30Z,274
2024-06-19T17:30Z,2024-06-19T18:00Z,281
2024-06-19T18:00Z,2024-06-19T18:30Z,283
2024-06-19T18:30Z,2024-06-19T19:00Z,290
2024-06-19T19:00Z,2024-06-19T19:30Z,296
2024-06-19T19:30Z,2024-06-19T20:00Z,297
2024-06-19T20:00Z,2024-06-19T20:30Z,298
2024-06-19T20:30Z,2024-06-19T21:00Z,297
2024-06-19T21:00Z,2024-06-19T21:30Z,290
2024-06-19T21:30Z,2024-06-19T22:00Z,271
2024-06-19T22:00Z,2024-06-19T22:30Z,249
2024-06-19T22:30Z,2024-06-19T23:00Z,242
2024-06-19T23:00Z,2024-06-19T23:30Z,232
2024-06-19T23:30Z,2024-06-20T00:00Z,224
2024-06-20T00:00Z,2024-06-20T00:30Z,225
2024-06-20T00:30Z,2024-06-20T01:00Z,217
2024-06-20T01:00Z,2024-06-20T01:30Z,212
2024-06-20T01:30Z,2024-06-20T02:00Z,204
2024-06-20T02:00Z,2024-06-20T02:30Z,208
2024-06-20T02:30Z,2024-06-20T03:00Z,221
2024-06-20T03:00Z,2024-06-20T03:30Z,221
2024-06-20T03:30Z,2024-06-20T04:00Z,218
2024-06-20T04:00Z,2024-06-20T04:30Z,230
2024-06-20T04:30Z,2024-06-20T05:00Z,241
2024-06-20T05:00Z,2024-06-20T05:30Z,260
2024-06-20T05:30Z,2024-06-20T06:00Z,264
2024-06-20T06:00Z,2024-06-20T06:30Z,261
2024-06-20T06:30Z,2024-06-20T07:00Z,254
2024-06-20T07:00Z,2024-06-20T07:30Z,247
2024-06-20T07:30Z,2024-06-20T08:00Z,240
2024-06-20T08:00Z,2024-06-20T08:30Z,221
2024-06-20T08:30Z,2024-06-20T09:00Z,211
2024-06-20T09:00Z,2024-06-20T09:30Z,202
2024-06-20T09:30Z,2024-06-20T10:00Z,191
2024-06-20T10:00Z,2024-06-20T10:30Z,183
2024-06-20T10:30Z,2024-06-20T11:00Z,180
2024-06-20T11:00Z,2024-06-20T11:30Z,189
2024-06-20T11:30Z,2024-06-20T12:00Z,185
2024-06-20T12:00Z,2024-06-20T12:30Z,183
2024-06-20T12:30Z,2024-06-20T13:00Z,181
2024-06-20T13:00Z,2024-06-20T13:30Z,196
2024-06-20T13:30Z,2024-06-20T14:00Z,192
2024-06-20T14:00Z,2024-06-20T14:30Z,202
2024-06-20T14:30Z,2024-06-20T15:00Z,201
2024-06-20T15:00Z,2024-06-20T15:30Z,219
2024-06-20T15:30Z,2024-06-20T16:00Z,233
2024-06-20T16:00Z,2024-06-20T16:30Z,233
2024-06-20T16:30Z,2024-06-20T17:00Z,233
2024-06-20T17:00Z,2024-06-20T17:30Z,237
2024-06-20T17:30Z,2024-06-20T18:00Z,225
2024-06-20T18:00Z,2024-06-20T18:30Z,229
2024-06-20T18:30Z,2024-06-20T19:00Z,225
2024-06-20T19:00Z,2024-06-20T19:30Z,234
2024-06-20T19:30Z,2024-06-20T20:00Z,238
2024-06-20T20:00Z,2024-06-20T20:30Z,240
2024-06-20T20:30Z,2024-06-20T21:00Z,240
2024-06-20T21:00Z,2024-06-20T21:30Z,238
2024-06-20T21:30Z,2024-06-20T22:00Z,224
2024-06-20T22:00Z,2024-06-20T22:30Z,216
2024-06-20T22:30Z,2024-06-20T23:00Z,222
2024-06-20T23:00Z,2024-06-20T23:30Z,213
2024-06-20T23:30Z,2024-06-21T00:00Z,207
2024-06-21T00:00Z,2024-06-21T00:30Z,196
2024-06-21T00:30Z,2024-06-21T01:00Z,198
2024-06-21T01:00Z,2024-06-21T01:30Z,186
2024-06-21T01:30Z,2024-06-21T02:00Z,178
2024-06-21T02:00Z,2024-06-21T02:30Z,172
2024-06-21T02:30Z,2024-06-21T03:00Z,170
2024-06-21T03:00Z,2024-06-21T03:30Z,169
2024-06-21T03:30Z,2024-06-21T04:00Z,171
2024-06-21T04:00Z,2024-06-21T04:30Z,178
2024-06-21T04:30Z,2024-06-21T05:00Z,182
2024-06-21T05:00Z,2024-06-21T05:30Z,186
2024-06-21T05:30Z,2024-06-21T06:00Z,181
2024-06-21T06:00Z,2024-06-21T06:30Z,177
2024-06-21T06:30Z,2024-06-21T07:00Z,178
2024-06-21T07:00Z,2024-06-21T07:30Z,174
2024-06-21T07:30Z,2024-06-21T08:00Z,160
2024-06-21T08:00Z,2024-06-21T08:30Z,143
2024-06-21T08:30Z,2024-06-21T09:00Z,129
2024-06-21T09:00Z,2024-06-21T09:30Z,121
2024-06-21T09:30Z,2024-06-21T10:00Z,118
2024-06-21T10:00Z,2024-06-21T10:30Z,112
2024-06-21T10:30Z,2024-06-21T11:00Z,115
2024-06-21T11:00Z,2024-06-21T11:30Z,106
2024-06-21T11:30Z,2024-06-21T12:00Z,106
2024-06-21T12:00Z,2024-06-21T12:30Z,105
2024-06-21T12:30Z,2024-06-21T13:00Z,99
2024-06-21T13:00Z,2024-06-21T13:30Z,94
2024-06-21T13:30Z,2024-06-21T14:00Z,86
2024-06-21T14:00Z,2024-06-21T14:30Z,92
2024-06-21T14:30Z,2024-06-21T15:00Z,102
2024-06-21T15:00Z,2024-06-21T15:30Z,121
2024-06-21T15:30Z,2024-06-21T16:00Z,143
2024-06-21T16:00Z,2024-06-21T16:30Z,161
2024-06-21T16:30Z,2024-06-21T17:00Z,173
2024-06-21T17:00Z,2024-06-21T17:30Z,176
2024-06-21T17:30Z,2024-06-21T18:00Z,177
2024-06-21T18:00Z,2024-06-21T18:30Z,186
2024-06-21T18:30Z,2024-06-21T19:00Z,190
2024-06-21T19:00Z,2024-06-21T19:30Z,194
2024-06-21T19:30Z,2024-06-21T20:00Z,199
2024-06-21T20:00Z,2024-06-21T20:30Z,206
2024-06-21T20:30Z,2024-06-21T21:00Z,207
2024-06-21T21:00Z,2024-06-21T21:30Z,194
2024-06-21T21:30Z,2024-06-21T22:00Z,181
2024-06-21T22:00Z,2024-06-21T22:30Z,165
2024-06-21T22:30Z,2024-06-21T23:00Z,138
2024-06-21T23:00Z,2024-06-21T23:30Z,132
2024-06-21T23:30Z,2024-06-22T00:00Z,135
2024-06-22T00:00Z,2024-06-22T00:30Z,142
2024-06-22T00:30Z,2024-06-22T01:00Z,143
2024-06-22T01:00Z,2024-06-22T01:30Z,140
2024-06-22T01:30Z,2024-06-22T02:00Z,125
2024-06-22T02:00Z,2024-06-22T02:30Z,126
2024-06-22T02:30Z,2024-06-22T03:00Z,126
2024-06-22T03:00Z,2024-06-22T03:30Z,131
2024-06-22T03:30Z,2024-06-22T04:00Z,132
2024-06-22T04:00Z,2024-06-22T04:30Z,133
2024-06-22T04:30Z,2024-06-22T05:00Z,136
2024-06-22T05:00Z,2024-06-22T05:30Z,146
2024-06-22T05:30Z,2024-06-22T06:00Z,162
2024-06-22T06:00Z,2024-06-22T06:30Z,175
2024-06-22T06:30Z,2024-06-22T07:00Z,184
2024-06-22T07:00Z,2024-06-22T07:30Z,193
2024-06-22T07:30Z,2024-06-22T08:00Z,192
2024-06-22T08:00Z,2024-06-22T08:30Z,193
2024-06-22T08:30Z,2024-06-22T09:00Z,187
2024-06-22T09:00Z,2024-06-22T09:30Z,178
2024-06-22T09:30Z,2024-06-22T10:00Z,173
2024-06-22T10:00Z,2024-06-22T10:30Z,159
2024-06-22T10:30Z,2024-06-22T11:00Z,156
2024-06-22T11:00Z,2024-06-22T11:30Z,134
2024-06-22T11:30Z,2024-06-22T12:00Z,128
2024-06-22T12:00Z,2024-06-22T12:30Z,104
2024-06-22T12:30Z,2024-06-22T13:00Z,95
2024-06-22T13:00Z,2024-06-22T13:30Z,89
2024-06-22T13:30Z,2024-06-22T14:00Z,93
2024-06-22T14:00Z,2024-06-22T14:30Z,90
2024-06-22T14:30Z,2024-06-22T15:00Z,95
2024-06-22T15:00Z,2024-06-22T15:30Z,101
2024-06-22T15:30Z,2024-06-22T16:00Z,113
2024-06-22T16:00Z,2024-06-22T16:30Z,142
2024-06-22T16:30Z,2024-06-22T17:00Z,147
2024-06-22T17:00Z,2024-06-22T17:30Z,175
2024-06-22T17:30Z,2024-06-22T18:00Z,194
2024-06-22T18:00Z,2024-06-22T18:30Z,208
2024-06-22T18:30Z,2024-06-22T19:00Z,217
2024-06-22T19:00Z,2024-06-22T19:30Z,222
2024-06-22T19:30Z,2024-06-22T20:00Z,228
2024-06-22T20:00Z,2024-06-22T20:30Z,232
2024-06-22T20:30Z,2024-06-22T21:00Z,230
2024-06-22T21:00Z,2024-06-22T21:30Z,210
2024-06-22T21:30Z,2024-06-22T22:00Z,184
2024-06-22T22:00Z,2024-06-22T22:30Z,165
2024-06-22T22:30Z,2024-06-22T23:00Z,159
2024-06-22T23:00Z,2024-06-22T23:30Z,159
2024-06-22T23:30Z,2024-06-23T00:00Z,161
2024-06-23T00:00Z,2024-06-23T00:30Z,164
2024-06-23T00:30Z,2024-06-23T01:00Z,158
2024-06-23T01:00Z,2024-06-23T01:30Z,146
2024-06-23T01:30Z,2024-06-23T02:00Z,147
2024-06-23T02:00Z,2024-06-23T02:30Z,147
2024-06-23T02:30Z,2024-06-23T03:00Z,145
2024-06-23T03:00Z,2024-06-23T03:30Z,147
2024-06-23T03:30Z,2024-06-23T04:00Z,145
2024-06-23T04:00Z,2024-06-23T04:30Z,145
2024-06-23T04:30Z,2024-06-23T05:00Z,141
2024-06-23T05:00Z,2024-06-23T05:30Z,149
2024-06-23T05:30Z,2024-06-23T06:00Z,153
2024-06-23T06:00Z,2024-06-23T06:30Z,148
2024-06-23T06:30Z,2024-06-23T07:00Z,128
2024-06-23T07:00Z,2024-06-23T07:30Z,126
2024-06-23T07:30Z,2024-06-23T08:00Z,124
2024-06-23T08:00Z,2024-06-23T08:30Z,129
2024-06-23T08:30Z,2024-06-23T09:00Z,138
2024-06-23T09:00Z,2024-06-23T09:30Z,143
2024-06-23T09:30Z,2024-06-23T10:00Z,148
2024-06-23T10:00Z,2024-06-23T10:30Z,159
2024-06-23T10:30Z,2024-06-23T11:00Z,155
2024-06-23T11:00Z,2024-06-23T11:30Z,153
2024-06-23T11:30Z,2024-06-23T12:00Z,150
2024-06-23T12:00Z,2024-06-23T12:30Z,153
2024-06-23T12:30Z,2024-06-23T13:00Z,160
2024-06-23T13:00Z,2024-06-23T13:30Z,140
2024-06-23T13:30Z,2024-06-23T14:00Z,145
2024-06-23T14:00Z,2024-06-23T14:30Z,158
2024-06-23T14:30Z,2024-06-23T15:00Z,169
2024-06-23T15:00Z,2024-06-23T15:30Z,177
2024-06-23T15:30Z,2024-06-23T16:00Z,177
2024-06-23T16:00Z,2024-06-23T16:30Z,183
2024-06-23T16:30Z,2024-06-23T17:00Z,187
2024-06-23T17:00Z,2024-06-23T17:30Z,193
2024-06-23T17:30Z,2024-06-23T18:00Z,202
2024-06-23T18:00Z,2024-06-23T18:30Z,212
2024-06-23T18:30Z,2024-06-23T19:00Z,220
2024-06-23T19:00Z,2024-06-23T19:30Z,222
2024-06-23T19:30Z,2024-06-23T20:00Z,231
2024-06-23T20:00Z,2024-06-23T20:30Z,233
2024-06-23T20:30Z,2024-06-23T21:00Z,229
2024-06-23T21:00Z,2024-06-23T21:30Z,217
2024-06-23T21:30Z,2024-06-23T22:00Z,198
2024-06-23T22:00Z,2024-06-23T22:30Z,175
2024-06-23T22:30Z,2024-06-23T23:00Z,168
2024-06-23T23:00Z,2024-06-23T23:30Z,163
2024-06-23T23:30Z,2024-06-24T00:00Z,183
2024-06-24T00:00Z,2024-06-24T00:30Z,183
2024-06-24T00:30Z,2024-06-24T01:00Z,181
2024-06-24T01:00Z,2024-06-24T01:30Z,186
2024-06-24T01:30Z,2024-06-24T02:00Z,186
2024-06-24T02:00Z,2024-06-24T02:30Z,187
2024-06-24T02:30Z,2024-06-24T03:00Z,194
2024-06-24T03:00Z,2024-06-24T03:30Z,193
2024-06-24T03:30Z,2024-06-24T04:00Z,201
2024-06-24T04:00Z,2024-06-24T04:30Z,218
2024-06-24T04:30Z,2024-06-24T05:00Z,230
2024-06-24T05:00Z,2024-06-24T05:30Z,239
2024-06-24T05:30Z,2024-06-24T06:00Z,230
2024-06-24T06:00Z,2024-06-24T06:30Z,238
2024-06-24T06:30Z,2024-06-24T07:00Z,228
2024-06-24T07:00Z,2024-06-24T07:30Z,220
2024-06-24T07:30Z,2024-06-24T08:00Z,212
2024-06-24T08:00Z,2024-06-24T08:30Z,210
2024-06-24T08:30Z,2024-06-24T09:00Z,207
2024-06-24T09:00Z,2024-06-24T09:30Z,204
2024-06-24T09:30Z,2024-06-24T10:00Z,204
2024-06-24T10:00Z,2024-06-24T10:30Z,203
2024-06-24T10:30Z,2024-06-24T11:00Z,201
2024-06-24T11:00Z,2024-06-24T11:30Z,200
2024-06-24T11:30Z,2024-06-24T12:00Z,199
2024-06-24T12:00Z,2024-06-24T12:30Z,199
2024-06-24T12:30Z,2024-06-24T13:00Z,199
2024-06-24T13:00Z,2024-06-24T13:30Z,201
2024-06-24T13:30Z,2024-06-24T14:00Z,205
2024-06-24T14:00Z,2024-06-24T14:30Z,198
2024-06-24T14:30Z,2024-06-24T15:00Z,199
2024-06-24T15:00Z,2024-06-24T15:30Z,199
2024-06-24T15:30Z,2024-06-24T16:00Z,199
2024-06-24T16:00Z,2024-06-24T16:30Z,197
2024-06-24T16:30Z,2024-06-24T17:00Z,198
2024-06-24T17:00Z,2024-06-24T17:30Z,201
2024-06-24T17:30Z,2024-06-24T18:00Z,200
2024-06-24T18:00Z,2024-06-24T18:30Z,199
2024-06-24T18:30Z,2024-06-24T19:00Z,201
2024-06-24T19:00Z,2024-06-24T19:30Z,199
2024-06-24T19:30Z,2024-06-24T20:00Z,198
2024-06-24T20:00Z,2024-06-24T20:30Z,201
2024-06-24T20:30Z,2024-06-24T21:00Z,205
2024-06-24T21:00Z,2024-06-24T21:30Z,206
2024-06-24T21:30Z,2024-06-24T22:00Z,204
2024-06-24T22:00Z,2024-06-24T22:30Z,203
2024-06-24T22:30Z,2024-06-24T23:00Z,201
2024-06-24T23:00Z,2024-06-24T23:30Z,202
2024-06-24T23:30Z,2024-06-25T00:00Z,202
2024-06-25T00:00Z,2024-06-25T00:30Z,206
2024-06-25T00:30Z,2024-06-25T01:00Z,223
2024-06-25T01:00Z,2024-06-25T01:30Z,224
2024-06-25T01:30Z,2024-06-25T02:00Z,224
2024-06-25T02:00Z,2024-06-25T02:30Z,227
2024-06-25T02:30Z,2024-06-25T03:00Z,239
2024-06-25T03:00Z,2024-06-25T03:30Z,245
2024-06-25T03:30Z,2024-06-25T04:00Z,261
2024-06-25T04:00Z,2024-06-25T04:30Z,271
2024-06-25T04:30Z,2024-06-25T05:00Z,275
2024-06-25T05:00Z,2024-06-25T05:30Z,270
2024-06-25T05:30Z,2024-06-25T06:00Z,257
2024-06-25T06:00Z,2024-06-25T06:30Z,254
2024-06-25T06:30Z,2024-06-25T07:00Z,246
2024-06-25T07:00Z,2024-06-25T07:30Z,234
2024-06-25T07:30Z,2024-06-25T08:00Z,227
2024-06-25T08:00Z,2024-06-25T08:30Z,227
2024-06-25T08:30Z,2024-06-25T09:00Z,217
2024-06-25T09:00Z,2024-06-25T09:30Z,202
2024-06-25T09:30Z,2024-06-25T10:00Z,189
2024-06-25T10:00Z,2024-06-25T10:30Z,185
2024-06-25T10:30Z,2024-06-25T11:00Z,183
2024-06-25T11:00Z,2024-06-25T11:30Z,185
2024-06-25T11:30Z,2024-06-25T12:00Z,186
2024-06-25T12:00Z,2024-06-25T12:30Z,187
2024-06-25T12:30Z,2024-06-25T13:00Z,195
2024-06-25T13:00Z,2024-06-25T13:30Z,196
2024-06-25T13:30Z,2024-06-25T14:00Z,194
2024-06-25T14:00Z,2024-06-25T14:30Z,200
2024-06-25T14:30Z,2024-06-25T15:00Z,203
2024-06-25T15:00Z,2024-06-25T15:30Z,210
2024-06-25T15:30Z,2024-06-25T16:00Z,223
2024-06-25T16:00Z,2024-06-25T16:30Z,231
2024-06-25T16:30Z,2024-06-25T17:00Z,246
2024-06-25T17:00Z,2024-06-25T17:30Z,252
2024-06-25T17:30Z,2024-06-25T18:00Z,254
2024-06-25T18:00Z,2024-06-25T18:30Z,255
2024-06-25T18:30Z,2024-06-25T19:00Z,259
2024-06-25T19:00Z,2024-06-25T19:30Z,266
2024-06-25T19:30Z,2024-06-25T20:00Z,267
2024-06-25T20:00Z,2024-06-25T20:30Z,272
2024-06-25T20:30Z,2024-06-25T21:00Z,274
2024-06-25T21:00Z,2024-06-25T21:30Z,270
2024-06-25T21:30Z,2024-06-25T22:00Z,261
2024-06-25T22:00Z,2024-06-25T22:30Z,260
2024-06-25T22:30Z,2024-06-25T23:00Z,265
2024-06-25T23:00Z,2024-06-25T23:30Z,275
2024-06-25T23:30Z,2024-06-26T00:00Z,277
2024-06-26T00:00Z,2024-06-26T00:30Z,274
2024-06-26T00:30Z,2024-06-26T01:00Z,269
2024-06-26T01:00Z,2024-06-26T01:30Z,272
2024-06-26T01:30Z,2024-06-26T02:00Z,264
2024-06-26T02:00Z,2024-06-26T02:30Z,265
2024-06-26T02:30Z,2024-06-26T03:00Z,267
2024-06-26T03:00Z,2024-06-26T03:30Z,268
2024-06-26T03:30Z,2024-06-26T04:00Z,270
2024-06-26T04:00Z,2024-06-26T04:30Z,274
2024-06-26T04:30Z,2024-06-26T05:00Z,273
2024-06-26T05:00Z,2024-06-26T05:30Z,275
2024-06-26T05:30Z,2024-06-26T06:00Z,255
2024-06-26T06:00Z,2024-06-26T06:30Z,250
2024-06-26T06:30Z,2024-06-26T07:00Z,231
2024-06-26T07:00Z,2024-06-26T07:30Z,224
2024-06-26T07:30Z,2024-06-26T08:00Z,208
2024-06-26T08:00Z,2024-06-26T08:30Z,212
2024-06-26T08:30Z,2024-06-26T09:00Z,203
2024-06-26T09:00Z,2024-06-26T09:30Z,196
2024-06-26T09:30Z,2024-06-26T10:00Z,193
2024-06-26T10:00Z,2024-06-26T10:30Z,185
2024-06-26T10:30Z,2024-06-26T11:00Z,192
2024-06-26T11:00Z,2024-06-26T11:30Z,176
2024-06-26T11:30Z,2024-06-26T12:00Z,180
2024-06-26T12:00Z,2024-06-26T12:30Z,174
2024-06-26T12:30Z,2024-06-26T13:00Z,187
2024-06-26T13:00Z,2024-06-26T13:30Z,184
2024-06-26T13:30Z,2024-06-26T14:00Z,205
2024-06-26T14:00Z,2024-06-26T14:30Z,206
2024-06-26T14:30Z,2024-06-26T15:00Z,227
2024-06-26T15:00Z,2024-06-26T15:30Z,232
2024-06-26T15:30Z,2024-06-26T16:00Z,264
2024-06-26T16:00Z,2024-06-26T16:30Z,257
2024-06-26T16:30Z,2024-06-26T17:00Z,277
2024-06-26T17:00Z,2024-06-26T17:30Z,283
2024-06-26T17:30Z,2024-06-26T18:00Z,294
2024-06-26T18:00Z,2024-06-26T18:30Z,299
2024-06-26T18:30Z,2024-06-26T19:00Z,300
2024-06-26T19:00Z,2024-06-26T19:30Z,305
2024-06-26T19:30Z,2024-06-26T20:00Z,292
2024-06-26T20:00Z,2024-06-26T20:30Z,295
2024-06-26T20:30Z,2024-06-26T21:00Z,288
2024-06-26T21:00Z,2024-06-26T21:30Z,273
2024-06-26T21:30Z,2024-06-26T22:00Z,257
2024-06-26T22:00Z,2024-06-26T22:30Z,232
2024-06-26T22:30Z,2024-06-26T23:00Z,213
2024-06-26T23:00Z,2024-06-26T23:30Z,192
2024-06-26T23:30Z,2024-06-27T00:00Z,183
2024-06-27T00:00Z,2024-06-27T00:30Z,180
2024-06-27T00:30Z,2024-06-27T01:00Z,181
2024-06-27T01:00Z,2024-06-27T01:30Z,172
2024-06-27T01:30Z,2024-06-27T02:00Z,184
2024-06-27T02:00Z,2024-06-27T02:30Z,182
2024-06-27T02:30Z,2024-06-27T03:00Z,193
2024-06-27T03:00Z,2024-06-27T03:30Z,198
2024-06-27T03:30Z,2024-06-27T04:00Z,211
2024-06-27T04:00Z,2024-06-27T04:30Z,210
2024-06-27T04:30Z,2024-06-27T05:00Z,211
2024-06-27T05:00Z,2024-06-27T05:30Z,208
2024-06-27T05:30Z,2024-06-27T06:00Z,203
2024-06-27T06:00Z,2024-06-27T06:30Z,208
2024-06-27T06:30Z,2024-06-27T07:00Z,192
2024-06-27T07:00Z,2024-06-27T07:30Z,182
2024-06-27T07:30Z,2024-06-27T08:00Z,163
2024-06-27T08:00Z,2024-06-27T08:30Z,144
2024-06-27T08:30Z,2024-06-27T09:00Z,139
2024-06-27T09:00Z,2024-06-27T09:30Z,119
2024-06-27T09:30Z,2024-06-27T10:00Z,110
2024-06-27T10:00Z,2024-06-27T10:30Z,109
2024-06-27T10:30Z,2024-06-27T11:00Z,107
2024-06-27T11:00Z,2024-06-27T11:30Z,88
2024-06-27T11:30Z,2024-06-27T12:00Z,81
2024-06-27T12:00Z,2024-06-27T12:30Z,79
2024-06-27T12:30Z,2024-06-27T13:00Z,87
2024-06-27T13:00Z,2024-06-27T13:30Z,87
2024-06-27T13:30Z,2024-06-27T14:00Z,89
2024-06-27T14:00Z,2024-06-27T14:30Z,89
2024-06-27T14:30Z,2024-06-27T15:00Z,91
2024-06-27T15:00Z,2024-06-27T15:30Z,100
2024-06-27T15:30Z,2024-06-27T16:00Z,112
2024-06-27T16:00Z,2024-06-27T16:30Z,123
2024-06-27T16:30Z,2024-06-27T17:00Z,130
2024-06-27T17:00Z,2024-06-27T17:30Z,140
2024-06-27T17:30Z,2024-06-27T18:00Z,147
2024-06-27T18:00Z,2024-06-27T18:30Z,149
2024-06-27T18:30Z,2024-06-27T19:00Z,150
2024-06-27T19:00Z,2024-06-27T19:30Z,155
2024-06-27T19:30Z,2024-06-27T20:00Z,158
2024-06-27T20:00Z,2024-06-27T20:30Z,158
2024-06-27T20:30Z,2024-06-27T21:00Z,151
2024-06-27T21:00Z,2024-06-27T21:30Z,133
2024-06-27T21:30Z,2024-06-27T22:00Z,125
2024-06-27T22:00Z,2024-06-27T22:30Z,111
2024-06-27T22:30Z,2024-06-27T23:00Z,115
2024-06-27T23:00Z,2024-06-27T23:30Z,108
2024-06-27T23:30Z,2024-06-28T00:00Z,115
2024-06-27T23:30Z,2024-06-28T00:00Z,115
2024-06-28T00:00Z,2024-06-28T00:30Z,111
2024-06-28T00:30Z,2024-06-28T01:00Z,107
2024-06-28T01:00Z,2024-06-28T01:30Z,103
2024-06-28T01:30Z,2024-06-28T02:00Z,92
2024-06-28T02:00Z,2024-06-28T02:30Z,95
2024-06-28T02:30Z,2024-06-28T03:00Z,97
2024-06-28T03:00Z,2024-06-28T03:30Z,97
2024-06-28T03:30Z,2024-06-28T04:00Z,107
2024-06-28T04:00Z,2024-06-28T04:30Z,123
2024-06-28T04:30Z,2024-06-28T05:00Z,125
2024-06-28T05:00Z,2024-06-28T05:30Z,132
2024-06-28T05:30Z,2024-06-28T06:00Z,127
2024-06-28T06:00Z,2024-06-28T06:30Z,132
2024-06-28T06:30Z,2024-06-28T07:00Z,137
2024-06-28T07:00Z,2024-06-28T07:30Z,133
2024-06-28T07:30Z,2024-06-28T08:00Z,117
2024-06-28T08:00Z,2024-06-28T08:30Z,119
2024-06-28T08:30Z,2024-06-28T09:00Z,109
2024-06-28T09:00Z,2024-06-28T09:30Z,110
2024-06-28T09:30Z,2024-06-28T10:00Z,99
2024-06-28T10:00Z,2024-06-28T10:30Z,98
2024-06-28T10:30Z,2024-06-28T11:00Z,94
2024-06-28T11:00Z,2024-06-28T11:30Z,93
2024-06-28T11:30Z,2024-06-28T12:00Z,94
2024-06-28T12:00Z,2024-06-28T12:30Z,92
2024-06-28T12:30Z,2024-06-28T13:00Z,100
2024-06-28T13:00Z,2024-06-28T13:30Z,100
2024-06-28T13:30Z,2024-06-28T14:00Z,99
2024-06-28T14:00Z,2024-06-28T14:30Z,101
2024-06-28T14:30Z,2024-06-28T15:00Z,101
2024-06-28T15:00Z,2024-06-28T15:30Z,122
2024-06-28T15:30Z,2024-06-28T16:00Z,134
2024-06-28T16:00Z,2024-06-28T16:30Z,141
2024-06-28T16:30Z,2024-06-28T17:00Z,139
2024-06-28T17:00Z,2024-06-28T17:30Z,167
2024-06-28T17:30Z,2024-06-28T18:00Z,184
2024-06-28T18:00Z,2024-06-28T18:30Z,208
2024-06-28T18:30Z,2024-06-28T19:00Z,219
2024-06-28T19:00Z,2024-06-28T19:30Z,224
2024-06-28T19:30Z,2024-06-28T20:00Z,236
2024-06-28T20:00Z,2024-06-28T20:30Z,237
2024-06-28T20:30Z,2024-06-28T21:00Z,234
2024-06-28T21:00Z,2024-06-28T21:30Z,241
2024-06-28T21:30Z,2024-06-28T22:00Z,242
2024-06-28T22:00Z,2024-06-28T22:30Z,236
2024-06-28T22:30Z,2024-06-28T23:00Z,232
2024-06-28T23:00Z,2024-06-28T23:30Z,213
2024-06-28T23:30Z,2024-06-29T00:00Z,211
2024-06-29T00:00Z,2024-06-29T00:30Z,200
2024-06-29T00:30Z,2024-06-29T01:00Z,198
2024-06-29T01:00Z,2024-06-29T01:30Z,190
2024-06-29T01:30Z,2024-06-29T02:00Z,184
2024-06-29T02:00Z,2024-06-29T02:30Z,195
2024-06-29T02:30Z,2024-06-29T03:00Z,201
2024-06-29T03:00Z,2024-06-29T03:30Z,189
2024-06-29T03:30Z,2024-06-29T04:00Z,189
2024-06-29T04:00Z,2024-06-29T04:30Z,184
2024-06-29T04:30Z,2024-06-29T05:00Z,165
2024-06-29T05:00Z,2024-06-29T05:30Z,162
2024-06-29T05:30Z,2024-06-29T06:00Z,145
2024-06-29T06:00Z,2024-06-29T06:30Z,149
2024-06-29T06:30Z,2024-06-29T07:00Z,151
2024-06-29T07:00Z,2024-06-29T07:30Z,158
2024-06-29T07:30Z,2024-06-29T08:00Z,156
2024-06-29T08:00Z,2024-06-29T08:30Z,156
2024-06-29T08:30Z,2024-06-29T09:00Z,151
2024-06-29T09:00Z,2024-06-29T09:30Z,134
2024-06-29T09:30Z,2024-06-29T10:00Z,121
2024-06-29T10:00Z,2024-06-29T10:30Z,112
2024-06-29T10:30Z,2024-06-29T11:00Z,103
2024-06-29T11:00Z,2024-06-29T11:30Z,101
2024-06-29T11:30Z,2024-06-29T12:00Z,95
2024-06-29T12:00Z,2024-06-29T12:30Z,91
2024-06-29T12:30Z,2024-06-29T13:00Z,97
2024-06-29T13:00Z,2024-06-29T13:30Z,100
2024-06-29T13:30Z,2024-06-29T14:00Z,104
2024-06-29T14:00Z,2024-06-29T14:30Z,125
2024-06-29T14:30Z,2024-06-29T15:00Z,142
2024-06-29T15:00Z,2024-06-29T15:30Z,179
2024-06-29T15:30Z,2024-06-29T16:00Z,233
2024-06-29T16:00Z,2024-06-29T16:30Z,256
2024-06-29T16:30Z,2024-06-29T17:00Z,274
2024-06-29T17:00Z,2024-06-29T17:30Z,277
2024-06-29T17:30Z,2024-06-29T18:00Z,275
2024-06-29T18:00Z,2024-06-29T18:30Z,280
2024-06-29T18:30Z,2024-06-29T19:00Z,278
2024-06-29T19:00Z,2024-06-29T19:30Z,280
2024-06-29T19:30Z,2024-06-29T20:00Z,282
2024-06-29T20:00Z,2024-06-29T20:30Z,289
2024-06-29T20:30Z,2024-06-29T21:00Z,283
2024-06-29T21:00Z,2024-06-29T21:30Z,265
2024-06-29T21:30Z,2024-06-29T22:00Z,237
2024-06-29T22:00Z,2024-06-29T22:30Z,208
2024-06-29T22:30Z,2024-06-29T23:00Z,208
2024-06-29T23:00Z,2024-06-29T23:30Z,192
2024-06-29T23:30Z,2024-06-30T00:00Z,187
2024-06-30T00:00Z,2024-06-30T00:30Z,177
2024-06-30T00:30Z,2024-06-30T01:00Z,182
2024-06-30T01:00Z,2024-06-30T01:30Z,183
2024-06-30T01:30Z,2024-06-30T02:00Z,193
2024-06-30T02:00Z,2024-06-30T02:30Z,189
2024-06-30T02:30Z,2024-06-30T03:00Z,183
2024-06-30T03:00Z,2024-06-30T03:30Z,179
2024-06-30T03:30Z,2024-06-30T04:00Z,171
2024-06-30T04:00Z,2024-06-30T04:30Z,170
2024-06-30T04:30Z,2024-06-30T05:00Z,175
2024-06-30T05:00Z,2024-06-30T05:30Z,175
2024-06-30T05:30Z,2024-06-30T06:00Z,181
2024-06-30T06:00Z,2024-06-30T06:30Z,164
2024-06-30T06:30Z,2024-06-30T07:00Z,150
2024-06-30T07:00Z,2024-06-30T07:30Z,147
2024-06-30T07:30Z,2024-06-30T08:00Z,143
2024-06-30T08:00Z,2024-06-30T08:30Z,142
2024-06-30T08:30Z,2024-06-30T09:00Z,141
2024-06-30T09:00Z,2024-06-30T09:30Z,146
2024-06-30T09:30Z,2024-06-30T10:00Z,141
2024-06-30T10:00Z,2024-06-30T10:30Z,141
2024-06-30T10:30Z,2024-06-30T11:00Z,131
2024-06-30T11:00Z,2024-06-30T11:30Z,131
2024-06-30T11:30Z,2024-06-30T12:00Z,135
2024-06-30T12:00Z,2024-06-30T12:30Z,136
2024-06-30T12:30Z,2024-06-30T13:00Z,139
2024-06-30T13:00Z,2024-06-30T13:30Z,147
2024-06-30T13:30Z,2024-06-30T14:00Z,169
2024-06-30T14:00Z,2024-06-30T14:30Z,181
2024-06-30T14:30Z,2024-06-30T15:00Z,204
2024-06-30T15:00Z,2024-06-30T15:30Z,219
2024-06-30T15:30Z,2024-06-30T16:00Z,250
2024-06-30T16:00Z,2024-06-30T16:30Z,261
2024-06-30T16:30Z,2024-06-30T17:00Z,265
2024-06-30T17:00Z,2024-06-30T17:30Z,248
2024-06-30T17:30Z,2024-06-30T18:00Z,248
2024-06-30T18:00Z,2024-06-30T18:30Z,253
2024-06-30T18:30Z,2024-06-30T19:00Z,268
2024-06-30T19:00Z,2024-06-30T19:30Z,273
2024-06-30T19:30Z,2024-06-30T20:00Z,280
2024-06-30T20:00Z,2024-06-30T20:30Z,276
2024-06-30T20:30Z,2024-06-30T21:00Z,275
2024-06-30T21:00Z,2024-06-30T21:30Z,262
2024-06-30T21:30Z,2024-06-30T22:00Z,252
2024-06-30T22:00Z,2024-06-30T22:30Z,238
2024-06-30T22:30Z,2024-06-30T23:00Z,226
2024-06-30T23:00Z,2024-06-30T23:30Z,217
2024-06-30T23:30Z,2024-07-01T00:00Z,219